2026-09-28 22:07:26,628 INFO Pipeline pass 1/3
2026-09-28 22:13:44,508 INFO Relation normalization batch size=8 workers=6
2026-09-28 22:13:44,509 INFO Relation normalization request started observation=325
2026-09-28 22:13:44,509 INFO Relation normalization request started observation=326
2026-09-28 22:13:44,510 INFO Relation normalization request started observation=327
2026-09-28 22:13:44,511 INFO Relation normalization request started observation=328
2026-09-28 22:13:44,511 INFO Relation normalization request started observation=329
2026-09-28 22:13:44,512 INFO Relation normalization request started observation=330
2026-09-28 22:13:55,666 INFO Relation normalization request ended observation=329 seconds=11.684
2026-09-28 22:13:55,666 INFO Relation normalization request started observation=331
2026-09-28 22:13:56,075 INFO Relation normalization request ended observation=325 seconds=12.095
2026-09-28 22:13:56,075 INFO Relation normalization request started observation=332
2026-09-28 22:14:06,334 INFO Relation normalization request ended observation=330 seconds=22.351
2026-09-28 22:14:06,633 INFO Relation normalization request ended observation=326 seconds=22.653
2026-09-28 22:14:07,531 INFO Relation normalization request ended observation=327 seconds=23.550
2026-09-28 22:14:11,465 INFO Relation normalization request ended observation=331 seconds=15.798
2026-09-28 22:14:29,936 INFO Relation normalization request ended observation=328 seconds=45.955
2026-09-28 22:14:33,698 INFO Relation normalization request ended observation=332 seconds=37.622
2026-09-28 22:17:33,281 INFO Relation normalization batch size=7 workers=6
2026-09-28 22:17:33,281 INFO Relation normalization request started observation=333
2026-09-28 22:17:33,281 INFO Relation normalization request started observation=334
2026-09-28 22:17:33,282 INFO Relation normalization request started observation=335
2026-09-28 22:17:33,282 INFO Relation normalization request started observation=336
2026-09-28 22:17:33,283 INFO Relation normalization request started observation=337
2026-09-28 22:17:33,283 INFO Relation normalization request started observation=338
2026-09-28 22:17:51,201 INFO Relation normalization request ended observation=337 seconds=17.918
2026-09-28 22:17:51,202 INFO Relation normalization request started observation=339
2026-09-28 22:18:02,418 INFO Relation normalization request ended observation=333 seconds=29.137
2026-09-28 22:18:06,671 INFO Relation normalization request ended observation=335 seconds=33.389
2026-09-28 22:18:18,657 INFO Relation normalization request ended observation=338 seconds=45.374
2026-09-28 22:18:34,759 INFO Relation normalization request ended observation=339 seconds=43.557
2026-09-28 22:18:45,122 INFO Relation normalization request ended observation=336 seconds=71.839
2026-09-28 22:19:43,899 INFO Relation normalization request ended observation=334 seconds=130.618
2026-09-28 22:30:31,334 INFO Relation normalization batch size=15 workers=6
2026-09-28 22:30:31,334 INFO Relation normalization request started observation=340
2026-09-28 22:30:31,334 INFO Relation normalization request started observation=341
2026-09-28 22:30:31,335 INFO Relation normalization request started observation=342
2026-09-28 22:30:31,335 INFO Relation normalization request started observation=343
2026-09-28 22:30:31,336 INFO Relation normalization request started observation=344
2026-09-28 22:30:31,336 INFO Relation normalization request started observation=345
2026-09-28 22:30:39,733 INFO Relation normalization request ended observation=343 seconds=8.398
2026-09-28 22:30:39,733 INFO Relation normalization request started observation=346
2026-09-28 22:30:48,771 INFO Relation normalization request ended observation=345 seconds=17.435
2026-09-28 22:30:48,771 INFO Relation normalization request started observation=347
2026-09-28 22:30:52,012 INFO Relation normalization request ended observation=342 seconds=20.677
2026-09-28 22:30:52,012 INFO Relation normalization request started observation=348
2026-09-28 22:30:55,090 INFO Relation normalization request ended observation=344 seconds=23.754
2026-09-28 22:30:55,090 INFO Relation normalization request started observation=349
2026-09-28 22:31:08,122 INFO Relation normalization request ended observation=348 seconds=16.109
2026-09-28 22:31:08,122 INFO Relation normalization request started observation=350
2026-09-28 22:31:10,987 INFO Relation normalization request ended observation=347 seconds=22.215
2026-09-28 22:31:10,987 INFO Relation normalization request started observation=351
2026-09-28 22:31:11,550 INFO Relation normalization request ended observation=346 seconds=31.816
2026-09-28 22:31:11,550 INFO Relation normalization request started observation=352
2026-09-28 22:31:12,551 INFO Relation normalization request ended observation=349 seconds=17.461
2026-09-28 22:31:12,551 INFO Relation normalization request started observation=353
2026-09-28 22:31:24,607 INFO Relation normalization request ended observation=341 seconds=53.273
2026-09-28 22:31:24,607 INFO Relation normalization request started observation=354
2026-09-28 22:31:33,623 INFO Relation normalization request ended observation=340 seconds=62.289
2026-09-28 22:31:46,383 INFO Relation normalization request ended observation=351 seconds=35.397
2026-09-28 22:31:47,315 INFO Relation normalization request ended observation=352 seconds=35.765
2026-09-28 22:31:58,723 INFO Relation normalization request ended observation=353 seconds=46.172
2026-09-28 22:32:12,618 INFO Relation normalization request ended observation=354 seconds=48.011
2026-09-28 22:32:15,524 INFO Relation normalization request ended observation=350 seconds=67.402
2026-09-28 22:48:32,674 INFO Relation normalization batch size=12 workers=6
2026-09-28 22:48:32,675 INFO Relation normalization request started observation=355
2026-09-28 22:48:32,675 INFO Relation normalization request started observation=356
2026-09-28 22:48:32,675 INFO Relation normalization request started observation=357
2026-09-28 22:48:32,676 INFO Relation normalization request started observation=358
2026-09-28 22:48:32,676 INFO Relation normalization request started observation=359
2026-09-28 22:48:32,676 INFO Relation normalization request started observation=360
2026-09-28 22:48:44,385 INFO Relation normalization request ended observation=359 seconds=11.709
2026-09-28 22:48:44,385 INFO Relation normalization request started observation=361
2026-09-28 22:48:45,536 INFO Relation normalization request ended observation=355 seconds=12.861
2026-09-28 22:48:45,536 INFO Relation normalization request started observation=362
2026-09-28 22:48:45,687 INFO Relation normalization request ended observation=356 seconds=13.012
2026-09-28 22:48:45,688 INFO Relation normalization request started observation=363
2026-09-28 22:49:01,985 INFO Relation normalization request ended observation=363 seconds=16.297
2026-09-28 22:49:01,985 INFO Relation normalization request started observation=364
2026-09-28 22:49:02,135 INFO Relation normalization request ended observation=362 seconds=16.599
2026-09-28 22:49:02,135 INFO Relation normalization request started observation=365
2026-09-28 22:49:06,286 INFO Relation normalization request ended observation=358 seconds=33.610
2026-09-28 22:49:06,286 INFO Relation normalization request started observation=366
2026-09-28 22:49:18,833 INFO Relation normalization request ended observation=360 seconds=46.156
2026-09-28 22:49:22,625 INFO Relation normalization request ended observation=366 seconds=16.339
2026-09-28 22:49:36,187 INFO Relation normalization request ended observation=361 seconds=51.802
2026-09-28 22:49:40,711 INFO Relation normalization request ended observation=357 seconds=68.035
2026-09-28 22:49:43,011 INFO Relation normalization request ended observation=365 seconds=40.875
2026-09-28 22:49:51,382 INFO Relation normalization request ended observation=364 seconds=49.397
2026-09-28 22:56:51,505 INFO Relation normalization batch size=7 workers=6
2026-09-28 22:56:51,505 INFO Relation normalization request started observation=367
2026-09-28 22:56:51,506 INFO Relation normalization request started observation=368
2026-09-28 22:56:51,506 INFO Relation normalization request started observation=369
2026-09-28 22:56:51,506 INFO Relation normalization request started observation=370
2026-09-28 22:56:51,506 INFO Relation normalization request started observation=371
2026-09-28 22:56:51,506 INFO Relation normalization request started observation=372
2026-09-28 22:57:01,521 INFO Relation normalization request ended observation=372 seconds=10.014
2026-09-28 22:57:01,521 INFO Relation normalization request started observation=373
2026-09-28 22:57:01,730 INFO Relation normalization request ended observation=368 seconds=10.224
2026-09-28 22:57:04,118 INFO Relation normalization request ended observation=367 seconds=12.612
2026-09-28 22:57:05,487 INFO Relation normalization request ended observation=369 seconds=13.981
2026-09-28 22:57:14,404 INFO Relation normalization request ended observation=371 seconds=22.897
2026-09-28 22:57:49,396 INFO Relation normalization request ended observation=370 seconds=57.890
2026-09-28 22:57:53,205 INFO Relation normalization request ended observation=373 seconds=51.684
2026-09-28 23:07:00,169 INFO Relation normalization batch size=15 workers=6
2026-09-28 23:07:00,169 INFO Relation normalization request started observation=374
2026-09-28 23:07:00,170 INFO Relation normalization request started observation=375
2026-09-28 23:07:00,170 INFO Relation normalization request started observation=376
2026-09-28 23:07:00,171 INFO Relation normalization request started observation=377
2026-09-28 23:07:00,172 INFO Relation normalization request started observation=378
2026-09-28 23:07:00,172 INFO Relation normalization request started observation=379
2026-09-28 23:07:14,217 INFO Relation normalization request ended observation=379 seconds=14.045
2026-09-28 23:07:14,218 INFO Relation normalization request started observation=380
2026-09-28 23:07:24,495 INFO Relation normalization request ended observation=378 seconds=24.323
2026-09-28 23:07:24,495 INFO Relation normalization request started observation=381
2026-09-28 23:07:25,482 INFO Relation normalization request ended observation=376 seconds=25.312
2026-09-28 23:07:25,482 INFO Relation normalization request started observation=382
2026-09-28 23:07:27,076 INFO Relation normalization request ended observation=380 seconds=12.858
2026-09-28 23:07:27,076 INFO Relation normalization request started observation=383
2026-09-28 23:07:28,744 INFO Relation normalization request ended observation=375 seconds=28.575
2026-09-28 23:07:28,744 INFO Relation normalization request started observation=384
2026-09-28 23:07:34,434 INFO Relation normalization request ended observation=374 seconds=34.264
2026-09-28 23:07:34,434 INFO Relation normalization request started observation=385
2026-09-28 23:07:37,483 INFO Relation normalization request ended observation=381 seconds=12.988
2026-09-28 23:07:37,483 INFO Relation normalization request started observation=386
2026-09-28 23:07:43,355 INFO Relation normalization request ended observation=377 seconds=43.184
2026-09-28 23:07:43,355 INFO Relation normalization request started observation=387
2026-09-28 23:08:00,084 INFO Relation normalization request ended observation=385 seconds=25.651
2026-09-28 23:08:00,085 INFO Relation normalization request started observation=388
2026-09-28 23:08:00,898 INFO Relation normalization request ended observation=384 seconds=32.154
2026-09-28 23:08:17,524 INFO Relation normalization request ended observation=382 seconds=52.041
2026-09-28 23:08:17,595 INFO Relation normalization request ended observation=386 seconds=40.111
2026-09-28 23:08:18,449 INFO Relation normalization request ended observation=387 seconds=35.093
2026-09-28 23:08:18,937 INFO Relation normalization request ended observation=388 seconds=18.853
2026-09-28 23:08:45,240 INFO Relation normalization request ended observation=383 seconds=78.164
2026-09-28 23:15:18,287 INFO Relation normalization batch size=20 workers=6
2026-09-28 23:15:18,288 INFO Relation normalization request started observation=389
2026-09-28 23:15:18,288 INFO Relation normalization request started observation=390
2026-09-28 23:15:18,289 INFO Relation normalization request started observation=391
2026-09-28 23:15:18,290 INFO Relation normalization request started observation=392
2026-09-28 23:15:18,290 INFO Relation normalization request started observation=393
2026-09-28 23:15:18,291 INFO Relation normalization request started observation=394
2026-09-28 23:15:33,356 INFO Relation normalization request ended observation=390 seconds=15.068
2026-09-28 23:15:33,357 INFO Relation normalization request started observation=395
2026-09-28 23:15:49,570 INFO Relation normalization request ended observation=395 seconds=16.213
2026-09-28 23:15:49,570 INFO Relation normalization request started observation=396
2026-09-28 23:15:50,881 INFO Relation normalization request ended observation=392 seconds=32.591
2026-09-28 23:15:50,881 INFO Relation normalization request started observation=397
2026-09-28 23:15:58,318 INFO Relation normalization request ended observation=394 seconds=40.027
2026-09-28 23:15:58,318 INFO Relation normalization request started observation=398
2026-09-28 23:16:07,380 INFO Relation normalization request ended observation=391 seconds=49.092
2026-09-28 23:16:07,380 INFO Relation normalization request started observation=399
2026-09-28 23:16:09,133 INFO Relation normalization request ended observation=397 seconds=18.253
2026-09-28 23:16:09,134 INFO Relation normalization request started observation=400
2026-09-28 23:16:12,547 INFO Relation normalization request ended observation=393 seconds=54.257
2026-09-28 23:16:12,547 INFO Relation normalization request started observation=401
2026-09-28 23:16:20,609 INFO Relation normalization request ended observation=398 seconds=22.291
2026-09-28 23:16:20,609 INFO Relation normalization request started observation=402
2026-09-28 23:16:31,754 INFO Relation normalization request ended observation=400 seconds=22.620
2026-09-28 23:16:31,754 INFO Relation normalization request started observation=403
2026-09-28 23:16:37,865 INFO Relation normalization request ended observation=396 seconds=48.296
2026-09-28 23:16:37,865 INFO Relation normalization request started observation=404
2026-09-28 23:16:38,802 INFO Relation normalization request ended observation=401 seconds=26.254
2026-09-28 23:16:38,802 INFO Relation normalization request started observation=405
2026-09-28 23:16:55,251 INFO Relation normalization request ended observation=399 seconds=47.870
2026-09-28 23:16:55,251 INFO Relation normalization request started observation=406
2026-09-28 23:17:06,392 INFO Relation normalization request ended observation=402 seconds=45.783
2026-09-28 23:17:06,392 INFO Relation normalization request started observation=407
2026-09-28 23:17:11,307 INFO Relation normalization request ended observation=406 seconds=16.056
2026-09-28 23:17:11,308 INFO Relation normalization request started observation=408
2026-09-28 23:17:17,157 INFO Relation normalization request ended observation=405 seconds=38.355
2026-09-28 23:17:22,172 INFO Relation normalization request ended observation=404 seconds=44.307
2026-09-28 23:17:38,248 INFO Relation normalization request ended observation=403 seconds=66.494
2026-09-28 23:17:48,662 INFO Relation normalization request ended observation=389 seconds=150.374
2026-09-28 23:17:55,397 INFO Relation normalization request ended observation=408 seconds=44.090
2026-09-28 23:17:59,973 INFO Relation normalization request ended observation=407 seconds=53.581
2026-09-28 23:25:15,375 INFO Relation normalization batch size=11 workers=6
2026-09-28 23:25:15,375 INFO Relation normalization request started observation=409
2026-09-28 23:25:15,375 INFO Relation normalization request started observation=410
2026-09-28 23:25:15,376 INFO Relation normalization request started observation=411
2026-09-28 23:25:15,377 INFO Relation normalization request started observation=412
2026-09-28 23:25:15,378 INFO Relation normalization request started observation=413
2026-09-28 23:25:15,379 INFO Relation normalization request started observation=414
2026-09-28 23:25:28,579 INFO Relation normalization request ended observation=413 seconds=13.201
2026-09-28 23:25:28,579 INFO Relation normalization request started observation=415
2026-09-28 23:25:30,637 INFO Relation normalization request ended observation=410 seconds=15.262
2026-09-28 23:25:30,637 INFO Relation normalization request started observation=416
2026-09-28 23:25:35,324 INFO Relation normalization request ended observation=409 seconds=19.949
2026-09-28 23:25:35,324 INFO Relation normalization request started observation=417
2026-09-28 23:25:48,520 INFO Relation normalization request ended observation=412 seconds=33.143
2026-09-28 23:25:48,520 INFO Relation normalization request started observation=418
2026-09-28 23:25:49,120 INFO Relation normalization request ended observation=417 seconds=13.795
2026-09-28 23:25:49,120 INFO Relation normalization request started observation=419
2026-09-28 23:25:54,168 INFO Relation normalization request ended observation=411 seconds=38.792
2026-09-28 23:26:04,313 INFO Relation normalization request ended observation=418 seconds=15.793
2026-09-28 23:26:17,828 INFO Relation normalization request ended observation=414 seconds=62.450
2026-09-28 23:26:33,701 INFO Relation normalization request ended observation=419 seconds=44.581
2026-09-28 23:26:51,773 INFO Relation normalization request ended observation=415 seconds=83.194
2026-09-28 23:27:00,371 INFO Relation normalization request ended observation=416 seconds=89.734
2026-09-28 23:37:02,333 INFO Relation normalization batch size=12 workers=6
2026-09-28 23:37:02,333 INFO Relation normalization request started observation=420
2026-09-28 23:37:02,334 INFO Relation normalization request started observation=421
2026-09-28 23:37:02,334 INFO Relation normalization request started observation=422
2026-09-28 23:37:02,335 INFO Relation normalization request started observation=423
2026-09-28 23:37:02,336 INFO Relation normalization request started observation=424
2026-09-28 23:37:02,337 INFO Relation normalization request started observation=425
2026-09-28 23:37:27,341 INFO Relation normalization request ended observation=423 seconds=25.005
2026-09-28 23:37:27,341 INFO Relation normalization request started observation=426
2026-09-28 23:37:29,803 INFO Relation normalization request ended observation=420 seconds=27.469
2026-09-28 23:37:29,803 INFO Relation normalization request started observation=427
2026-09-28 23:37:34,182 INFO Relation normalization request ended observation=422 seconds=31.847
2026-09-28 23:37:34,182 INFO Relation normalization request started observation=428
2026-09-28 23:37:35,160 INFO Relation normalization request ended observation=421 seconds=32.827
2026-09-28 23:37:35,161 INFO Relation normalization request started observation=429
2026-09-28 23:37:39,445 INFO Relation normalization request ended observation=425 seconds=37.108
2026-09-28 23:37:39,445 INFO Relation normalization request started observation=430
2026-09-28 23:37:41,734 INFO Relation normalization request ended observation=426 seconds=14.394
2026-09-28 23:37:41,734 INFO Relation normalization request started observation=431
2026-09-28 23:37:46,572 INFO Relation normalization request ended observation=424 seconds=44.236
2026-09-28 23:37:46,990 INFO Relation normalization request ended observation=428 seconds=12.808
2026-09-28 23:37:53,015 INFO Relation normalization request ended observation=431 seconds=11.280
2026-09-28 23:38:06,826 INFO Relation normalization request ended observation=430 seconds=27.381
2026-09-28 23:38:06,948 INFO Relation normalization request ended observation=429 seconds=31.788
2026-09-28 23:38:19,455 INFO Relation normalization request ended observation=427 seconds=49.652
2026-09-28 23:42:23,453 INFO Relation normalization batch size=8 workers=6
2026-09-28 23:42:23,454 INFO Relation normalization request started observation=432
2026-09-28 23:42:23,454 INFO Relation normalization request started observation=433
2026-09-28 23:42:23,455 INFO Relation normalization request started observation=434
2026-09-28 23:42:23,455 INFO Relation normalization request started observation=435
2026-09-28 23:42:23,456 INFO Relation normalization request started observation=436
2026-09-28 23:42:23,456 INFO Relation normalization request started observation=437
2026-09-28 23:42:38,662 INFO Relation normalization request ended observation=433 seconds=15.208
2026-09-28 23:42:38,662 INFO Relation normalization request started observation=438
2026-09-28 23:43:07,168 INFO Relation normalization request ended observation=436 seconds=43.712
2026-09-28 23:43:07,169 INFO Relation normalization request started observation=439
2026-09-28 23:43:15,942 INFO Relation normalization request ended observation=432 seconds=52.489
2026-09-28 23:43:15,952 INFO Relation normalization request ended observation=434 seconds=52.497
2026-09-28 23:43:40,619 INFO Relation normalization request ended observation=435 seconds=77.164
2026-09-28 23:43:58,474 INFO Relation normalization request ended observation=437 seconds=95.018
2026-09-28 23:44:22,000 INFO Relation normalization request ended observation=438 seconds=103.338
2026-09-28 23:44:33,365 INFO Relation normalization request ended observation=439 seconds=86.196
2026-09-28 23:51:17,762 INFO Relation normalization batch size=11 workers=6
2026-09-28 23:51:17,763 INFO Relation normalization request started observation=440
2026-09-28 23:51:17,763 INFO Relation normalization request started observation=441
2026-09-28 23:51:17,764 INFO Relation normalization request started observation=442
2026-09-28 23:51:17,764 INFO Relation normalization request started observation=443
2026-09-28 23:51:17,765 INFO Relation normalization request started observation=444
2026-09-28 23:51:17,766 INFO Relation normalization request started observation=445
2026-09-28 23:51:27,857 INFO Relation normalization request ended observation=445 seconds=10.092
2026-09-28 23:51:27,858 INFO Relation normalization request started observation=446
2026-09-28 23:51:27,993 INFO Relation normalization request ended observation=444 seconds=10.228
2026-09-28 23:51:27,993 INFO Relation normalization request started observation=447
2026-09-28 23:51:36,972 INFO Relation normalization request ended observation=440 seconds=19.210
2026-09-28 23:51:36,972 INFO Relation normalization request started observation=448
2026-09-28 23:51:46,501 INFO Relation normalization request ended observation=448 seconds=9.529
2026-09-28 23:51:46,501 INFO Relation normalization request started observation=449
2026-09-28 23:51:47,997 INFO Relation normalization request ended observation=447 seconds=20.004
2026-09-28 23:51:47,998 INFO Relation normalization request started observation=450
2026-09-28 23:51:49,972 INFO Relation normalization request ended observation=441 seconds=32.209
2026-09-28 23:51:55,780 INFO Relation normalization request ended observation=443 seconds=38.015
2026-09-28 23:51:58,564 INFO Relation normalization request ended observation=449 seconds=12.063
2026-09-28 23:52:02,182 INFO Relation normalization request ended observation=442 seconds=44.419
2026-09-28 23:52:13,630 INFO Relation normalization request ended observation=446 seconds=45.773
2026-09-28 23:52:44,414 INFO Relation normalization request ended observation=450 seconds=56.416
2026-09-29 00:01:24,801 INFO Relation normalization batch size=8 workers=6
2026-09-29 00:01:24,801 INFO Relation normalization request started observation=451
2026-09-29 00:01:24,802 INFO Relation normalization request started observation=452
2026-09-29 00:01:24,802 INFO Relation normalization request started observation=453
2026-09-29 00:01:24,804 INFO Relation normalization request started observation=454
2026-09-29 00:01:24,804 INFO Relation normalization request started observation=455
2026-09-29 00:01:24,804 INFO Relation normalization request started observation=456
2026-09-29 00:01:44,622 INFO Relation normalization request ended observation=453 seconds=19.819
2026-09-29 00:01:44,622 INFO Relation normalization request started observation=457
2026-09-29 00:01:45,468 INFO Relation normalization request ended observation=452 seconds=20.666
2026-09-29 00:01:45,468 INFO Relation normalization request started observation=458
2026-09-29 00:01:48,517 INFO Relation normalization request ended observation=454 seconds=23.714
2026-09-29 00:01:48,695 INFO Relation normalization request ended observation=456 seconds=23.891
2026-09-29 00:01:53,957 INFO Relation normalization request ended observation=458 seconds=8.490
2026-09-29 00:02:05,799 INFO Relation normalization request ended observation=451 seconds=40.997
2026-09-29 00:03:31,807 INFO Relation normalization request ended observation=455 seconds=127.004
2026-09-29 00:03:44,526 INFO Relation normalization request ended observation=457 seconds=119.904
2026-09-29 00:10:12,904 INFO Relation normalization batch size=4 workers=6
2026-09-29 00:10:12,905 INFO Relation normalization request started observation=459
2026-09-29 00:10:12,905 INFO Relation normalization request started observation=460
2026-09-29 00:10:12,906 INFO Relation normalization request started observation=461
2026-09-29 00:10:12,907 INFO Relation normalization request started observation=462
2026-09-29 00:10:27,189 INFO Relation normalization request ended observation=461 seconds=14.284
2026-09-29 00:10:31,630 INFO Relation normalization request ended observation=462 seconds=18.722
2026-09-29 00:10:47,418 INFO Relation normalization request ended observation=459 seconds=34.513
2026-09-29 00:12:01,239 INFO Relation normalization request ended observation=460 seconds=108.334
2026-09-29 00:15:50,536 INFO Relation normalization batch size=8 workers=6
2026-09-29 00:15:50,536 INFO Relation normalization request started observation=463
2026-09-29 00:15:50,536 INFO Relation normalization request started observation=464
2026-09-29 00:15:50,537 INFO Relation normalization request started observation=465
2026-09-29 00:15:50,537 INFO Relation normalization request started observation=466
2026-09-29 00:15:50,538 INFO Relation normalization request started observation=467
2026-09-29 00:15:50,539 INFO Relation normalization request started observation=468
2026-09-29 00:15:59,728 INFO Relation normalization request ended observation=464 seconds=9.192
2026-09-29 00:15:59,729 INFO Relation normalization request started observation=469
2026-09-29 00:16:00,455 INFO Relation normalization request ended observation=466 seconds=9.918
2026-09-29 00:16:00,456 INFO Relation normalization request started observation=470
2026-09-29 00:16:01,357 INFO Relation normalization request ended observation=467 seconds=10.819
2026-09-29 00:16:01,397 INFO Relation normalization request ended observation=465 seconds=10.860
2026-09-29 00:16:23,012 INFO Relation normalization request ended observation=469 seconds=23.283
2026-09-29 00:16:27,181 INFO Relation normalization request ended observation=463 seconds=36.645
2026-09-29 00:16:43,464 INFO Relation normalization request ended observation=470 seconds=43.008
2026-09-29 00:16:48,643 INFO Relation normalization request ended observation=468 seconds=58.105
2026-09-29 00:25:51,769 INFO Relation normalization batch size=17 workers=6
2026-09-29 00:25:51,769 INFO Relation normalization request started observation=471
2026-09-29 00:25:51,769 INFO Relation normalization request started observation=472
2026-09-29 00:25:51,770 INFO Relation normalization request started observation=473
2026-09-29 00:25:51,771 INFO Relation normalization request started observation=474
2026-09-29 00:25:51,771 INFO Relation normalization request started observation=475
2026-09-29 00:25:51,772 INFO Relation normalization request started observation=476
2026-09-29 00:26:05,764 INFO Relation normalization request ended observation=475 seconds=13.993
2026-09-29 00:26:05,765 INFO Relation normalization request started observation=477
2026-09-29 00:26:08,129 INFO Relation normalization request ended observation=474 seconds=16.358
2026-09-29 00:26:08,129 INFO Relation normalization request started observation=478
2026-09-29 00:26:09,864 INFO Relation normalization request ended observation=473 seconds=18.094
2026-09-29 00:26:09,864 INFO Relation normalization request started observation=479
2026-09-29 00:26:14,307 INFO Relation normalization request ended observation=476 seconds=22.536
2026-09-29 00:26:14,307 INFO Relation normalization request started observation=480
2026-09-29 00:26:23,604 INFO Relation normalization request ended observation=471 seconds=31.835
2026-09-29 00:26:23,604 INFO Relation normalization request started observation=481
2026-09-29 00:26:40,083 INFO Relation normalization request ended observation=472 seconds=48.314
2026-09-29 00:26:40,083 INFO Relation normalization request started observation=482
2026-09-29 00:26:41,414 INFO Relation normalization request ended observation=478 seconds=33.285
2026-09-29 00:26:41,414 INFO Relation normalization request started observation=483
2026-09-29 00:26:49,184 INFO Relation normalization request ended observation=477 seconds=43.419
2026-09-29 00:26:49,184 INFO Relation normalization request started observation=484
2026-09-29 00:26:49,935 INFO Relation normalization request ended observation=480 seconds=35.627
2026-09-29 00:26:49,935 INFO Relation normalization request started observation=485
2026-09-29 00:26:51,012 INFO Relation normalization request ended observation=482 seconds=10.929
2026-09-29 00:26:51,012 INFO Relation normalization request started observation=486
2026-09-29 00:26:51,347 INFO Relation normalization request ended observation=483 seconds=9.933
2026-09-29 00:26:51,347 INFO Relation normalization request started observation=487
2026-09-29 00:27:02,216 INFO Relation normalization request ended observation=484 seconds=13.032
2026-09-29 00:27:24,442 INFO Relation normalization request ended observation=485 seconds=34.507
2026-09-29 00:27:39,027 INFO Relation normalization request ended observation=481 seconds=75.423
2026-09-29 00:27:48,680 INFO Relation normalization request ended observation=479 seconds=98.816
2026-09-29 00:27:59,144 INFO Relation normalization request ended observation=486 seconds=68.132
2026-09-29 00:28:47,938 INFO Relation normalization request ended observation=487 seconds=116.591
2026-09-29 00:39:21,651 INFO Relation normalization batch size=17 workers=6
2026-09-29 00:39:21,651 INFO Relation normalization request started observation=488
2026-09-29 00:39:21,652 INFO Relation normalization request started observation=489
2026-09-29 00:39:21,652 INFO Relation normalization request started observation=490
2026-09-29 00:39:21,653 INFO Relation normalization request started observation=491
2026-09-29 00:39:21,653 INFO Relation normalization request started observation=492
2026-09-29 00:39:21,653 INFO Relation normalization request started observation=493
2026-09-29 00:39:33,065 INFO Relation normalization request ended observation=492 seconds=11.412
2026-09-29 00:39:33,065 INFO Relation normalization request started observation=494
2026-09-29 00:39:45,574 INFO Relation normalization request ended observation=493 seconds=23.921
2026-09-29 00:39:45,575 INFO Relation normalization request started observation=495
2026-09-29 00:40:09,705 INFO Relation normalization request ended observation=488 seconds=48.054
2026-09-29 00:40:09,705 INFO Relation normalization request started observation=496
2026-09-29 00:40:12,190 INFO Relation normalization request ended observation=495 seconds=26.616
2026-09-29 00:40:12,191 INFO Relation normalization request started observation=497
2026-09-29 00:40:26,861 INFO Relation normalization request ended observation=490 seconds=65.209
2026-09-29 00:40:26,861 INFO Relation normalization request started observation=498
2026-09-29 00:40:34,858 INFO Relation normalization request ended observation=497 seconds=22.668
2026-09-29 00:40:34,859 INFO Relation normalization request started observation=499
2026-09-29 00:40:37,165 INFO Relation normalization request ended observation=496 seconds=27.460
2026-09-29 00:40:37,165 INFO Relation normalization request started observation=500
2026-09-29 00:40:53,127 INFO Relation normalization request ended observation=499 seconds=18.269
2026-09-29 00:40:53,127 INFO Relation normalization request started observation=501
2026-09-29 00:40:54,849 INFO Relation normalization request ended observation=489 seconds=93.197
2026-09-29 00:40:54,849 INFO Relation normalization request started observation=502
2026-09-29 00:40:56,890 INFO Relation normalization request ended observation=500 seconds=19.724
2026-09-29 00:40:56,890 INFO Relation normalization request started observation=503
2026-09-29 00:41:05,272 INFO Relation normalization request ended observation=491 seconds=103.619
2026-09-29 00:41:05,272 INFO Relation normalization request started observation=504
2026-09-29 00:41:17,308 INFO Relation normalization request ended observation=501 seconds=24.180
2026-09-29 00:41:17,796 INFO Relation normalization request ended observation=498 seconds=50.935
2026-09-29 00:41:18,618 INFO Relation normalization request ended observation=494 seconds=105.553
2026-09-29 00:41:20,701 INFO Relation normalization request ended observation=502 seconds=25.852
2026-09-29 00:41:55,787 INFO Relation normalization request ended observation=504 seconds=50.515
2026-09-29 00:41:59,609 INFO Relation normalization request ended observation=503 seconds=62.719
2026-09-29 00:55:52,778 INFO Relation normalization batch size=28 workers=6
2026-09-29 00:55:52,779 INFO Relation normalization request started observation=505
2026-09-29 00:55:52,779 INFO Relation normalization request started observation=506
2026-09-29 00:55:52,780 INFO Relation normalization request started observation=507
2026-09-29 00:55:52,781 INFO Relation normalization request started observation=508
2026-09-29 00:55:52,781 INFO Relation normalization request started observation=509
2026-09-29 00:55:52,782 INFO Relation normalization request started observation=510
2026-09-29 00:56:18,904 INFO Relation normalization request ended observation=509 seconds=26.123
2026-09-29 00:56:18,904 INFO Relation normalization request started observation=511
2026-09-29 00:56:19,124 INFO Relation normalization request ended observation=510 seconds=26.342
2026-09-29 00:56:19,124 INFO Relation normalization request started observation=512
2026-09-29 00:56:22,853 INFO Relation normalization request ended observation=505 seconds=30.074
2026-09-29 00:56:22,853 INFO Relation normalization request started observation=513
2026-09-29 00:56:23,299 INFO Relation normalization request ended observation=508 seconds=30.519
2026-09-29 00:56:23,300 INFO Relation normalization request started observation=514
2026-09-29 00:56:31,256 INFO Relation normalization request ended observation=506 seconds=38.477
2026-09-29 00:56:31,256 INFO Relation normalization request started observation=515
2026-09-29 00:56:45,206 INFO Relation normalization request ended observation=507 seconds=52.426
2026-09-29 00:56:45,206 INFO Relation normalization request started observation=516
2026-09-29 00:56:47,625 INFO Relation normalization request ended observation=515 seconds=16.369
2026-09-29 00:56:47,626 INFO Relation normalization request started observation=517
2026-09-29 00:56:49,374 INFO Relation normalization request ended observation=512 seconds=30.250
2026-09-29 00:56:49,374 INFO Relation normalization request started observation=518
2026-09-29 00:57:05,026 INFO Relation normalization request ended observation=511 seconds=46.122
2026-09-29 00:57:05,026 INFO Relation normalization request started observation=519
2026-09-29 00:57:07,660 INFO Relation normalization request ended observation=518 seconds=18.286
2026-09-29 00:57:07,661 INFO Relation normalization request started observation=520
2026-09-29 00:57:13,448 INFO Relation normalization request ended observation=513 seconds=50.595
2026-09-29 00:57:13,448 INFO Relation normalization request started observation=521
2026-09-29 00:57:19,076 INFO Relation normalization request ended observation=516 seconds=33.870
2026-09-29 00:57:19,076 INFO Relation normalization request started observation=522
2026-09-29 00:57:20,762 INFO Relation normalization request ended observation=519 seconds=15.736
2026-09-29 00:57:20,762 INFO Relation normalization request started observation=523
2026-09-29 00:57:43,353 INFO Relation normalization request ended observation=514 seconds=80.053
2026-09-29 00:57:43,353 INFO Relation normalization request started observation=524
2026-09-29 00:57:45,620 INFO Relation normalization request ended observation=520 seconds=37.959
2026-09-29 00:57:45,620 INFO Relation normalization request started observation=525
2026-09-29 00:58:00,128 INFO Relation normalization request ended observation=517 seconds=72.502
2026-09-29 00:58:00,128 INFO Relation normalization request started observation=526
2026-09-29 00:58:02,448 INFO Relation normalization request ended observation=525 seconds=16.828
2026-09-29 00:58:02,448 INFO Relation normalization request started observation=527
2026-09-29 00:58:06,060 INFO Relation normalization request ended observation=523 seconds=45.298
2026-09-29 00:58:06,060 INFO Relation normalization request started observation=528
2026-09-29 00:58:15,354 INFO Relation normalization request ended observation=524 seconds=32.001
2026-09-29 00:58:15,355 INFO Relation normalization request started observation=529
2026-09-29 00:58:15,873 INFO Relation normalization request ended observation=522 seconds=56.797
2026-09-29 00:58:15,873 INFO Relation normalization request started observation=530
2026-09-29 00:58:19,284 INFO Relation normalization request ended observation=528 seconds=13.223
2026-09-29 00:58:19,284 INFO Relation normalization request started observation=531
2026-09-29 00:58:19,423 INFO Relation normalization request ended observation=527 seconds=16.975
2026-09-29 00:58:19,423 INFO Relation normalization request started observation=532
2026-09-29 00:58:20,374 INFO Relation normalization request ended observation=521 seconds=66.926
2026-09-29 00:58:31,418 INFO Relation normalization request ended observation=529 seconds=16.064
2026-09-29 00:58:40,378 INFO Relation normalization request ended observation=532 seconds=20.955
2026-09-29 00:58:41,045 INFO Relation normalization request ended observation=531 seconds=21.762
2026-09-29 00:58:57,051 INFO Relation normalization request ended observation=526 seconds=56.923
2026-09-29 00:59:07,970 INFO Relation normalization request ended observation=530 seconds=52.096
2026-09-29 01:12:27,142 INFO Relation normalization batch size=12 workers=6
2026-09-29 01:12:27,143 INFO Relation normalization request started observation=533
2026-09-29 01:12:27,143 INFO Relation normalization request started observation=534
2026-09-29 01:12:27,144 INFO Relation normalization request started observation=535
2026-09-29 01:12:27,144 INFO Relation normalization request started observation=536
2026-09-29 01:12:27,144 INFO Relation normalization request started observation=537
2026-09-29 01:12:27,145 INFO Relation normalization request started observation=538
2026-09-29 01:12:45,529 INFO Relation normalization request ended observation=535 seconds=18.386
2026-09-29 01:12:45,529 INFO Relation normalization request started observation=539
2026-09-29 01:12:52,035 INFO Relation normalization request ended observation=536 seconds=24.891
2026-09-29 01:12:52,035 INFO Relation normalization request started observation=540
2026-09-29 01:12:52,545 INFO Relation normalization request ended observation=534 seconds=25.402
2026-09-29 01:12:52,545 INFO Relation normalization request started observation=541
2026-09-29 01:12:56,173 INFO Relation normalization request ended observation=537 seconds=29.029
2026-09-29 01:12:56,173 INFO Relation normalization request started observation=542
2026-09-29 01:12:56,844 INFO Relation normalization request ended observation=539 seconds=11.315
2026-09-29 01:12:56,844 INFO Relation normalization request started observation=543
2026-09-29 01:13:01,394 INFO Relation normalization request ended observation=540 seconds=9.359
2026-09-29 01:13:01,394 INFO Relation normalization request started observation=544
2026-09-29 01:13:04,364 INFO Relation normalization request ended observation=538 seconds=37.219
2026-09-29 01:13:07,757 INFO Relation normalization request ended observation=541 seconds=15.212
2026-09-29 01:13:15,067 INFO Relation normalization request ended observation=543 seconds=18.223
2026-09-29 01:13:15,250 INFO Relation normalization request ended observation=533 seconds=48.107
2026-09-29 01:13:15,640 INFO Relation normalization request ended observation=542 seconds=19.467
2026-09-29 01:13:48,031 INFO Relation normalization request ended observation=544 seconds=46.637
2026-09-29 01:18:54,938 INFO Relation normalization batch size=9 workers=6
2026-09-29 01:18:54,938 INFO Relation normalization request started observation=545
2026-09-29 01:18:54,938 INFO Relation normalization request started observation=546
2026-09-29 01:18:54,939 INFO Relation normalization request started observation=547
2026-09-29 01:18:54,940 INFO Relation normalization request started observation=548
2026-09-29 01:18:54,940 INFO Relation normalization request started observation=549
2026-09-29 01:18:54,941 INFO Relation normalization request started observation=550
2026-09-29 01:19:08,225 INFO Relation normalization request ended observation=548 seconds=13.285
2026-09-29 01:19:08,225 INFO Relation normalization request started observation=551
2026-09-29 01:19:13,796 INFO Relation normalization request ended observation=550 seconds=18.854
2026-09-29 01:19:13,796 INFO Relation normalization request started observation=552
2026-09-29 01:19:17,061 INFO Relation normalization request ended observation=549 seconds=22.121
2026-09-29 01:19:17,062 INFO Relation normalization request started observation=553
2026-09-29 01:19:22,275 INFO Relation normalization request ended observation=546 seconds=27.337
2026-09-29 01:19:36,765 INFO Relation normalization request ended observation=551 seconds=28.539
2026-09-29 01:19:37,596 INFO Relation normalization request ended observation=552 seconds=23.800
2026-09-29 01:19:58,934 INFO Relation normalization request ended observation=553 seconds=41.872
2026-09-29 01:20:09,983 INFO Relation normalization request ended observation=547 seconds=75.044
2026-09-29 01:20:23,901 INFO Relation normalization request ended observation=545 seconds=88.963
2026-09-29 01:29:35,479 INFO Relation normalization batch size=21 workers=6
2026-09-29 01:29:35,479 INFO Relation normalization request started observation=554
2026-09-29 01:29:35,480 INFO Relation normalization request started observation=555
2026-09-29 01:29:35,480 INFO Relation normalization request started observation=556
2026-09-29 01:29:35,481 INFO Relation normalization request started observation=557
2026-09-29 01:29:35,482 INFO Relation normalization request started observation=558
2026-09-29 01:29:35,483 INFO Relation normalization request started observation=559
2026-09-29 01:29:51,330 INFO Relation normalization request ended observation=554 seconds=15.851
2026-09-29 01:29:51,331 INFO Relation normalization request started observation=560
2026-09-29 01:29:53,299 INFO Relation normalization request ended observation=557 seconds=17.818
2026-09-29 01:29:53,299 INFO Relation normalization request started observation=561
2026-09-29 01:29:54,597 INFO Relation normalization request ended observation=559 seconds=19.114
2026-09-29 01:29:54,597 INFO Relation normalization request started observation=562
2026-09-29 01:30:05,674 INFO Relation normalization request ended observation=560 seconds=14.344
2026-09-29 01:30:05,675 INFO Relation normalization request started observation=563
2026-09-29 01:30:06,408 INFO Relation normalization request ended observation=555 seconds=30.929
2026-09-29 01:30:06,409 INFO Relation normalization request started observation=564
2026-09-29 01:30:07,449 INFO Relation normalization request ended observation=561 seconds=14.150
2026-09-29 01:30:07,449 INFO Relation normalization request started observation=565
2026-09-29 01:30:09,942 INFO Relation normalization request ended observation=556 seconds=34.461
2026-09-29 01:30:09,942 INFO Relation normalization request started observation=566
2026-09-29 01:30:15,634 INFO Relation normalization request ended observation=558 seconds=40.152
2026-09-29 01:30:15,634 INFO Relation normalization request started observation=567
2026-09-29 01:30:16,987 INFO Relation normalization request ended observation=565 seconds=9.538
2026-09-29 01:30:16,987 INFO Relation normalization request started observation=568
2026-09-29 01:30:28,963 INFO Relation normalization request ended observation=564 seconds=22.554
2026-09-29 01:30:28,963 INFO Relation normalization request started observation=569
2026-09-29 01:30:32,162 INFO Relation normalization request ended observation=568 seconds=15.175
2026-09-29 01:30:32,162 INFO Relation normalization request started observation=570
2026-09-29 01:30:35,434 INFO Relation normalization request ended observation=567 seconds=19.800
2026-09-29 01:30:35,434 INFO Relation normalization request started observation=571
2026-09-29 01:30:35,628 INFO Relation normalization request ended observation=566 seconds=25.686
2026-09-29 01:30:35,628 INFO Relation normalization request started observation=572
2026-09-29 01:30:46,519 INFO Relation normalization request ended observation=570 seconds=14.356
2026-09-29 01:30:46,519 INFO Relation normalization request started observation=573
2026-09-29 01:30:48,462 INFO Relation normalization request ended observation=563 seconds=42.787
2026-09-29 01:30:48,462 INFO Relation normalization request started observation=574
2026-09-29 01:30:52,226 INFO Relation normalization request ended observation=569 seconds=23.262
2026-09-29 01:30:56,461 INFO Relation normalization request ended observation=571 seconds=21.027
2026-09-29 01:31:00,169 INFO Relation normalization request ended observation=572 seconds=24.541
2026-09-29 01:31:02,406 INFO Relation normalization request ended observation=573 seconds=15.888
2026-09-29 01:31:29,850 INFO Relation normalization request ended observation=562 seconds=95.253
2026-09-29 01:31:58,165 INFO Relation normalization request ended observation=574 seconds=69.703
2026-09-29 01:37:37,796 INFO Relation normalization batch size=10 workers=6
2026-09-29 01:37:37,796 INFO Relation normalization request started observation=575
2026-09-29 01:37:37,796 INFO Relation normalization request started observation=576
2026-09-29 01:37:37,797 INFO Relation normalization request started observation=577
2026-09-29 01:37:37,798 INFO Relation normalization request started observation=578
2026-09-29 01:37:37,799 INFO Relation normalization request started observation=579
2026-09-29 01:37:37,799 INFO Relation normalization request started observation=580
2026-09-29 01:37:53,685 INFO Relation normalization request ended observation=578 seconds=15.887
2026-09-29 01:37:53,685 INFO Relation normalization request started observation=581
2026-09-29 01:37:56,107 INFO Relation normalization request ended observation=579 seconds=18.308
2026-09-29 01:37:56,107 INFO Relation normalization request started observation=582
2026-09-29 01:37:59,229 INFO Relation normalization request ended observation=577 seconds=21.432
2026-09-29 01:37:59,229 INFO Relation normalization request started observation=583
2026-09-29 01:38:01,950 INFO Relation normalization request ended observation=580 seconds=24.151
2026-09-29 01:38:01,950 INFO Relation normalization request started observation=584
2026-09-29 01:38:11,551 INFO Relation normalization request ended observation=582 seconds=15.444
2026-09-29 01:38:12,165 INFO Relation normalization request ended observation=575 seconds=34.369
2026-09-29 01:38:18,349 INFO Relation normalization request ended observation=584 seconds=16.398
2026-09-29 01:38:27,153 INFO Relation normalization request ended observation=576 seconds=49.357
2026-09-29 01:38:31,088 INFO Relation normalization request ended observation=581 seconds=37.403
2026-09-29 01:38:54,440 INFO Relation normalization request ended observation=583 seconds=55.211
2026-09-29 01:42:47,672 INFO Relation normalization batch size=9 workers=6
2026-09-29 01:42:47,672 INFO Relation normalization request started observation=585
2026-09-29 01:42:47,672 INFO Relation normalization request started observation=586
2026-09-29 01:42:47,673 INFO Relation normalization request started observation=587
2026-09-29 01:42:47,673 INFO Relation normalization request started observation=588
2026-09-29 01:42:47,675 INFO Relation normalization request started observation=589
2026-09-29 01:42:47,675 INFO Relation normalization request started observation=590
2026-09-29 01:42:59,624 INFO Relation normalization request ended observation=585 seconds=11.952
2026-09-29 01:42:59,624 INFO Relation normalization request started observation=591
2026-09-29 01:43:01,006 INFO Relation normalization request ended observation=586 seconds=13.334
2026-09-29 01:43:01,006 INFO Relation normalization request started observation=592
2026-09-29 01:43:06,979 INFO Relation normalization request ended observation=588 seconds=19.306
2026-09-29 01:43:06,979 INFO Relation normalization request started observation=593
2026-09-29 01:43:09,057 INFO Relation normalization request ended observation=592 seconds=8.051
2026-09-29 01:43:09,903 INFO Relation normalization request ended observation=591 seconds=10.279
2026-09-29 01:43:17,753 INFO Relation normalization request ended observation=587 seconds=30.080
2026-09-29 01:43:23,628 INFO Relation normalization request ended observation=590 seconds=35.953
2026-09-29 01:43:40,276 INFO Relation normalization request ended observation=593 seconds=33.297
2026-09-29 01:44:11,319 INFO Relation normalization request ended observation=589 seconds=83.645
2026-09-29 01:48:21,084 INFO Relation normalization batch size=8 workers=6
2026-09-29 01:48:21,084 INFO Relation normalization request started observation=594
2026-09-29 01:48:21,084 INFO Relation normalization request started observation=595
2026-09-29 01:48:21,085 INFO Relation normalization request started observation=596
2026-09-29 01:48:21,086 INFO Relation normalization request started observation=597
2026-09-29 01:48:21,087 INFO Relation normalization request started observation=598
2026-09-29 01:48:21,088 INFO Relation normalization request started observation=599
2026-09-29 01:48:27,072 INFO Relation normalization request ended observation=594 seconds=5.988
2026-09-29 01:48:27,072 INFO Relation normalization request started observation=600
2026-09-29 01:48:27,558 INFO Relation normalization request ended observation=596 seconds=6.472
2026-09-29 01:48:27,558 INFO Relation normalization request started observation=601
2026-09-29 01:48:29,814 INFO Relation normalization request ended observation=597 seconds=8.728
2026-09-29 01:48:34,781 INFO Relation normalization request ended observation=595 seconds=13.697
2026-09-29 01:48:37,467 INFO Relation normalization request ended observation=598 seconds=16.380
2026-09-29 01:48:40,988 INFO Relation normalization request ended observation=599 seconds=19.900
2026-09-29 01:48:48,905 INFO Relation normalization request ended observation=601 seconds=21.347
2026-09-29 01:49:29,713 INFO Relation normalization request ended observation=600 seconds=62.640
2026-09-29 01:52:09,365 INFO Relation normalization batch size=9 workers=6
2026-09-29 01:52:09,366 INFO Relation normalization request started observation=602
2026-09-29 01:52:09,366 INFO Relation normalization request started observation=603
2026-09-29 01:52:09,367 INFO Relation normalization request started observation=604
2026-09-29 01:52:09,368 INFO Relation normalization request started observation=605
2026-09-29 01:52:09,369 INFO Relation normalization request started observation=606
2026-09-29 01:52:09,369 INFO Relation normalization request started observation=607
2026-09-29 01:52:20,932 INFO Relation normalization request ended observation=603 seconds=11.567
2026-09-29 01:52:20,933 INFO Relation normalization request started observation=608
2026-09-29 01:52:24,307 INFO Relation normalization request ended observation=604 seconds=14.940
2026-09-29 01:52:24,307 INFO Relation normalization request started observation=609
2026-09-29 01:52:35,256 INFO Relation normalization request ended observation=602 seconds=25.891
2026-09-29 01:52:35,257 INFO Relation normalization request started observation=610
2026-09-29 01:52:35,414 INFO Relation normalization request ended observation=605 seconds=26.046
2026-09-29 01:52:35,415 INFO Relation normalization request ended observation=607 seconds=26.046
2026-09-29 01:52:51,727 INFO Relation normalization request ended observation=609 seconds=27.420
2026-09-29 01:52:58,018 INFO Relation normalization request ended observation=610 seconds=22.761
2026-09-29 01:52:59,176 INFO Relation normalization request ended observation=606 seconds=49.807
2026-09-29 01:53:06,723 INFO Relation normalization request ended observation=608 seconds=45.791
2026-09-29 01:56:37,749 INFO Relation normalization batch size=10 workers=6
2026-09-29 01:56:37,750 INFO Relation normalization request started observation=611
2026-09-29 01:56:37,750 INFO Relation normalization request started observation=612
2026-09-29 01:56:37,750 INFO Relation normalization request started observation=613
2026-09-29 01:56:37,751 INFO Relation normalization request started observation=614
2026-09-29 01:56:37,753 INFO Relation normalization request started observation=615
2026-09-29 01:56:37,753 INFO Relation normalization request started observation=616
2026-09-29 01:56:48,572 INFO Relation normalization request ended observation=615 seconds=10.820
2026-09-29 01:56:48,573 INFO Relation normalization request started observation=617
2026-09-29 01:56:52,942 INFO Relation normalization request ended observation=614 seconds=15.191
2026-09-29 01:56:52,943 INFO Relation normalization request started observation=618
2026-09-29 01:56:54,055 INFO Relation normalization request ended observation=611 seconds=16.305
2026-09-29 01:56:54,055 INFO Relation normalization request started observation=619
2026-09-29 01:57:06,653 INFO Relation normalization request ended observation=613 seconds=28.903
2026-09-29 01:57:06,654 INFO Relation normalization request started observation=620
2026-09-29 01:57:20,641 INFO Relation normalization request ended observation=616 seconds=42.887
2026-09-29 01:57:22,188 INFO Relation normalization request ended observation=618 seconds=29.245
2026-09-29 01:57:26,783 INFO Relation normalization request ended observation=612 seconds=49.033
2026-09-29 01:57:35,228 INFO Relation normalization request ended observation=619 seconds=41.173
2026-09-29 01:58:00,828 INFO Relation normalization request ended observation=620 seconds=54.174
2026-09-29 01:58:48,298 INFO Relation normalization request ended observation=617 seconds=119.725
2026-09-29 02:06:47,523 INFO Relation normalization batch size=15 workers=6
2026-09-29 02:06:47,524 INFO Relation normalization request started observation=621
2026-09-29 02:06:47,524 INFO Relation normalization request started observation=622
2026-09-29 02:06:47,525 INFO Relation normalization request started observation=623
2026-09-29 02:06:47,526 INFO Relation normalization request started observation=624
2026-09-29 02:06:47,526 INFO Relation normalization request started observation=625
2026-09-29 02:06:47,527 INFO Relation normalization request started observation=626
2026-09-29 02:06:59,400 INFO Relation normalization request ended observation=621 seconds=11.876
2026-09-29 02:06:59,400 INFO Relation normalization request started observation=627
2026-09-29 02:06:59,737 INFO Relation normalization request ended observation=623 seconds=12.212
2026-09-29 02:06:59,737 INFO Relation normalization request started observation=628
2026-09-29 02:07:02,140 INFO Relation normalization request ended observation=622 seconds=14.616
2026-09-29 02:07:02,140 INFO Relation normalization request started observation=629
2026-09-29 02:07:06,839 INFO Relation normalization request ended observation=624 seconds=19.314
2026-09-29 02:07:06,839 INFO Relation normalization request started observation=630
2026-09-29 02:07:09,859 INFO Relation normalization request ended observation=627 seconds=10.458
2026-09-29 02:07:09,859 INFO Relation normalization request started observation=631
2026-09-29 02:07:10,538 INFO Relation normalization request ended observation=628 seconds=10.801
2026-09-29 02:07:10,539 INFO Relation normalization request started observation=632
2026-09-29 02:07:11,527 INFO Relation normalization request ended observation=625 seconds=24.001
2026-09-29 02:07:11,527 INFO Relation normalization request started observation=633
2026-09-29 02:07:22,223 INFO Relation normalization request ended observation=629 seconds=20.083
2026-09-29 02:07:22,224 INFO Relation normalization request started observation=634
2026-09-29 02:07:30,210 INFO Relation normalization request ended observation=630 seconds=23.371
2026-09-29 02:07:30,210 INFO Relation normalization request started observation=635
2026-09-29 02:07:37,991 INFO Relation normalization request ended observation=631 seconds=28.132
2026-09-29 02:07:39,552 INFO Relation normalization request ended observation=633 seconds=28.025
2026-09-29 02:07:51,974 INFO Relation normalization request ended observation=632 seconds=41.435
2026-09-29 02:07:53,734 INFO Relation normalization request ended observation=626 seconds=66.207
2026-09-29 02:07:56,916 INFO Relation normalization request ended observation=635 seconds=26.705
2026-09-29 02:08:54,917 INFO Relation normalization request ended observation=634 seconds=92.693
2026-09-29 02:12:33,277 INFO Relation normalization batch size=17 workers=6
2026-09-29 02:12:33,278 INFO Relation normalization request started observation=636
2026-09-29 02:12:33,278 INFO Relation normalization request started observation=637
2026-09-29 02:12:33,279 INFO Relation normalization request started observation=638
2026-09-29 02:12:33,280 INFO Relation normalization request started observation=639
2026-09-29 02:12:33,281 INFO Relation normalization request started observation=640
2026-09-29 02:12:33,281 INFO Relation normalization request started observation=641
2026-09-29 02:12:45,322 INFO Relation normalization request ended observation=636 seconds=12.044
2026-09-29 02:12:45,322 INFO Relation normalization request started observation=642
2026-09-29 02:12:49,476 INFO Relation normalization request ended observation=639 seconds=16.196
2026-09-29 02:12:49,476 INFO Relation normalization request started observation=643
2026-09-29 02:13:01,392 INFO Relation normalization request ended observation=637 seconds=28.113
2026-09-29 02:13:01,392 INFO Relation normalization request started observation=644
2026-09-29 02:13:02,110 INFO Relation normalization request ended observation=641 seconds=28.829
2026-09-29 02:13:02,110 INFO Relation normalization request started observation=645
2026-09-29 02:13:02,947 INFO Relation normalization request ended observation=642 seconds=17.624
2026-09-29 02:13:02,947 INFO Relation normalization request started observation=646
2026-09-29 02:13:10,665 INFO Relation normalization request ended observation=638 seconds=37.386
2026-09-29 02:13:10,666 INFO Relation normalization request started observation=647
2026-09-29 02:13:24,530 INFO Relation normalization request ended observation=646 seconds=21.583
2026-09-29 02:13:24,531 INFO Relation normalization request started observation=648
2026-09-29 02:13:28,837 INFO Relation normalization request ended observation=640 seconds=55.557
2026-09-29 02:13:28,838 INFO Relation normalization request started observation=649
2026-09-29 02:13:32,286 INFO Relation normalization request ended observation=645 seconds=30.175
2026-09-29 02:13:32,286 INFO Relation normalization request started observation=650
2026-09-29 02:13:38,419 INFO Relation normalization request ended observation=647 seconds=27.753
2026-09-29 02:13:38,419 INFO Relation normalization request started observation=651
2026-09-29 02:13:39,477 INFO Relation normalization request ended observation=648 seconds=14.947
2026-09-29 02:13:39,478 INFO Relation normalization request started observation=652
2026-09-29 02:13:44,821 INFO Relation normalization request ended observation=644 seconds=43.430
2026-09-29 02:13:50,400 INFO Relation normalization request ended observation=650 seconds=18.114
2026-09-29 02:13:58,464 INFO Relation normalization request ended observation=651 seconds=20.045
2026-09-29 02:14:01,719 INFO Relation normalization request ended observation=649 seconds=32.881
2026-09-29 02:14:06,860 INFO Relation normalization request ended observation=652 seconds=27.382
2026-09-29 02:14:11,666 INFO Relation normalization request ended observation=643 seconds=82.190
2026-09-29 02:17:50,726 INFO Relation normalization batch size=16 workers=6
2026-09-29 02:17:50,726 INFO Relation normalization request started observation=653
2026-09-29 02:17:50,727 INFO Relation normalization request started observation=654
2026-09-29 02:17:50,727 INFO Relation normalization request started observation=655
2026-09-29 02:17:50,728 INFO Relation normalization request started observation=656
2026-09-29 02:17:50,728 INFO Relation normalization request started observation=657
2026-09-29 02:17:50,729 INFO Relation normalization request started observation=658
2026-09-29 02:18:10,027 INFO Relation normalization request ended observation=655 seconds=19.299
2026-09-29 02:18:10,027 INFO Relation normalization request started observation=659
2026-09-29 02:18:10,524 INFO Relation normalization request ended observation=653 seconds=19.798
2026-09-29 02:18:10,524 INFO Relation normalization request started observation=660
2026-09-29 02:18:20,383 INFO Relation normalization request ended observation=657 seconds=29.655
2026-09-29 02:18:20,384 INFO Relation normalization request started observation=661
2026-09-29 02:18:25,509 INFO Relation normalization request ended observation=656 seconds=34.781
2026-09-29 02:18:25,509 INFO Relation normalization request started observation=662
2026-09-29 02:18:29,875 INFO Relation normalization request ended observation=659 seconds=19.848
2026-09-29 02:18:29,875 INFO Relation normalization request started observation=663
2026-09-29 02:18:32,604 INFO Relation normalization request ended observation=660 seconds=22.080
2026-09-29 02:18:32,604 INFO Relation normalization request started observation=664
2026-09-29 02:18:38,338 INFO Relation normalization request ended observation=654 seconds=47.612
2026-09-29 02:18:38,339 INFO Relation normalization request started observation=665
2026-09-29 02:18:44,521 INFO Relation normalization request ended observation=662 seconds=19.012
2026-09-29 02:18:44,521 INFO Relation normalization request started observation=666
2026-09-29 02:18:51,329 INFO Relation normalization request ended observation=664 seconds=18.724
2026-09-29 02:18:51,329 INFO Relation normalization request started observation=667
2026-09-29 02:18:56,147 INFO Relation normalization request ended observation=661 seconds=35.764
2026-09-29 02:18:56,148 INFO Relation normalization request started observation=668
2026-09-29 02:19:02,012 INFO Relation normalization request ended observation=665 seconds=23.674
2026-09-29 02:19:24,626 INFO Relation normalization request ended observation=668 seconds=28.479
2026-09-29 02:19:36,289 INFO Relation normalization request ended observation=667 seconds=44.960
2026-09-29 02:19:37,957 INFO Relation normalization request ended observation=666 seconds=53.436
2026-09-29 02:19:39,753 INFO Relation normalization request ended observation=663 seconds=69.878
2026-09-29 02:19:41,923 INFO Relation normalization request ended observation=658 seconds=111.194
2026-09-29 02:27:55,659 INFO Relation normalization batch size=28 workers=6
2026-09-29 02:27:55,660 INFO Relation normalization request started observation=669
2026-09-29 02:27:55,660 INFO Relation normalization request started observation=670
2026-09-29 02:27:55,661 INFO Relation normalization request started observation=671
2026-09-29 02:27:55,662 INFO Relation normalization request started observation=672
2026-09-29 02:27:55,662 INFO Relation normalization request started observation=673
2026-09-29 02:27:55,662 INFO Relation normalization request started observation=674
2026-09-29 02:28:06,966 INFO Relation normalization request ended observation=671 seconds=11.305
2026-09-29 02:28:06,966 INFO Relation normalization request started observation=675
2026-09-29 02:28:07,897 INFO Relation normalization request ended observation=669 seconds=12.238
2026-09-29 02:28:07,897 INFO Relation normalization request started observation=676
2026-09-29 02:28:10,236 INFO Relation normalization request ended observation=672 seconds=14.574
2026-09-29 02:28:10,236 INFO Relation normalization request started observation=677
2026-09-29 02:28:18,789 INFO Relation normalization request ended observation=670 seconds=23.129
2026-09-29 02:28:18,789 INFO Relation normalization request started observation=678
2026-09-29 02:28:22,104 INFO Relation normalization request ended observation=674 seconds=26.442
2026-09-29 02:28:22,104 INFO Relation normalization request started observation=679
2026-09-29 02:28:24,914 INFO Relation normalization request ended observation=673 seconds=29.251
2026-09-29 02:28:24,914 INFO Relation normalization request started observation=680
2026-09-29 02:28:27,866 INFO Relation normalization request ended observation=678 seconds=9.076
2026-09-29 02:28:27,866 INFO Relation normalization request started observation=681
2026-09-29 02:28:33,440 INFO Relation normalization request ended observation=677 seconds=23.204
2026-09-29 02:28:33,440 INFO Relation normalization request started observation=682
2026-09-29 02:28:38,035 INFO Relation normalization request ended observation=675 seconds=31.068
2026-09-29 02:28:38,035 INFO Relation normalization request started observation=683
2026-09-29 02:28:39,417 INFO Relation normalization request ended observation=681 seconds=11.551
2026-09-29 02:28:39,417 INFO Relation normalization request started observation=684
2026-09-29 02:28:40,667 INFO Relation normalization request ended observation=679 seconds=18.563
2026-09-29 02:28:40,667 INFO Relation normalization request started observation=685
2026-09-29 02:28:42,422 INFO Relation normalization request ended observation=676 seconds=34.524
2026-09-29 02:28:42,422 INFO Relation normalization request started observation=686
2026-09-29 02:28:55,759 INFO Relation normalization request ended observation=680 seconds=30.844
2026-09-29 02:28:55,759 INFO Relation normalization request started observation=687
2026-09-29 02:28:57,974 INFO Relation normalization request ended observation=684 seconds=18.558
2026-09-29 02:28:57,975 INFO Relation normalization request started observation=688
2026-09-29 02:28:58,175 INFO Relation normalization request ended observation=682 seconds=24.735
2026-09-29 02:28:58,176 INFO Relation normalization request started observation=689
2026-09-29 02:28:59,102 INFO Relation normalization request ended observation=686 seconds=16.680
2026-09-29 02:28:59,102 INFO Relation normalization request started observation=690
2026-09-29 02:29:02,775 INFO Relation normalization request ended observation=685 seconds=22.108
2026-09-29 02:29:02,776 INFO Relation normalization request started observation=691
2026-09-29 02:29:14,130 INFO Relation normalization request ended observation=688 seconds=16.156
2026-09-29 02:29:14,130 INFO Relation normalization request started observation=692
2026-09-29 02:29:17,154 INFO Relation normalization request ended observation=690 seconds=18.052
2026-09-29 02:29:17,154 INFO Relation normalization request started observation=693
2026-09-29 02:29:22,113 INFO Relation normalization request ended observation=687 seconds=26.354
2026-09-29 02:29:22,113 INFO Relation normalization request started observation=694
2026-09-29 02:29:25,625 INFO Relation normalization request ended observation=692 seconds=11.495
2026-09-29 02:29:25,626 INFO Relation normalization request started observation=695
2026-09-29 02:29:29,444 INFO Relation normalization request ended observation=693 seconds=12.290
2026-09-29 02:29:29,445 INFO Relation normalization request started observation=696
2026-09-29 02:29:41,299 INFO Relation normalization request ended observation=694 seconds=19.186
2026-09-29 02:29:43,072 INFO Relation normalization request ended observation=689 seconds=44.896
2026-09-29 02:29:48,151 INFO Relation normalization request ended observation=683 seconds=70.116
2026-09-29 02:30:14,343 INFO Relation normalization request ended observation=696 seconds=44.898
2026-09-29 02:30:41,036 INFO Relation normalization request ended observation=695 seconds=75.410
2026-09-29 02:31:18,931 INFO Relation normalization request ended observation=691 seconds=136.155
2026-09-29 02:38:11,871 INFO Relation normalization batch size=22 workers=6
2026-09-29 02:38:11,871 INFO Relation normalization request started observation=697
2026-09-29 02:38:11,872 INFO Relation normalization request started observation=698
2026-09-29 02:38:11,872 INFO Relation normalization request started observation=699
2026-09-29 02:38:11,873 INFO Relation normalization request started observation=700
2026-09-29 02:38:11,874 INFO Relation normalization request started observation=701
2026-09-29 02:38:11,874 INFO Relation normalization request started observation=702
2026-09-29 02:38:23,522 INFO Relation normalization request ended observation=697 seconds=11.651
2026-09-29 02:38:23,522 INFO Relation normalization request started observation=703
2026-09-29 02:38:46,029 INFO Relation normalization request ended observation=703 seconds=22.507
2026-09-29 02:38:46,029 INFO Relation normalization request started observation=704
2026-09-29 02:38:48,618 INFO Relation normalization request ended observation=698 seconds=36.746
2026-09-29 02:38:48,618 INFO Relation normalization request started observation=705
2026-09-29 02:38:56,131 INFO Relation normalization request ended observation=699 seconds=44.258
2026-09-29 02:38:56,131 INFO Relation normalization request started observation=706
2026-09-29 02:38:57,342 INFO Relation normalization request ended observation=702 seconds=45.468
2026-09-29 02:38:57,342 INFO Relation normalization request started observation=707
2026-09-29 02:38:57,913 INFO Relation normalization request ended observation=701 seconds=46.039
2026-09-29 02:38:57,913 INFO Relation normalization request started observation=708
2026-09-29 02:39:04,332 INFO Relation normalization request ended observation=705 seconds=15.714
2026-09-29 02:39:04,332 INFO Relation normalization request started observation=709
2026-09-29 02:39:09,364 INFO Relation normalization request ended observation=708 seconds=11.451
2026-09-29 02:39:09,364 INFO Relation normalization request started observation=710
2026-09-29 02:39:10,505 INFO Relation normalization request ended observation=707 seconds=13.163
2026-09-29 02:39:10,505 INFO Relation normalization request started observation=711
2026-09-29 02:39:29,979 INFO Relation normalization request ended observation=700 seconds=78.106
2026-09-29 02:39:29,979 INFO Relation normalization request started observation=712
2026-09-29 02:39:31,341 INFO Relation normalization request ended observation=704 seconds=45.312
2026-09-29 02:39:31,341 INFO Relation normalization request started observation=713
2026-09-29 02:39:32,961 INFO Relation normalization request ended observation=711 seconds=22.455
2026-09-29 02:39:32,961 INFO Relation normalization request started observation=714
2026-09-29 02:39:33,449 INFO Relation normalization request ended observation=706 seconds=37.318
2026-09-29 02:39:33,450 INFO Relation normalization request started observation=715
2026-09-29 02:39:38,415 INFO Relation normalization request ended observation=709 seconds=34.082
2026-09-29 02:39:38,415 INFO Relation normalization request started observation=716
2026-09-29 02:39:40,112 INFO Relation normalization request ended observation=712 seconds=10.133
2026-09-29 02:39:40,113 INFO Relation normalization request started observation=717
2026-09-29 02:39:48,260 INFO Relation normalization request ended observation=714 seconds=15.299
2026-09-29 02:39:48,260 INFO Relation normalization request started observation=718
2026-09-29 02:39:56,528 INFO Relation normalization request ended observation=718 seconds=8.268
2026-09-29 02:40:12,428 INFO Relation normalization request ended observation=716 seconds=34.014
2026-09-29 02:40:15,515 INFO Relation normalization request ended observation=717 seconds=35.402
2026-09-29 02:40:58,130 INFO Relation normalization request ended observation=713 seconds=86.788
2026-09-29 02:40:59,631 INFO Relation normalization request ended observation=715 seconds=86.182
2026-09-29 02:41:43,478 INFO Relation normalization request ended observation=710 seconds=154.114
2026-09-29 02:47:42,476 INFO Relation normalization batch size=15 workers=6
2026-09-29 02:47:42,476 INFO Relation normalization request started observation=719
2026-09-29 02:47:42,477 INFO Relation normalization request started observation=720
2026-09-29 02:47:42,477 INFO Relation normalization request started observation=721
2026-09-29 02:47:42,478 INFO Relation normalization request started observation=722
2026-09-29 02:47:42,479 INFO Relation normalization request started observation=723
2026-09-29 02:47:42,480 INFO Relation normalization request started observation=724
2026-09-29 02:47:51,681 INFO Relation normalization request ended observation=721 seconds=9.203
2026-09-29 02:47:51,681 INFO Relation normalization request started observation=725
2026-09-29 02:47:56,913 INFO Relation normalization request ended observation=722 seconds=14.435
2026-09-29 02:47:56,913 INFO Relation normalization request started observation=726
2026-09-29 02:47:57,593 INFO Relation normalization request ended observation=719 seconds=15.117
2026-09-29 02:47:57,594 INFO Relation normalization request started observation=727
2026-09-29 02:48:00,209 INFO Relation normalization request ended observation=720 seconds=17.732
2026-09-29 02:48:00,209 INFO Relation normalization request started observation=728
2026-09-29 02:48:03,114 INFO Relation normalization request ended observation=725 seconds=11.433
2026-09-29 02:48:03,114 INFO Relation normalization request started observation=729
2026-09-29 02:48:05,567 INFO Relation normalization request ended observation=726 seconds=8.653
2026-09-29 02:48:05,567 INFO Relation normalization request started observation=730
2026-09-29 02:48:07,098 INFO Relation normalization request ended observation=724 seconds=24.619
2026-09-29 02:48:07,098 INFO Relation normalization request started observation=731
2026-09-29 02:48:12,697 INFO Relation normalization request ended observation=729 seconds=9.583
2026-09-29 02:48:12,698 INFO Relation normalization request started observation=732
2026-09-29 02:48:14,550 INFO Relation normalization request ended observation=728 seconds=14.341
2026-09-29 02:48:14,550 INFO Relation normalization request started observation=733
2026-09-29 02:48:25,858 INFO Relation normalization request ended observation=733 seconds=11.308
2026-09-29 02:48:51,272 INFO Relation normalization request ended observation=732 seconds=38.574
2026-09-29 02:48:52,643 INFO Relation normalization request ended observation=727 seconds=55.049
2026-09-29 02:48:57,607 INFO Relation normalization request ended observation=723 seconds=75.128
2026-09-29 02:49:25,773 INFO Relation normalization request ended observation=730 seconds=80.206
2026-09-29 02:49:47,122 INFO Relation normalization request ended observation=731 seconds=100.023
2026-09-29 02:56:16,861 INFO Relation normalization batch size=12 workers=6
2026-09-29 02:56:16,861 INFO Relation normalization request started observation=734
2026-09-29 02:56:16,862 INFO Relation normalization request started observation=735
2026-09-29 02:56:16,863 INFO Relation normalization request started observation=736
2026-09-29 02:56:16,863 INFO Relation normalization request started observation=737
2026-09-29 02:56:16,863 INFO Relation normalization request started observation=738
2026-09-29 02:56:16,864 INFO Relation normalization request started observation=739
2026-09-29 02:56:26,155 INFO Relation normalization request ended observation=735 seconds=9.293
2026-09-29 02:56:26,155 INFO Relation normalization request started observation=740
2026-09-29 02:56:27,323 INFO Relation normalization request ended observation=736 seconds=10.460
2026-09-29 02:56:27,323 INFO Relation normalization request started observation=741
2026-09-29 02:56:29,378 INFO Relation normalization request ended observation=737 seconds=12.515
2026-09-29 02:56:29,378 INFO Relation normalization request started observation=742
2026-09-29 02:56:31,354 INFO Relation normalization request ended observation=734 seconds=14.493
2026-09-29 02:56:31,354 INFO Relation normalization request started observation=743
2026-09-29 02:56:40,014 INFO Relation normalization request ended observation=741 seconds=12.691
2026-09-29 02:56:40,014 INFO Relation normalization request started observation=744
2026-09-29 02:56:53,166 INFO Relation normalization request ended observation=738 seconds=36.303
2026-09-29 02:56:53,166 INFO Relation normalization request started observation=745
2026-09-29 02:56:55,711 INFO Relation normalization request ended observation=744 seconds=15.697
2026-09-29 02:57:02,946 INFO Relation normalization request ended observation=745 seconds=9.780
2026-09-29 02:57:11,168 INFO Relation normalization request ended observation=742 seconds=41.790
2026-09-29 02:57:19,853 INFO Relation normalization request ended observation=740 seconds=53.698
2026-09-29 02:57:26,955 INFO Relation normalization request ended observation=743 seconds=55.601
2026-09-29 02:57:56,910 INFO Relation normalization request ended observation=739 seconds=100.046
2026-09-29 03:03:56,800 INFO Relation normalization batch size=12 workers=6
2026-09-29 03:03:56,801 INFO Relation normalization request started observation=746
2026-09-29 03:03:56,801 INFO Relation normalization request started observation=747
2026-09-29 03:03:56,802 INFO Relation normalization request started observation=748
2026-09-29 03:03:56,804 INFO Relation normalization request started observation=749
2026-09-29 03:03:56,805 INFO Relation normalization request started observation=750
2026-09-29 03:03:56,805 INFO Relation normalization request started observation=751
2026-09-29 03:04:13,002 INFO Relation normalization request ended observation=746 seconds=16.201
2026-09-29 03:04:13,003 INFO Relation normalization request started observation=752
2026-09-29 03:04:17,969 INFO Relation normalization request ended observation=747 seconds=21.168
2026-09-29 03:04:17,970 INFO Relation normalization request started observation=753
2026-09-29 03:04:21,780 INFO Relation normalization request ended observation=749 seconds=24.976
2026-09-29 03:04:21,780 INFO Relation normalization request started observation=754
2026-09-29 03:04:26,763 INFO Relation normalization request ended observation=751 seconds=29.958
2026-09-29 03:04:26,763 INFO Relation normalization request started observation=755
2026-09-29 03:04:54,860 INFO Relation normalization request ended observation=750 seconds=58.056
2026-09-29 03:04:54,861 INFO Relation normalization request started observation=756
2026-09-29 03:04:57,436 INFO Relation normalization request ended observation=753 seconds=39.466
2026-09-29 03:04:57,436 INFO Relation normalization request started observation=757
2026-09-29 03:04:58,712 INFO Relation normalization request ended observation=752 seconds=45.709
2026-09-29 03:05:00,451 INFO Relation normalization request ended observation=748 seconds=63.649
2026-09-29 03:05:12,601 INFO Relation normalization request ended observation=756 seconds=17.740
2026-09-29 03:05:23,347 INFO Relation normalization request ended observation=755 seconds=56.584
2026-09-29 03:05:24,523 INFO Relation normalization request ended observation=754 seconds=62.743
2026-09-29 03:05:31,796 INFO Relation normalization request ended observation=757 seconds=34.360
2026-09-29 03:10:12,765 INFO Relation normalization batch size=14 workers=6
2026-09-29 03:10:12,765 INFO Relation normalization request started observation=758
2026-09-29 03:10:12,766 INFO Relation normalization request started observation=759
2026-09-29 03:10:12,766 INFO Relation normalization request started observation=760
2026-09-29 03:10:12,767 INFO Relation normalization request started observation=761
2026-09-29 03:10:12,768 INFO Relation normalization request started observation=762
2026-09-29 03:10:12,769 INFO Relation normalization request started observation=763
2026-09-29 03:10:22,074 INFO Relation normalization request ended observation=759 seconds=9.308
2026-09-29 03:10:22,074 INFO Relation normalization request started observation=764
2026-09-29 03:10:22,178 INFO Relation normalization request ended observation=761 seconds=9.411
2026-09-29 03:10:22,178 INFO Relation normalization request started observation=765
2026-09-29 03:10:24,820 INFO Relation normalization request ended observation=760 seconds=12.054
2026-09-29 03:10:24,821 INFO Relation normalization request started observation=766
2026-09-29 03:10:28,078 INFO Relation normalization request ended observation=762 seconds=15.309
2026-09-29 03:10:28,078 INFO Relation normalization request started observation=767
2026-09-29 03:10:38,265 INFO Relation normalization request ended observation=758 seconds=25.499
2026-09-29 03:10:38,265 INFO Relation normalization request started observation=768
2026-09-29 03:10:41,372 INFO Relation normalization request ended observation=763 seconds=28.603
2026-09-29 03:10:41,372 INFO Relation normalization request started observation=769
2026-09-29 03:10:51,133 INFO Relation normalization request ended observation=768 seconds=12.868
2026-09-29 03:10:51,133 INFO Relation normalization request started observation=770
2026-09-29 03:10:54,866 INFO Relation normalization request ended observation=769 seconds=13.494
2026-09-29 03:10:54,867 INFO Relation normalization request started observation=771
2026-09-29 03:10:57,499 INFO Relation normalization request ended observation=766 seconds=32.678
2026-09-29 03:10:58,683 INFO Relation normalization request ended observation=765 seconds=36.504
2026-09-29 03:11:00,798 INFO Relation normalization request ended observation=764 seconds=38.724
2026-09-29 03:11:04,633 INFO Relation normalization request ended observation=767 seconds=36.555
2026-09-29 03:11:12,067 INFO Relation normalization request ended observation=771 seconds=17.200
2026-09-29 03:12:55,965 INFO Relation normalization request ended observation=770 seconds=124.831
2026-09-29 03:15:30,519 INFO Relation normalization batch size=7 workers=6
2026-09-29 03:15:30,519 INFO Relation normalization request started observation=772
2026-09-29 03:15:30,520 INFO Relation normalization request started observation=773
2026-09-29 03:15:30,521 INFO Relation normalization request started observation=774
2026-09-29 03:15:30,522 INFO Relation normalization request started observation=775
2026-09-29 03:15:30,522 INFO Relation normalization request started observation=776
2026-09-29 03:15:30,523 INFO Relation normalization request started observation=777
2026-09-29 03:15:46,149 INFO Relation normalization request ended observation=772 seconds=15.630
2026-09-29 03:15:46,149 INFO Relation normalization request started observation=778
2026-09-29 03:15:55,786 INFO Relation normalization request ended observation=776 seconds=25.263
2026-09-29 03:15:57,186 INFO Relation normalization request ended observation=777 seconds=26.663
2026-09-29 03:16:16,590 INFO Relation normalization request ended observation=774 seconds=46.069
2026-09-29 03:16:18,520 INFO Relation normalization request ended observation=773 seconds=48.000
2026-09-29 03:16:32,233 INFO Relation normalization request ended observation=778 seconds=46.084
2026-09-29 03:17:45,304 INFO Relation normalization request ended observation=775 seconds=134.783
2026-09-29 03:23:55,324 INFO Relation normalization batch size=13 workers=6
2026-09-29 03:23:55,325 INFO Relation normalization request started observation=779
2026-09-29 03:23:55,325 INFO Relation normalization request started observation=780
2026-09-29 03:23:55,326 INFO Relation normalization request started observation=781
2026-09-29 03:23:55,327 INFO Relation normalization request started observation=782
2026-09-29 03:23:55,327 INFO Relation normalization request started observation=783
2026-09-29 03:23:55,328 INFO Relation normalization request started observation=784
2026-09-29 03:24:02,635 INFO Relation normalization request ended observation=783 seconds=7.308
2026-09-29 03:24:02,636 INFO Relation normalization request started observation=785
2026-09-29 03:24:04,114 INFO Relation normalization request ended observation=784 seconds=8.786
2026-09-29 03:24:04,114 INFO Relation normalization request started observation=786
2026-09-29 03:24:04,503 INFO Relation normalization request ended observation=781 seconds=9.176
2026-09-29 03:24:04,503 INFO Relation normalization request started observation=787
2026-09-29 03:24:10,219 INFO Relation normalization request ended observation=780 seconds=14.893
2026-09-29 03:24:10,219 INFO Relation normalization request started observation=788
2026-09-29 03:24:11,999 INFO Relation normalization request ended observation=782 seconds=16.671
2026-09-29 03:24:11,999 INFO Relation normalization request started observation=789
2026-09-29 03:24:13,990 INFO Relation normalization request ended observation=786 seconds=9.876
2026-09-29 03:24:13,990 INFO Relation normalization request started observation=790
2026-09-29 03:24:17,912 INFO Relation normalization request ended observation=785 seconds=15.276
2026-09-29 03:24:17,912 INFO Relation normalization request started observation=791
2026-09-29 03:24:20,934 INFO Relation normalization request ended observation=779 seconds=25.609
2026-09-29 03:24:22,322 INFO Relation normalization request ended observation=789 seconds=10.324
2026-09-29 03:24:31,320 INFO Relation normalization request ended observation=791 seconds=13.408
2026-09-29 03:24:53,749 INFO Relation normalization request ended observation=788 seconds=43.530
2026-09-29 03:25:01,294 INFO Relation normalization request ended observation=790 seconds=47.303
2026-09-29 03:25:08,229 INFO Relation normalization request ended observation=787 seconds=63.726
2026-09-29 03:28:18,707 INFO Relation normalization batch size=3 workers=6
2026-09-29 03:28:18,707 INFO Relation normalization request started observation=792
2026-09-29 03:28:18,707 INFO Relation normalization request started observation=793
2026-09-29 03:28:18,708 INFO Relation normalization request started observation=794
2026-09-29 03:28:41,522 INFO Relation normalization request ended observation=792 seconds=22.815
2026-09-29 03:29:01,171 INFO Relation normalization request ended observation=793 seconds=42.464
2026-09-29 03:29:04,298 INFO Relation normalization request ended observation=794 seconds=45.590
2026-09-29 03:34:24,854 INFO Relation normalization batch size=15 workers=6
2026-09-29 03:34:24,854 INFO Relation normalization request started observation=795
2026-09-29 03:34:24,855 INFO Relation normalization request started observation=796
2026-09-29 03:34:24,855 INFO Relation normalization request started observation=797
2026-09-29 03:34:24,856 INFO Relation normalization request started observation=798
2026-09-29 03:34:24,857 INFO Relation normalization request started observation=799
2026-09-29 03:34:24,858 INFO Relation normalization request started observation=800
2026-09-29 03:34:34,980 INFO Relation normalization request ended observation=795 seconds=10.126
2026-09-29 03:34:34,980 INFO Relation normalization request started observation=801
2026-09-29 03:34:37,837 INFO Relation normalization request ended observation=798 seconds=12.981
2026-09-29 03:34:37,837 INFO Relation normalization request started observation=802
2026-09-29 03:34:37,930 INFO Relation normalization request ended observation=796 seconds=13.075
2026-09-29 03:34:37,930 INFO Relation normalization request started observation=803
2026-09-29 03:34:41,856 INFO Relation normalization request ended observation=797 seconds=17.000
2026-09-29 03:34:41,856 INFO Relation normalization request started observation=804
2026-09-29 03:35:01,112 INFO Relation normalization request ended observation=802 seconds=23.275
2026-09-29 03:35:01,112 INFO Relation normalization request started observation=805
2026-09-29 03:35:05,136 INFO Relation normalization request ended observation=799 seconds=40.279
2026-09-29 03:35:05,136 INFO Relation normalization request started observation=806
2026-09-29 03:35:11,799 INFO Relation normalization request ended observation=803 seconds=33.870
2026-09-29 03:35:11,800 INFO Relation normalization request started observation=807
2026-09-29 03:35:12,583 INFO Relation normalization request ended observation=800 seconds=47.726
2026-09-29 03:35:12,584 INFO Relation normalization request started observation=808
2026-09-29 03:35:32,750 INFO Relation normalization request ended observation=806 seconds=27.614
2026-09-29 03:35:32,750 INFO Relation normalization request started observation=809
2026-09-29 03:35:34,897 INFO Relation normalization request ended observation=804 seconds=53.041
2026-09-29 03:35:35,496 INFO Relation normalization request ended observation=808 seconds=22.913
2026-09-29 03:35:37,714 INFO Relation normalization request ended observation=805 seconds=36.602
2026-09-29 03:35:57,517 INFO Relation normalization request ended observation=809 seconds=24.767
2026-09-29 03:36:09,889 INFO Relation normalization request ended observation=801 seconds=94.909
2026-09-29 03:36:17,922 INFO Relation normalization request ended observation=807 seconds=66.123
2026-09-29 03:37:43,424 INFO Relation normalization batch size=7 workers=6
2026-09-29 03:37:43,424 INFO Relation normalization request started observation=810
2026-09-29 03:37:43,424 INFO Relation normalization request started observation=811
2026-09-29 03:37:43,425 INFO Relation normalization request started observation=812
2026-09-29 03:37:43,426 INFO Relation normalization request started observation=813
2026-09-29 03:37:43,427 INFO Relation normalization request started observation=814
2026-09-29 03:37:43,427 INFO Relation normalization request started observation=815
2026-09-29 03:37:52,718 INFO Relation normalization request ended observation=811 seconds=9.294
2026-09-29 03:37:52,718 INFO Relation normalization request started observation=816
2026-09-29 03:37:55,489 INFO Relation normalization request ended observation=810 seconds=12.065
2026-09-29 03:38:03,413 INFO Relation normalization request ended observation=812 seconds=19.988
2026-09-29 03:38:08,153 INFO Relation normalization request ended observation=813 seconds=24.727
2026-09-29 03:38:17,666 INFO Relation normalization request ended observation=816 seconds=24.948
2026-09-29 03:38:26,735 INFO Relation normalization request ended observation=815 seconds=43.307
2026-09-29 03:38:35,256 INFO Relation normalization request ended observation=814 seconds=51.829
2026-09-29 03:43:18,507 INFO Relation normalization batch size=7 workers=6
2026-09-29 03:43:18,507 INFO Relation normalization request started observation=817
2026-09-29 03:43:18,508 INFO Relation normalization request started observation=818
2026-09-29 03:43:18,509 INFO Relation normalization request started observation=819
2026-09-29 03:43:18,509 INFO Relation normalization request started observation=820
2026-09-29 03:43:18,511 INFO Relation normalization request started observation=821
2026-09-29 03:43:18,512 INFO Relation normalization request started observation=822
2026-09-29 03:43:32,840 INFO Relation normalization request ended observation=819 seconds=14.331
2026-09-29 03:43:32,841 INFO Relation normalization request started observation=823
2026-09-29 03:43:33,884 INFO Relation normalization request ended observation=822 seconds=15.372
2026-09-29 03:43:56,080 INFO Relation normalization request ended observation=817 seconds=37.573
2026-09-29 03:44:05,951 INFO Relation normalization request ended observation=823 seconds=33.110
2026-09-29 03:44:08,104 INFO Relation normalization request ended observation=821 seconds=49.593
2026-09-29 03:44:09,926 INFO Relation normalization request ended observation=818 seconds=51.418
2026-09-29 03:45:43,475 INFO Relation normalization request ended observation=820 seconds=144.966
2026-09-29 03:55:30,558 INFO Relation normalization batch size=17 workers=6
2026-09-29 03:55:30,558 INFO Relation normalization request started observation=824
2026-09-29 03:55:30,559 INFO Relation normalization request started observation=825
2026-09-29 03:55:30,560 INFO Relation normalization request started observation=826
2026-09-29 03:55:30,561 INFO Relation normalization request started observation=827
2026-09-29 03:55:30,561 INFO Relation normalization request started observation=828
2026-09-29 03:55:30,562 INFO Relation normalization request started observation=829
2026-09-29 03:55:46,437 INFO Relation normalization request ended observation=824 seconds=15.879
2026-09-29 03:55:46,437 INFO Relation normalization request started observation=830
2026-09-29 03:55:50,423 INFO Relation normalization request ended observation=829 seconds=19.861
2026-09-29 03:55:50,424 INFO Relation normalization request started observation=831
2026-09-29 03:55:56,050 INFO Relation normalization request ended observation=826 seconds=25.490
2026-09-29 03:55:56,050 INFO Relation normalization request started observation=832
2026-09-29 03:55:59,520 INFO Relation normalization request ended observation=825 seconds=28.960
2026-09-29 03:55:59,520 INFO Relation normalization request started observation=833
2026-09-29 03:55:59,573 INFO Relation normalization request ended observation=830 seconds=13.136
2026-09-29 03:55:59,573 INFO Relation normalization request started observation=834
2026-09-29 03:56:02,975 INFO Relation normalization request ended observation=832 seconds=6.925
2026-09-29 03:56:02,975 INFO Relation normalization request started observation=835
2026-09-29 03:56:06,334 INFO Relation normalization request ended observation=831 seconds=15.910
2026-09-29 03:56:06,334 INFO Relation normalization request started observation=836
2026-09-29 03:56:10,782 INFO Relation normalization request ended observation=834 seconds=11.209
2026-09-29 03:56:10,782 INFO Relation normalization request started observation=837
2026-09-29 03:56:18,232 INFO Relation normalization request ended observation=836 seconds=11.898
2026-09-29 03:56:18,233 INFO Relation normalization request started observation=838
2026-09-29 03:56:20,224 INFO Relation normalization request ended observation=837 seconds=9.441
2026-09-29 03:56:20,224 INFO Relation normalization request started observation=839
2026-09-29 03:56:21,592 INFO Relation normalization request ended observation=833 seconds=22.072
2026-09-29 03:56:21,592 INFO Relation normalization request started observation=840
2026-09-29 03:56:28,074 INFO Relation normalization request ended observation=827 seconds=57.513
2026-09-29 03:56:28,447 INFO Relation normalization request ended observation=838 seconds=10.214
2026-09-29 03:56:34,466 INFO Relation normalization request ended observation=840 seconds=12.874
2026-09-29 03:56:43,039 INFO Relation normalization request ended observation=828 seconds=72.478
2026-09-29 03:57:16,107 INFO Relation normalization request ended observation=835 seconds=73.131
2026-09-29 03:57:20,658 INFO Relation normalization request ended observation=839 seconds=60.434
2026-09-29 04:02:29,519 INFO Relation normalization batch size=11 workers=6
2026-09-29 04:02:29,519 INFO Relation normalization request started observation=841
2026-09-29 04:02:29,519 INFO Relation normalization request started observation=842
2026-09-29 04:02:29,521 INFO Relation normalization request started observation=843
2026-09-29 04:02:29,522 INFO Relation normalization request started observation=844
2026-09-29 04:02:29,523 INFO Relation normalization request started observation=845
2026-09-29 04:02:29,523 INFO Relation normalization request started observation=846
2026-09-29 04:02:54,039 INFO Relation normalization request ended observation=842 seconds=24.520
2026-09-29 04:02:54,039 INFO Relation normalization request started observation=847
2026-09-29 04:03:00,331 INFO Relation normalization request ended observation=844 seconds=30.810
2026-09-29 04:03:00,332 INFO Relation normalization request started observation=848
2026-09-29 04:03:09,398 INFO Relation normalization request ended observation=843 seconds=39.877
2026-09-29 04:03:09,398 INFO Relation normalization request started observation=849
2026-09-29 04:03:11,178 INFO Relation normalization request ended observation=845 seconds=41.656
2026-09-29 04:03:11,178 INFO Relation normalization request started observation=850
2026-09-29 04:03:12,801 INFO Relation normalization request ended observation=846 seconds=43.279
2026-09-29 04:03:12,802 INFO Relation normalization request started observation=851
2026-09-29 04:03:18,582 INFO Relation normalization request ended observation=841 seconds=49.063
2026-09-29 04:03:24,753 INFO Relation normalization request ended observation=850 seconds=13.575
2026-09-29 04:03:38,503 INFO Relation normalization request ended observation=848 seconds=38.172
2026-09-29 04:03:54,310 INFO Relation normalization request ended observation=847 seconds=60.271
2026-09-29 04:04:00,746 INFO Relation normalization request ended observation=851 seconds=47.944
2026-09-29 04:04:26,703 INFO Relation normalization request ended observation=849 seconds=77.305
2026-09-29 04:08:04,886 INFO Relation normalization batch size=4 workers=6
2026-09-29 04:08:04,887 INFO Relation normalization request started observation=852
2026-09-29 04:08:04,887 INFO Relation normalization request started observation=853
2026-09-29 04:08:04,888 INFO Relation normalization request started observation=854
2026-09-29 04:08:04,888 INFO Relation normalization request started observation=855
2026-09-29 04:08:33,576 INFO Relation normalization request ended observation=855 seconds=28.688
2026-09-29 04:08:38,486 INFO Relation normalization request ended observation=854 seconds=33.598
2026-09-29 04:09:06,363 INFO Relation normalization request ended observation=853 seconds=61.476
2026-09-29 04:10:58,245 INFO Relation normalization request ended observation=852 seconds=173.358
2026-09-29 04:15:26,670 INFO Relation normalization batch size=7 workers=6
2026-09-29 04:15:26,670 INFO Relation normalization request started observation=856
2026-09-29 04:15:26,671 INFO Relation normalization request started observation=857
2026-09-29 04:15:26,671 INFO Relation normalization request started observation=858
2026-09-29 04:15:26,672 INFO Relation normalization request started observation=859
2026-09-29 04:15:26,673 INFO Relation normalization request started observation=860
2026-09-29 04:15:26,674 INFO Relation normalization request started observation=861
2026-09-29 04:15:46,362 INFO Relation normalization request ended observation=861 seconds=19.689
2026-09-29 04:15:46,363 INFO Relation normalization request started observation=862
2026-09-29 04:15:58,573 INFO Relation normalization request ended observation=856 seconds=31.904
2026-09-29 04:16:05,032 INFO Relation normalization request ended observation=858 seconds=38.361
2026-09-29 04:16:11,911 INFO Relation normalization request ended observation=859 seconds=45.239
2026-09-29 04:16:20,098 INFO Relation normalization request ended observation=862 seconds=33.736
2026-09-29 04:16:22,790 INFO Relation normalization request ended observation=860 seconds=56.117
2026-09-29 04:16:27,020 INFO Relation normalization request ended observation=857 seconds=60.349
2026-09-29 04:23:30,470 INFO Relation normalization batch size=18 workers=6
2026-09-29 04:23:30,470 INFO Relation normalization request started observation=863
2026-09-29 04:23:30,471 INFO Relation normalization request started observation=864
2026-09-29 04:23:30,471 INFO Relation normalization request started observation=865
2026-09-29 04:23:30,472 INFO Relation normalization request started observation=866
2026-09-29 04:23:30,473 INFO Relation normalization request started observation=867
2026-09-29 04:23:30,474 INFO Relation normalization request started observation=868
2026-09-29 04:23:39,934 INFO Relation normalization request ended observation=866 seconds=9.462
2026-09-29 04:23:39,934 INFO Relation normalization request started observation=869
2026-09-29 04:23:40,915 INFO Relation normalization request ended observation=865 seconds=10.444
2026-09-29 04:23:40,916 INFO Relation normalization request started observation=870
2026-09-29 04:23:43,592 INFO Relation normalization request ended observation=868 seconds=13.118
2026-09-29 04:23:43,592 INFO Relation normalization request started observation=871
2026-09-29 04:23:48,961 INFO Relation normalization request ended observation=867 seconds=18.488
2026-09-29 04:23:48,961 INFO Relation normalization request started observation=872
2026-09-29 04:23:57,983 INFO Relation normalization request ended observation=863 seconds=27.513
2026-09-29 04:23:57,983 INFO Relation normalization request started observation=873
2026-09-29 04:24:00,555 INFO Relation normalization request ended observation=871 seconds=16.963
2026-09-29 04:24:00,555 INFO Relation normalization request started observation=874
2026-09-29 04:24:07,147 INFO Relation normalization request ended observation=869 seconds=27.213
2026-09-29 04:24:07,147 INFO Relation normalization request started observation=875
2026-09-29 04:24:10,942 INFO Relation normalization request ended observation=864 seconds=40.472
2026-09-29 04:24:10,942 INFO Relation normalization request started observation=876
2026-09-29 04:24:16,850 INFO Relation normalization request ended observation=873 seconds=18.867
2026-09-29 04:24:16,850 INFO Relation normalization request started observation=877
2026-09-29 04:24:22,548 INFO Relation normalization request ended observation=876 seconds=11.606
2026-09-29 04:24:22,549 INFO Relation normalization request started observation=878
2026-09-29 04:24:24,200 INFO Relation normalization request ended observation=877 seconds=7.350
2026-09-29 04:24:24,200 INFO Relation normalization request started observation=879
2026-09-29 04:24:33,968 INFO Relation normalization request ended observation=874 seconds=33.413
2026-09-29 04:24:33,969 INFO Relation normalization request started observation=880
2026-09-29 04:24:39,355 INFO Relation normalization request ended observation=879 seconds=15.155
2026-09-29 04:24:44,041 INFO Relation normalization request ended observation=870 seconds=63.125
2026-09-29 04:25:15,271 INFO Relation normalization request ended observation=875 seconds=68.123
2026-09-29 04:25:18,537 INFO Relation normalization request ended observation=880 seconds=44.568
2026-09-29 04:25:18,728 INFO Relation normalization request ended observation=872 seconds=89.766
2026-09-29 04:25:20,843 INFO Relation normalization request ended observation=878 seconds=58.295
2026-09-29 04:29:04,296 INFO Relation normalization batch size=7 workers=6
2026-09-29 04:29:04,297 INFO Relation normalization request started observation=881
2026-09-29 04:29:04,297 INFO Relation normalization request started observation=882
2026-09-29 04:29:04,298 INFO Relation normalization request started observation=883
2026-09-29 04:29:04,299 INFO Relation normalization request started observation=884
2026-09-29 04:29:04,299 INFO Relation normalization request started observation=885
2026-09-29 04:29:04,300 INFO Relation normalization request started observation=886
2026-09-29 04:29:16,526 INFO Relation normalization request ended observation=886 seconds=12.226
2026-09-29 04:29:16,526 INFO Relation normalization request started observation=887
2026-09-29 04:29:18,929 INFO Relation normalization request ended observation=884 seconds=14.630
2026-09-29 04:29:20,082 INFO Relation normalization request ended observation=885 seconds=15.783
2026-09-29 04:29:20,764 INFO Relation normalization request ended observation=881 seconds=16.468
2026-09-29 04:29:21,514 INFO Relation normalization request ended observation=882 seconds=17.216
2026-09-29 04:29:30,365 INFO Relation normalization request ended observation=883 seconds=26.067
2026-09-29 04:29:30,855 INFO Relation normalization request ended observation=887 seconds=14.330
2026-09-29 04:35:16,189 INFO Relation normalization batch size=10 workers=6
2026-09-29 04:35:16,189 INFO Relation normalization request started observation=888
2026-09-29 04:35:16,190 INFO Relation normalization request started observation=889
2026-09-29 04:35:16,191 INFO Relation normalization request started observation=890
2026-09-29 04:35:16,192 INFO Relation normalization request started observation=891
2026-09-29 04:35:16,193 INFO Relation normalization request started observation=892
2026-09-29 04:35:16,194 INFO Relation normalization request started observation=893
2026-09-29 04:35:30,319 INFO Relation normalization request ended observation=889 seconds=14.128
2026-09-29 04:35:30,319 INFO Relation normalization request started observation=894
2026-09-29 04:35:31,610 INFO Relation normalization request ended observation=890 seconds=15.418
2026-09-29 04:35:31,610 INFO Relation normalization request started observation=895
2026-09-29 04:35:32,769 INFO Relation normalization request ended observation=891 seconds=16.578
2026-09-29 04:35:32,770 INFO Relation normalization request started observation=896
2026-09-29 04:35:46,652 INFO Relation normalization request ended observation=893 seconds=30.458
2026-09-29 04:35:46,652 INFO Relation normalization request started observation=897
2026-09-29 04:35:48,482 INFO Relation normalization request ended observation=892 seconds=32.289
2026-09-29 04:36:15,451 INFO Relation normalization request ended observation=888 seconds=59.262
2026-09-29 04:36:16,009 INFO Relation normalization request ended observation=897 seconds=29.357
2026-09-29 04:36:20,235 INFO Relation normalization request ended observation=894 seconds=49.916
2026-09-29 04:36:37,111 INFO Relation normalization request ended observation=895 seconds=65.501
2026-09-29 04:37:11,497 INFO Relation normalization request ended observation=896 seconds=98.727
2026-09-29 04:40:01,478 INFO Relation normalization batch size=4 workers=6
2026-09-29 04:40:01,478 INFO Relation normalization request started observation=898
2026-09-29 04:40:01,478 INFO Relation normalization request started observation=899
2026-09-29 04:40:01,479 INFO Relation normalization request started observation=900
2026-09-29 04:40:01,479 INFO Relation normalization request started observation=901
2026-09-29 04:40:17,104 INFO Relation normalization request ended observation=901 seconds=15.625
2026-09-29 04:40:17,371 INFO Relation normalization request ended observation=900 seconds=15.892
2026-09-29 04:40:24,078 INFO Relation normalization request ended observation=899 seconds=22.600
2026-09-29 04:40:56,501 INFO Relation normalization request ended observation=898 seconds=55.024
2026-09-29 04:48:15,796 INFO Relation normalization batch size=17 workers=6
2026-09-29 04:48:15,797 INFO Relation normalization request started observation=902
2026-09-29 04:48:15,797 INFO Relation normalization request started observation=903
2026-09-29 04:48:15,798 INFO Relation normalization request started observation=904
2026-09-29 04:48:15,799 INFO Relation normalization request started observation=905
2026-09-29 04:48:15,800 INFO Relation normalization request started observation=906
2026-09-29 04:48:15,801 INFO Relation normalization request started observation=907
2026-09-29 04:48:24,601 INFO Relation normalization request ended observation=903 seconds=8.804
2026-09-29 04:48:24,601 INFO Relation normalization request started observation=908
2026-09-29 04:48:26,445 INFO Relation normalization request ended observation=902 seconds=10.648
2026-09-29 04:48:26,445 INFO Relation normalization request started observation=909
2026-09-29 04:48:27,837 INFO Relation normalization request ended observation=905 seconds=12.037
2026-09-29 04:48:27,837 INFO Relation normalization request started observation=910
2026-09-29 04:48:33,929 INFO Relation normalization request ended observation=909 seconds=7.484
2026-09-29 04:48:33,929 INFO Relation normalization request started observation=911
2026-09-29 04:48:44,080 INFO Relation normalization request ended observation=910 seconds=16.244
2026-09-29 04:48:44,081 INFO Relation normalization request started observation=912
2026-09-29 04:48:45,840 INFO Relation normalization request ended observation=911 seconds=11.910
2026-09-29 04:48:45,840 INFO Relation normalization request started observation=913
2026-09-29 04:49:00,479 INFO Relation normalization request ended observation=912 seconds=16.398
2026-09-29 04:49:00,479 INFO Relation normalization request started observation=914
2026-09-29 04:49:01,055 INFO Relation normalization request ended observation=906 seconds=45.255
2026-09-29 04:49:01,055 INFO Relation normalization request started observation=915
2026-09-29 04:49:01,201 INFO Relation normalization request ended observation=904 seconds=45.403
2026-09-29 04:49:01,202 INFO Relation normalization request started observation=916
2026-09-29 04:49:05,235 INFO Relation normalization request ended observation=913 seconds=19.395
2026-09-29 04:49:05,235 INFO Relation normalization request started observation=917
2026-09-29 04:49:08,749 INFO Relation normalization request ended observation=908 seconds=44.147
2026-09-29 04:49:08,749 INFO Relation normalization request started observation=918
2026-09-29 04:49:14,501 INFO Relation normalization request ended observation=907 seconds=58.700
2026-09-29 04:49:19,316 INFO Relation normalization request ended observation=915 seconds=18.261
2026-09-29 04:49:25,140 INFO Relation normalization request ended observation=916 seconds=23.939
2026-09-29 04:49:34,353 INFO Relation normalization request ended observation=914 seconds=33.874
2026-09-29 04:50:03,928 INFO Relation normalization request ended observation=917 seconds=58.693
2026-09-29 04:50:20,532 INFO Relation normalization request ended observation=918 seconds=71.783
2026-09-29 04:55:33,630 INFO Relation normalization batch size=9 workers=6
2026-09-29 04:55:33,630 INFO Relation normalization request started observation=919
2026-09-29 04:55:33,630 INFO Relation normalization request started observation=920
2026-09-29 04:55:33,632 INFO Relation normalization request started observation=921
2026-09-29 04:55:33,632 INFO Relation normalization request started observation=922
2026-09-29 04:55:33,633 INFO Relation normalization request started observation=923
2026-09-29 04:55:33,634 INFO Relation normalization request started observation=924
2026-09-29 04:55:45,132 INFO Relation normalization request ended observation=922 seconds=11.499
2026-09-29 04:55:45,132 INFO Relation normalization request started observation=925
2026-09-29 04:55:49,983 INFO Relation normalization request ended observation=921 seconds=16.352
2026-09-29 04:55:49,984 INFO Relation normalization request started observation=926
2026-09-29 04:56:03,590 INFO Relation normalization request ended observation=926 seconds=13.607
2026-09-29 04:56:03,590 INFO Relation normalization request started observation=927
2026-09-29 04:56:05,277 INFO Relation normalization request ended observation=924 seconds=31.643
2026-09-29 04:56:13,364 INFO Relation normalization request ended observation=920 seconds=39.734
2026-09-29 04:56:18,996 INFO Relation normalization request ended observation=919 seconds=45.366
2026-09-29 04:56:31,484 INFO Relation normalization request ended observation=927 seconds=27.894
2026-09-29 04:56:31,951 INFO Relation normalization request ended observation=923 seconds=58.318
2026-09-29 04:57:05,605 INFO Relation normalization request ended observation=925 seconds=80.473
2026-09-29 05:01:22,703 INFO Relation normalization batch size=4 workers=6
2026-09-29 05:01:22,703 INFO Relation normalization request started observation=928
2026-09-29 05:01:22,703 INFO Relation normalization request started observation=929
2026-09-29 05:01:22,704 INFO Relation normalization request started observation=930
2026-09-29 05:01:22,704 INFO Relation normalization request started observation=931
2026-09-29 05:01:44,264 INFO Relation normalization request ended observation=928 seconds=21.561
2026-09-29 05:01:53,443 INFO Relation normalization request ended observation=929 seconds=30.739
2026-09-29 05:01:56,224 INFO Relation normalization request ended observation=931 seconds=33.519
2026-09-29 05:02:06,995 INFO Relation normalization request ended observation=930 seconds=44.290
2026-09-29 05:09:39,941 INFO Relation normalization batch size=12 workers=6
2026-09-29 05:09:39,942 INFO Relation normalization request started observation=932
2026-09-29 05:09:39,942 INFO Relation normalization request started observation=933
2026-09-29 05:09:39,943 INFO Relation normalization request started observation=934
2026-09-29 05:09:39,944 INFO Relation normalization request started observation=935
2026-09-29 05:09:39,945 INFO Relation normalization request started observation=936
2026-09-29 05:09:39,946 INFO Relation normalization request started observation=937
2026-09-29 05:09:54,612 INFO Relation normalization request ended observation=932 seconds=14.670
2026-09-29 05:09:54,612 INFO Relation normalization request started observation=938
2026-09-29 05:09:54,765 INFO Relation normalization request ended observation=937 seconds=14.819
2026-09-29 05:09:54,765 INFO Relation normalization request started observation=939
2026-09-29 05:09:55,428 INFO Relation normalization request ended observation=933 seconds=15.486
2026-09-29 05:09:55,428 INFO Relation normalization request started observation=940
2026-09-29 05:09:58,579 INFO Relation normalization request ended observation=934 seconds=18.635
2026-09-29 05:09:58,579 INFO Relation normalization request started observation=941
2026-09-29 05:10:07,469 INFO Relation normalization request ended observation=939 seconds=12.704
2026-09-29 05:10:07,469 INFO Relation normalization request started observation=942
2026-09-29 05:10:08,321 INFO Relation normalization request ended observation=938 seconds=13.709
2026-09-29 05:10:08,321 INFO Relation normalization request started observation=943
2026-09-29 05:10:13,798 INFO Relation normalization request ended observation=936 seconds=33.852
2026-09-29 05:10:15,408 INFO Relation normalization request ended observation=941 seconds=16.829
2026-09-29 05:10:21,473 INFO Relation normalization request ended observation=940 seconds=26.044
2026-09-29 05:10:23,985 INFO Relation normalization request ended observation=942 seconds=16.517
2026-09-29 05:10:24,490 INFO Relation normalization request ended observation=935 seconds=44.545
2026-09-29 05:11:02,591 INFO Relation normalization request ended observation=943 seconds=54.270
2026-09-29 05:16:43,707 INFO Relation normalization batch size=12 workers=6
2026-09-29 05:16:43,707 INFO Relation normalization request started observation=944
2026-09-29 05:16:43,708 INFO Relation normalization request started observation=945
2026-09-29 05:16:43,709 INFO Relation normalization request started observation=946
2026-09-29 05:16:43,709 INFO Relation normalization request started observation=947
2026-09-29 05:16:43,710 INFO Relation normalization request started observation=948
2026-09-29 05:16:43,711 INFO Relation normalization request started observation=949
2026-09-29 05:16:54,909 INFO Relation normalization request ended observation=946 seconds=11.200
2026-09-29 05:16:54,909 INFO Relation normalization request started observation=950
2026-09-29 05:16:59,698 INFO Relation normalization request ended observation=949 seconds=15.987
2026-09-29 05:16:59,698 INFO Relation normalization request started observation=951
2026-09-29 05:17:02,590 INFO Relation normalization request ended observation=944 seconds=18.883
2026-09-29 05:17:02,590 INFO Relation normalization request started observation=952
2026-09-29 05:17:10,132 INFO Relation normalization request ended observation=945 seconds=26.424
2026-09-29 05:17:10,132 INFO Relation normalization request started observation=953
2026-09-29 05:17:15,100 INFO Relation normalization request ended observation=947 seconds=31.391
2026-09-29 05:17:15,100 INFO Relation normalization request started observation=954
2026-09-29 05:17:18,529 INFO Relation normalization request ended observation=951 seconds=18.831
2026-09-29 05:17:18,529 INFO Relation normalization request started observation=955
2026-09-29 05:17:34,802 INFO Relation normalization request ended observation=948 seconds=51.092
2026-09-29 05:17:39,342 INFO Relation normalization request ended observation=950 seconds=44.433
2026-09-29 05:17:52,465 INFO Relation normalization request ended observation=952 seconds=49.875
2026-09-29 05:17:52,829 INFO Relation normalization request ended observation=954 seconds=37.729
2026-09-29 05:18:15,856 INFO Relation normalization request ended observation=955 seconds=57.327
2026-09-29 05:18:20,234 INFO Relation normalization request ended observation=953 seconds=70.102
2026-09-29 05:20:35,934 INFO Relation normalization batch size=8 workers=6
2026-09-29 05:20:35,935 INFO Relation normalization request started observation=956
2026-09-29 05:20:35,935 INFO Relation normalization request started observation=957
2026-09-29 05:20:35,936 INFO Relation normalization request started observation=958
2026-09-29 05:20:35,936 INFO Relation normalization request started observation=959
2026-09-29 05:20:35,937 INFO Relation normalization request started observation=960
2026-09-29 05:20:35,938 INFO Relation normalization request started observation=961
2026-09-29 05:20:47,011 INFO Relation normalization request ended observation=960 seconds=11.074
2026-09-29 05:20:47,012 INFO Relation normalization request started observation=962
2026-09-29 05:20:49,279 INFO Relation normalization request ended observation=957 seconds=13.344
2026-09-29 05:20:49,280 INFO Relation normalization request started observation=963
2026-09-29 05:20:55,888 INFO Relation normalization request ended observation=959 seconds=19.952
2026-09-29 05:20:58,873 INFO Relation normalization request ended observation=956 seconds=22.938
2026-09-29 05:21:02,314 INFO Relation normalization request ended observation=961 seconds=26.376
2026-09-29 05:21:11,764 INFO Relation normalization request ended observation=962 seconds=24.752
2026-09-29 05:21:12,880 INFO Relation normalization request ended observation=958 seconds=36.945
2026-09-29 05:21:14,670 INFO Relation normalization request ended observation=963 seconds=25.391
2026-09-29 05:25:26,014 INFO Relation normalization batch size=10 workers=6
2026-09-29 05:25:26,014 INFO Relation normalization request started observation=964
2026-09-29 05:25:26,014 INFO Relation normalization request started observation=965
2026-09-29 05:25:26,015 INFO Relation normalization request started observation=966
2026-09-29 05:25:26,015 INFO Relation normalization request started observation=967
2026-09-29 05:25:26,015 INFO Relation normalization request started observation=968
2026-09-29 05:25:26,016 INFO Relation normalization request started observation=969
2026-09-29 05:25:40,143 INFO Relation normalization request ended observation=964 seconds=14.129
2026-09-29 05:25:40,144 INFO Relation normalization request started observation=970
2026-09-29 05:25:53,574 INFO Relation normalization request ended observation=968 seconds=27.559
2026-09-29 05:25:53,575 INFO Relation normalization request started observation=971
2026-09-29 05:25:55,542 INFO Relation normalization request ended observation=967 seconds=29.526
2026-09-29 05:25:55,542 INFO Relation normalization request started observation=972
2026-09-29 05:26:07,338 INFO Relation normalization request ended observation=970 seconds=27.194
2026-09-29 05:26:07,338 INFO Relation normalization request started observation=973
2026-09-29 05:26:08,312 INFO Relation normalization request ended observation=965 seconds=42.297
2026-09-29 05:26:23,549 INFO Relation normalization request ended observation=966 seconds=57.533
2026-09-29 05:26:29,164 INFO Relation normalization request ended observation=969 seconds=63.148
2026-09-29 05:26:29,399 INFO Relation normalization request ended observation=971 seconds=35.824
2026-09-29 05:26:33,983 INFO Relation normalization request ended observation=973 seconds=26.645
2026-09-29 05:26:46,802 INFO Relation normalization request ended observation=972 seconds=51.260
2026-09-29 05:28:23,933 INFO Relation normalization batch size=7 workers=6
2026-09-29 05:28:23,933 INFO Relation normalization request started observation=974
2026-09-29 05:28:23,933 INFO Relation normalization request started observation=975
2026-09-29 05:28:23,935 INFO Relation normalization request started observation=976
2026-09-29 05:28:23,935 INFO Relation normalization request started observation=977
2026-09-29 05:28:23,936 INFO Relation normalization request started observation=978
2026-09-29 05:28:23,937 INFO Relation normalization request started observation=979
2026-09-29 05:28:36,625 INFO Relation normalization request ended observation=975 seconds=12.692
2026-09-29 05:28:36,625 INFO Relation normalization request started observation=980
2026-09-29 05:28:41,997 INFO Relation normalization request ended observation=976 seconds=18.062
2026-09-29 05:28:54,485 INFO Relation normalization request ended observation=978 seconds=30.549
2026-09-29 05:28:55,864 INFO Relation normalization request ended observation=974 seconds=31.931
2026-09-29 05:29:24,942 INFO Relation normalization request ended observation=980 seconds=48.317
2026-09-29 05:29:38,766 INFO Relation normalization request ended observation=979 seconds=74.829
2026-09-29 05:29:49,213 INFO Relation normalization request ended observation=977 seconds=85.278
2026-09-29 05:32:45,425 INFO Relation normalization batch size=5 workers=6
2026-09-29 05:32:45,426 INFO Relation normalization request started observation=981
2026-09-29 05:32:45,426 INFO Relation normalization request started observation=982
2026-09-29 05:32:45,427 INFO Relation normalization request started observation=983
2026-09-29 05:32:45,428 INFO Relation normalization request started observation=984
2026-09-29 05:32:45,428 INFO Relation normalization request started observation=985
2026-09-29 05:32:53,764 INFO Relation normalization request ended observation=982 seconds=8.338
2026-09-29 05:32:56,599 INFO Relation normalization request ended observation=981 seconds=11.174
2026-09-29 05:33:01,389 INFO Relation normalization request ended observation=983 seconds=15.963
2026-09-29 05:33:09,977 INFO Relation normalization request ended observation=985 seconds=24.549
2026-09-29 05:33:58,274 INFO Relation normalization request ended observation=984 seconds=72.846
2026-09-29 05:48:07,345 INFO Relation normalization batch size=27 workers=6
2026-09-29 05:48:07,345 INFO Relation normalization request started observation=986
2026-09-29 05:48:07,346 INFO Relation normalization request started observation=987
2026-09-29 05:48:07,347 INFO Relation normalization request started observation=988
2026-09-29 05:48:07,348 INFO Relation normalization request started observation=989
2026-09-29 05:48:07,349 INFO Relation normalization request started observation=990
2026-09-29 05:48:07,349 INFO Relation normalization request started observation=991
2026-09-29 05:48:14,236 INFO Relation normalization request ended observation=988 seconds=6.889
2026-09-29 05:48:14,236 INFO Relation normalization request started observation=992
2026-09-29 05:48:18,677 INFO Relation normalization request ended observation=990 seconds=11.329
2026-09-29 05:48:18,677 INFO Relation normalization request started observation=993
2026-09-29 05:48:19,390 INFO Relation normalization request ended observation=989 seconds=12.042
2026-09-29 05:48:19,390 INFO Relation normalization request started observation=994
2026-09-29 05:48:21,700 INFO Relation normalization request ended observation=991 seconds=14.350
2026-09-29 05:48:21,700 INFO Relation normalization request started observation=995
2026-09-29 05:48:25,942 INFO Relation normalization request ended observation=986 seconds=18.596
2026-09-29 05:48:25,942 INFO Relation normalization request started observation=996
2026-09-29 05:48:34,928 INFO Relation normalization request ended observation=995 seconds=13.228
2026-09-29 05:48:34,929 INFO Relation normalization request started observation=997
2026-09-29 05:48:34,932 INFO Relation normalization request ended observation=987 seconds=27.586
2026-09-29 05:48:34,932 INFO Relation normalization request started observation=998
2026-09-29 05:48:38,676 INFO Relation normalization request ended observation=996 seconds=12.734
2026-09-29 05:48:38,676 INFO Relation normalization request started observation=999
2026-09-29 05:48:39,851 INFO Relation normalization request ended observation=993 seconds=21.174
2026-09-29 05:48:39,851 INFO Relation normalization request started observation=1000
2026-09-29 05:48:45,827 INFO Relation normalization request ended observation=992 seconds=31.592
2026-09-29 05:48:45,828 INFO Relation normalization request started observation=1001
2026-09-29 05:48:55,184 INFO Relation normalization request ended observation=1001 seconds=9.356
2026-09-29 05:48:55,184 INFO Relation normalization request started observation=1002
2026-09-29 05:48:59,434 INFO Relation normalization request ended observation=999 seconds=20.758
2026-09-29 05:48:59,434 INFO Relation normalization request started observation=1003
2026-09-29 05:49:02,162 INFO Relation normalization request ended observation=994 seconds=42.772
2026-09-29 05:49:02,162 INFO Relation normalization request started observation=1004
2026-09-29 05:49:09,239 INFO Relation normalization request ended observation=998 seconds=34.307
2026-09-29 05:49:09,239 INFO Relation normalization request started observation=1005
2026-09-29 05:49:10,675 INFO Relation normalization request ended observation=1002 seconds=15.491
2026-09-29 05:49:10,676 INFO Relation normalization request started observation=1006
2026-09-29 05:49:20,231 INFO Relation normalization request ended observation=1000 seconds=40.380
2026-09-29 05:49:20,231 INFO Relation normalization request started observation=1007
2026-09-29 05:49:21,378 INFO Relation normalization request ended observation=1006 seconds=10.703
2026-09-29 05:49:21,379 INFO Relation normalization request started observation=1008
2026-09-29 05:49:25,862 INFO Relation normalization request ended observation=1004 seconds=23.700
2026-09-29 05:49:25,862 INFO Relation normalization request started observation=1009
2026-09-29 05:49:26,498 INFO Relation normalization request ended observation=1005 seconds=17.259
2026-09-29 05:49:26,498 INFO Relation normalization request started observation=1010
2026-09-29 05:49:32,680 INFO Relation normalization request ended observation=1007 seconds=12.449
2026-09-29 05:49:32,680 INFO Relation normalization request started observation=1011
2026-09-29 05:49:33,635 INFO Relation normalization request ended observation=1008 seconds=12.256
2026-09-29 05:49:33,635 INFO Relation normalization request started observation=1012
2026-09-29 05:49:34,016 INFO Relation normalization request ended observation=997 seconds=59.087
2026-09-29 05:49:35,413 INFO Relation normalization request ended observation=1010 seconds=8.915
2026-09-29 05:49:35,827 INFO Relation normalization request ended observation=1009 seconds=9.965
2026-09-29 05:49:46,838 INFO Relation normalization request ended observation=1012 seconds=13.202
2026-09-29 05:49:56,664 INFO Relation normalization request ended observation=1011 seconds=23.983
2026-09-29 05:49:57,381 INFO Relation normalization request ended observation=1003 seconds=57.947
2026-09-29 05:56:01,414 INFO Relation normalization batch size=11 workers=6
2026-09-29 05:56:01,414 INFO Relation normalization request started observation=1013
2026-09-29 05:56:01,415 INFO Relation normalization request started observation=1014
2026-09-29 05:56:01,416 INFO Relation normalization request started observation=1015
2026-09-29 05:56:01,416 INFO Relation normalization request started observation=1016
2026-09-29 05:56:01,417 INFO Relation normalization request started observation=1017
2026-09-29 05:56:01,418 INFO Relation normalization request started observation=1018
2026-09-29 05:56:11,111 INFO Relation normalization request ended observation=1016 seconds=9.695
2026-09-29 05:56:11,112 INFO Relation normalization request started observation=1019
2026-09-29 05:56:15,366 INFO Relation normalization request ended observation=1017 seconds=13.950
2026-09-29 05:56:15,367 INFO Relation normalization request started observation=1020
2026-09-29 05:56:15,659 INFO Relation normalization request ended observation=1018 seconds=14.241
2026-09-29 05:56:15,659 INFO Relation normalization request started observation=1021
2026-09-29 05:56:16,384 INFO Relation normalization request ended observation=1013 seconds=14.970
2026-09-29 05:56:16,384 INFO Relation normalization request started observation=1022
2026-09-29 05:56:17,032 INFO Relation normalization request ended observation=1015 seconds=15.616
2026-09-29 05:56:17,032 INFO Relation normalization request started observation=1023
2026-09-29 05:56:39,408 INFO Relation normalization request ended observation=1019 seconds=28.296
2026-09-29 05:56:39,633 INFO Relation normalization request ended observation=1021 seconds=23.974
2026-09-29 05:56:50,351 INFO Relation normalization request ended observation=1022 seconds=33.967
2026-09-29 05:56:52,151 INFO Relation normalization request ended observation=1014 seconds=50.736
2026-09-29 05:57:05,570 INFO Relation normalization request ended observation=1020 seconds=50.204
2026-09-29 05:57:21,694 INFO Relation normalization request ended observation=1023 seconds=64.662
2026-09-29 06:01:38,301 INFO Relation normalization batch size=14 workers=6
2026-09-29 06:01:38,302 INFO Relation normalization request started observation=1024
2026-09-29 06:01:38,302 INFO Relation normalization request started observation=1025
2026-09-29 06:01:38,303 INFO Relation normalization request started observation=1026
2026-09-29 06:01:38,304 INFO Relation normalization request started observation=1027
2026-09-29 06:01:38,305 INFO Relation normalization request started observation=1028
2026-09-29 06:01:38,306 INFO Relation normalization request started observation=1029
2026-09-29 06:01:57,008 INFO Relation normalization request ended observation=1028 seconds=18.703
2026-09-29 06:01:57,008 INFO Relation normalization request started observation=1030
2026-09-29 06:01:57,494 INFO Relation normalization request ended observation=1027 seconds=19.190
2026-09-29 06:01:57,494 INFO Relation normalization request started observation=1031
2026-09-29 06:02:06,307 INFO Relation normalization request ended observation=1024 seconds=28.006
2026-09-29 06:02:06,308 INFO Relation normalization request started observation=1032
2026-09-29 06:02:18,675 INFO Relation normalization request ended observation=1025 seconds=40.372
2026-09-29 06:02:18,675 INFO Relation normalization request started observation=1033
2026-09-29 06:02:21,688 INFO Relation normalization request ended observation=1029 seconds=43.382
2026-09-29 06:02:21,688 INFO Relation normalization request started observation=1034
2026-09-29 06:02:24,194 INFO Relation normalization request ended observation=1026 seconds=45.891
2026-09-29 06:02:24,195 INFO Relation normalization request started observation=1035
2026-09-29 06:02:30,536 INFO Relation normalization request ended observation=1032 seconds=24.228
2026-09-29 06:02:30,536 INFO Relation normalization request started observation=1036
2026-09-29 06:02:34,041 INFO Relation normalization request ended observation=1033 seconds=15.366
2026-09-29 06:02:34,042 INFO Relation normalization request started observation=1037
2026-09-29 06:02:35,568 INFO Relation normalization request ended observation=1030 seconds=38.560
2026-09-29 06:02:38,149 INFO Relation normalization request ended observation=1031 seconds=40.654
2026-09-29 06:02:45,744 INFO Relation normalization request ended observation=1036 seconds=15.207
2026-09-29 06:02:59,772 INFO Relation normalization request ended observation=1034 seconds=38.084
2026-09-29 06:03:26,304 INFO Relation normalization request ended observation=1035 seconds=62.109
2026-09-29 06:03:41,202 INFO Relation normalization request ended observation=1037 seconds=67.160
2026-09-29 06:07:19,282 INFO Relation normalization batch size=8 workers=6
2026-09-29 06:07:19,282 INFO Relation normalization request started observation=1038
2026-09-29 06:07:19,283 INFO Relation normalization request started observation=1039
2026-09-29 06:07:19,284 INFO Relation normalization request started observation=1040
2026-09-29 06:07:19,285 INFO Relation normalization request started observation=1041
2026-09-29 06:07:19,285 INFO Relation normalization request started observation=1042
2026-09-29 06:07:19,286 INFO Relation normalization request started observation=1043
2026-09-29 06:07:27,881 INFO Relation normalization request ended observation=1038 seconds=8.599
2026-09-29 06:07:27,882 INFO Relation normalization request started observation=1044
2026-09-29 06:07:30,931 INFO Relation normalization request ended observation=1040 seconds=11.647
2026-09-29 06:07:30,932 INFO Relation normalization request started observation=1045
2026-09-29 06:07:38,076 INFO Relation normalization request ended observation=1042 seconds=18.791
2026-09-29 06:07:39,271 INFO Relation normalization request ended observation=1041 seconds=19.987
2026-09-29 06:07:42,475 INFO Relation normalization request ended observation=1043 seconds=23.188
2026-09-29 06:07:49,863 INFO Relation normalization request ended observation=1039 seconds=30.580
2026-09-29 06:07:58,922 INFO Relation normalization request ended observation=1044 seconds=31.040
2026-09-29 06:07:59,311 INFO Relation normalization request ended observation=1045 seconds=28.379
2026-09-29 06:16:17,422 INFO Relation normalization batch size=11 workers=6
2026-09-29 06:16:17,422 INFO Relation normalization request started observation=1046
2026-09-29 06:16:17,423 INFO Relation normalization request started observation=1047
2026-09-29 06:16:17,424 INFO Relation normalization request started observation=1048
2026-09-29 06:16:17,425 INFO Relation normalization request started observation=1049
2026-09-29 06:16:17,426 INFO Relation normalization request started observation=1050
2026-09-29 06:16:17,427 INFO Relation normalization request started observation=1051
2026-09-29 06:16:24,363 INFO Relation normalization request ended observation=1048 seconds=6.939
2026-09-29 06:16:24,363 INFO Relation normalization request started observation=1052
2026-09-29 06:16:25,209 INFO Relation normalization request ended observation=1046 seconds=7.787
2026-09-29 06:16:25,210 INFO Relation normalization request started observation=1053
2026-09-29 06:16:28,401 INFO Relation normalization request ended observation=1047 seconds=10.978
2026-09-29 06:16:28,402 INFO Relation normalization request started observation=1054
2026-09-29 06:16:33,163 INFO Relation normalization request ended observation=1051 seconds=15.736
2026-09-29 06:16:33,163 INFO Relation normalization request started observation=1055
2026-09-29 06:16:35,853 INFO Relation normalization request ended observation=1052 seconds=11.490
2026-09-29 06:16:35,853 INFO Relation normalization request started observation=1056
2026-09-29 06:16:39,501 INFO Relation normalization request ended observation=1050 seconds=22.075
2026-09-29 06:16:40,200 INFO Relation normalization request ended observation=1049 seconds=22.775
2026-09-29 06:16:45,722 INFO Relation normalization request ended observation=1055 seconds=12.559
2026-09-29 06:16:46,678 INFO Relation normalization request ended observation=1056 seconds=10.826
2026-09-29 06:16:47,346 INFO Relation normalization request ended observation=1054 seconds=18.944
2026-09-29 06:17:43,107 INFO Relation normalization request ended observation=1053 seconds=77.897
2026-09-29 06:22:12,010 INFO Relation normalization batch size=11 workers=6
2026-09-29 06:22:12,010 INFO Relation normalization request started observation=1057
2026-09-29 06:22:12,011 INFO Relation normalization request started observation=1058
2026-09-29 06:22:12,012 INFO Relation normalization request started observation=1059
2026-09-29 06:22:12,013 INFO Relation normalization request started observation=1060
2026-09-29 06:22:12,014 INFO Relation normalization request started observation=1061
2026-09-29 06:22:12,014 INFO Relation normalization request started observation=1062
2026-09-29 06:22:26,855 INFO Relation normalization request ended observation=1062 seconds=14.840
2026-09-29 06:22:26,855 INFO Relation normalization request started observation=1063
2026-09-29 06:22:40,157 INFO Relation normalization request ended observation=1058 seconds=28.146
2026-09-29 06:22:40,157 INFO Relation normalization request started observation=1064
2026-09-29 06:22:44,879 INFO Relation normalization request ended observation=1063 seconds=18.024
2026-09-29 06:22:44,879 INFO Relation normalization request started observation=1065
2026-09-29 06:22:46,823 INFO Relation normalization request ended observation=1057 seconds=34.813
2026-09-29 06:22:46,823 INFO Relation normalization request started observation=1066
2026-09-29 06:22:59,472 INFO Relation normalization request ended observation=1060 seconds=47.459
2026-09-29 06:22:59,473 INFO Relation normalization request started observation=1067
2026-09-29 06:23:00,231 INFO Relation normalization request ended observation=1064 seconds=20.075
2026-09-29 06:23:04,633 INFO Relation normalization request ended observation=1066 seconds=17.810
2026-09-29 06:23:18,585 INFO Relation normalization request ended observation=1059 seconds=66.573
2026-09-29 06:23:34,996 INFO Relation normalization request ended observation=1067 seconds=35.523
2026-09-29 06:23:40,498 INFO Relation normalization request ended observation=1061 seconds=88.484
2026-09-29 06:23:44,099 INFO Relation normalization request ended observation=1065 seconds=59.220
2026-09-29 06:30:52,161 INFO Relation normalization batch size=13 workers=6
2026-09-29 06:30:52,162 INFO Relation normalization request started observation=1068
2026-09-29 06:30:52,162 INFO Relation normalization request started observation=1069
2026-09-29 06:30:52,163 INFO Relation normalization request started observation=1070
2026-09-29 06:30:52,163 INFO Relation normalization request started observation=1071
2026-09-29 06:30:52,164 INFO Relation normalization request started observation=1072
2026-09-29 06:30:52,165 INFO Relation normalization request started observation=1073
2026-09-29 06:31:07,631 INFO Relation normalization request ended observation=1068 seconds=15.469
2026-09-29 06:31:07,631 INFO Relation normalization request started observation=1074
2026-09-29 06:31:11,921 INFO Relation normalization request ended observation=1071 seconds=19.758
2026-09-29 06:31:11,921 INFO Relation normalization request started observation=1075
2026-09-29 06:31:14,768 INFO Relation normalization request ended observation=1070 seconds=22.605
2026-09-29 06:31:14,768 INFO Relation normalization request started observation=1076
2026-09-29 06:31:17,365 INFO Relation normalization request ended observation=1069 seconds=25.203
2026-09-29 06:31:17,365 INFO Relation normalization request started observation=1077
2026-09-29 06:31:30,124 INFO Relation normalization request ended observation=1077 seconds=12.759
2026-09-29 06:31:30,124 INFO Relation normalization request started observation=1078
2026-09-29 06:31:30,802 INFO Relation normalization request ended observation=1075 seconds=18.881
2026-09-29 06:31:30,802 INFO Relation normalization request started observation=1079
2026-09-29 06:31:34,154 INFO Relation normalization request ended observation=1072 seconds=41.990
2026-09-29 06:31:34,155 INFO Relation normalization request started observation=1080
2026-09-29 06:31:46,832 INFO Relation normalization request ended observation=1076 seconds=32.063
2026-09-29 06:31:54,267 INFO Relation normalization request ended observation=1073 seconds=62.102
2026-09-29 06:31:57,116 INFO Relation normalization request ended observation=1074 seconds=49.485
2026-09-29 06:32:01,940 INFO Relation normalization request ended observation=1080 seconds=27.785
2026-09-29 06:32:35,976 INFO Relation normalization request ended observation=1079 seconds=65.174
2026-09-29 06:33:10,513 INFO Relation normalization request ended observation=1078 seconds=100.389
2026-09-29 06:38:03,315 INFO Relation normalization batch size=12 workers=6
2026-09-29 06:38:03,315 INFO Relation normalization request started observation=1081
2026-09-29 06:38:03,315 INFO Relation normalization request started observation=1082
2026-09-29 06:38:03,316 INFO Relation normalization request started observation=1083
2026-09-29 06:38:03,316 INFO Relation normalization request started observation=1084
2026-09-29 06:38:03,317 INFO Relation normalization request started observation=1085
2026-09-29 06:38:03,319 INFO Relation normalization request started observation=1086
2026-09-29 06:38:16,696 INFO Relation normalization request ended observation=1083 seconds=13.380
2026-09-29 06:38:16,696 INFO Relation normalization request started observation=1087
2026-09-29 06:38:18,312 INFO Relation normalization request ended observation=1081 seconds=14.998
2026-09-29 06:38:18,313 INFO Relation normalization request started observation=1088
2026-09-29 06:38:19,872 INFO Relation normalization request ended observation=1086 seconds=16.553
2026-09-29 06:38:19,872 INFO Relation normalization request started observation=1089
2026-09-29 06:38:26,010 INFO Relation normalization request ended observation=1087 seconds=9.314
2026-09-29 06:38:26,010 INFO Relation normalization request started observation=1090
2026-09-29 06:38:26,852 INFO Relation normalization request ended observation=1082 seconds=23.537
2026-09-29 06:38:26,852 INFO Relation normalization request started observation=1091
2026-09-29 06:38:40,561 INFO Relation normalization request ended observation=1090 seconds=14.551
2026-09-29 06:38:40,561 INFO Relation normalization request started observation=1092
2026-09-29 06:38:41,949 INFO Relation normalization request ended observation=1088 seconds=23.637
2026-09-29 06:38:44,256 INFO Relation normalization request ended observation=1085 seconds=40.939
2026-09-29 06:38:47,751 INFO Relation normalization request ended observation=1092 seconds=7.189
2026-09-29 06:38:48,571 INFO Relation normalization request ended observation=1084 seconds=45.255
2026-09-29 06:38:50,063 INFO Relation normalization request ended observation=1089 seconds=30.191
2026-09-29 06:38:50,651 INFO Relation normalization request ended observation=1091 seconds=23.799
2026-09-29 06:51:15,778 INFO Relation normalization batch size=21 workers=6
2026-09-29 06:51:15,778 INFO Relation normalization request started observation=1093
2026-09-29 06:51:15,779 INFO Relation normalization request started observation=1094
2026-09-29 06:51:15,779 INFO Relation normalization request started observation=1095
2026-09-29 06:51:15,780 INFO Relation normalization request started observation=1096
2026-09-29 06:51:15,781 INFO Relation normalization request started observation=1097
2026-09-29 06:51:15,781 INFO Relation normalization request started observation=1098
2026-09-29 06:51:28,317 INFO Relation normalization request ended observation=1097 seconds=12.536
2026-09-29 06:51:28,317 INFO Relation normalization request started observation=1099
2026-09-29 06:51:31,150 INFO Relation normalization request ended observation=1093 seconds=15.373
2026-09-29 06:51:31,151 INFO Relation normalization request started observation=1100
2026-09-29 06:51:38,563 INFO Relation normalization request ended observation=1096 seconds=22.784
2026-09-29 06:51:38,564 INFO Relation normalization request started observation=1101
2026-09-29 06:51:42,879 INFO Relation normalization request ended observation=1099 seconds=14.562
2026-09-29 06:51:42,879 INFO Relation normalization request started observation=1102
2026-09-29 06:51:45,756 INFO Relation normalization request ended observation=1094 seconds=29.977
2026-09-29 06:51:45,756 INFO Relation normalization request started observation=1103
2026-09-29 06:51:46,332 INFO Relation normalization request ended observation=1098 seconds=30.551
2026-09-29 06:51:46,332 INFO Relation normalization request started observation=1104
2026-09-29 06:51:49,188 INFO Relation normalization request ended observation=1101 seconds=10.624
2026-09-29 06:51:49,188 INFO Relation normalization request started observation=1105
2026-09-29 06:51:50,272 INFO Relation normalization request ended observation=1100 seconds=19.122
2026-09-29 06:51:50,273 INFO Relation normalization request started observation=1106
2026-09-29 06:51:54,683 INFO Relation normalization request ended observation=1102 seconds=11.805
2026-09-29 06:51:54,684 INFO Relation normalization request started observation=1107
2026-09-29 06:51:56,401 INFO Relation normalization request ended observation=1103 seconds=10.645
2026-09-29 06:51:56,402 INFO Relation normalization request started observation=1108
2026-09-29 06:51:58,094 INFO Relation normalization request ended observation=1095 seconds=42.315
2026-09-29 06:51:58,094 INFO Relation normalization request started observation=1109
2026-09-29 06:52:01,005 INFO Relation normalization request ended observation=1104 seconds=14.673
2026-09-29 06:52:01,006 INFO Relation normalization request started observation=1110
2026-09-29 06:52:07,942 INFO Relation normalization request ended observation=1109 seconds=9.848
2026-09-29 06:52:07,942 INFO Relation normalization request started observation=1111
2026-09-29 06:52:10,329 INFO Relation normalization request ended observation=1107 seconds=15.646
2026-09-29 06:52:10,329 INFO Relation normalization request started observation=1112
2026-09-29 06:52:15,290 INFO Relation normalization request ended observation=1108 seconds=18.889
2026-09-29 06:52:15,290 INFO Relation normalization request started observation=1113
2026-09-29 06:52:25,258 INFO Relation normalization request ended observation=1110 seconds=24.252
2026-09-29 06:52:26,814 INFO Relation normalization request ended observation=1113 seconds=11.524
2026-09-29 06:52:33,244 INFO Relation normalization request ended observation=1112 seconds=22.914
2026-09-29 06:52:50,291 INFO Relation normalization request ended observation=1111 seconds=42.348
2026-09-29 06:52:52,453 INFO Relation normalization request ended observation=1106 seconds=62.180
2026-09-29 06:53:10,124 INFO Relation normalization request ended observation=1105 seconds=80.936
2026-09-29 07:02:11,313 INFO Relation normalization batch size=15 workers=6
2026-09-29 07:02:11,313 INFO Relation normalization request started observation=1114
2026-09-29 07:02:11,314 INFO Relation normalization request started observation=1115
2026-09-29 07:02:11,314 INFO Relation normalization request started observation=1116
2026-09-29 07:02:11,316 INFO Relation normalization request started observation=1117
2026-09-29 07:02:11,317 INFO Relation normalization request started observation=1118
2026-09-29 07:02:11,318 INFO Relation normalization request started observation=1119
2026-09-29 07:02:24,568 INFO Relation normalization request ended observation=1118 seconds=13.251
2026-09-29 07:02:24,568 INFO Relation normalization request started observation=1120
2026-09-29 07:02:28,659 INFO Relation normalization request ended observation=1116 seconds=17.344
2026-09-29 07:02:28,659 INFO Relation normalization request started observation=1121
2026-09-29 07:02:29,964 INFO Relation normalization request ended observation=1117 seconds=18.648
2026-09-29 07:02:29,964 INFO Relation normalization request started observation=1122
2026-09-29 07:02:30,488 INFO Relation normalization request ended observation=1114 seconds=19.175
2026-09-29 07:02:30,488 INFO Relation normalization request started observation=1123
2026-09-29 07:02:34,031 INFO Relation normalization request ended observation=1119 seconds=22.714
2026-09-29 07:02:34,031 INFO Relation normalization request started observation=1124
2026-09-29 07:02:37,933 INFO Relation normalization request ended observation=1115 seconds=26.619
2026-09-29 07:02:37,934 INFO Relation normalization request started observation=1125
2026-09-29 07:02:43,469 INFO Relation normalization request ended observation=1123 seconds=12.980
2026-09-29 07:02:43,469 INFO Relation normalization request started observation=1126
2026-09-29 07:02:45,625 INFO Relation normalization request ended observation=1122 seconds=15.661
2026-09-29 07:02:45,625 INFO Relation normalization request started observation=1127
2026-09-29 07:02:46,785 INFO Relation normalization request ended observation=1125 seconds=8.852
2026-09-29 07:02:46,786 INFO Relation normalization request started observation=1128
2026-09-29 07:02:47,014 INFO Relation normalization request ended observation=1121 seconds=18.355
2026-09-29 07:02:55,336 INFO Relation normalization request ended observation=1120 seconds=30.768
2026-09-29 07:03:00,056 INFO Relation normalization request ended observation=1124 seconds=26.025
2026-09-29 07:03:01,873 INFO Relation normalization request ended observation=1127 seconds=16.248
2026-09-29 07:03:02,927 INFO Relation normalization request ended observation=1126 seconds=19.458
2026-09-29 07:03:35,019 INFO Relation normalization request ended observation=1128 seconds=48.233
2026-09-29 07:07:33,093 INFO Relation normalization batch size=15 workers=6
2026-09-29 07:07:33,094 INFO Relation normalization request started observation=1129
2026-09-29 07:07:33,095 INFO Relation normalization request started observation=1130
2026-09-29 07:07:33,096 INFO Relation normalization request started observation=1131
2026-09-29 07:07:33,096 INFO Relation normalization request started observation=1132
2026-09-29 07:07:33,097 INFO Relation normalization request started observation=1133
2026-09-29 07:07:33,098 INFO Relation normalization request started observation=1134
2026-09-29 07:07:42,192 INFO Relation normalization request ended observation=1131 seconds=9.096
2026-09-29 07:07:42,192 INFO Relation normalization request started observation=1135
2026-09-29 07:07:43,200 INFO Relation normalization request ended observation=1130 seconds=10.105
2026-09-29 07:07:43,200 INFO Relation normalization request started observation=1136
2026-09-29 07:07:45,095 INFO Relation normalization request ended observation=1132 seconds=11.999
2026-09-29 07:07:45,095 INFO Relation normalization request started observation=1137
2026-09-29 07:07:48,363 INFO Relation normalization request ended observation=1133 seconds=15.266
2026-09-29 07:07:48,364 INFO Relation normalization request started observation=1138
2026-09-29 07:08:00,269 INFO Relation normalization request ended observation=1138 seconds=11.905
2026-09-29 07:08:00,269 INFO Relation normalization request started observation=1139
2026-09-29 07:08:05,611 INFO Relation normalization request ended observation=1135 seconds=23.419
2026-09-29 07:08:05,612 INFO Relation normalization request started observation=1140
2026-09-29 07:08:09,135 INFO Relation normalization request ended observation=1137 seconds=24.040
2026-09-29 07:08:09,135 INFO Relation normalization request started observation=1141
2026-09-29 07:08:09,603 INFO Relation normalization request ended observation=1134 seconds=36.505
2026-09-29 07:08:09,603 INFO Relation normalization request started observation=1142
2026-09-29 07:08:10,713 INFO Relation normalization request ended observation=1139 seconds=10.444
2026-09-29 07:08:10,713 INFO Relation normalization request started observation=1143
2026-09-29 07:08:15,594 INFO Relation normalization request ended observation=1129 seconds=42.501
2026-09-29 07:08:16,618 INFO Relation normalization request ended observation=1142 seconds=7.015
2026-09-29 07:08:23,193 INFO Relation normalization request ended observation=1143 seconds=12.480
2026-09-29 07:08:44,152 INFO Relation normalization request ended observation=1141 seconds=35.017
2026-09-29 07:08:49,972 INFO Relation normalization request ended observation=1140 seconds=44.360
2026-09-29 07:09:42,074 INFO Relation normalization request ended observation=1136 seconds=118.874
2026-09-29 07:14:04,008 INFO Relation normalization batch size=15 workers=6
2026-09-29 07:14:04,008 INFO Relation normalization request started observation=1144
2026-09-29 07:14:04,009 INFO Relation normalization request started observation=1145
2026-09-29 07:14:04,010 INFO Relation normalization request started observation=1146
2026-09-29 07:14:04,011 INFO Relation normalization request started observation=1147
2026-09-29 07:14:04,012 INFO Relation normalization request started observation=1148
2026-09-29 07:14:04,013 INFO Relation normalization request started observation=1149
2026-09-29 07:14:12,808 INFO Relation normalization request ended observation=1148 seconds=8.796
2026-09-29 07:14:12,808 INFO Relation normalization request started observation=1150
2026-09-29 07:14:22,121 INFO Relation normalization request ended observation=1145 seconds=18.111
2026-09-29 07:14:22,121 INFO Relation normalization request started observation=1151
2026-09-29 07:14:25,013 INFO Relation normalization request ended observation=1146 seconds=21.002
2026-09-29 07:14:25,013 INFO Relation normalization request started observation=1152
2026-09-29 07:14:25,571 INFO Relation normalization request ended observation=1150 seconds=12.763
2026-09-29 07:14:25,572 INFO Relation normalization request started observation=1153
2026-09-29 07:14:31,603 INFO Relation normalization request ended observation=1149 seconds=27.591
2026-09-29 07:14:31,604 INFO Relation normalization request started observation=1154
2026-09-29 07:14:33,672 INFO Relation normalization request ended observation=1144 seconds=29.664
2026-09-29 07:14:33,673 INFO Relation normalization request started observation=1155
2026-09-29 07:14:39,835 INFO Relation normalization request ended observation=1152 seconds=14.822
2026-09-29 07:14:39,836 INFO Relation normalization request started observation=1156
2026-09-29 07:14:46,117 INFO Relation normalization request ended observation=1154 seconds=14.514
2026-09-29 07:14:46,118 INFO Relation normalization request started observation=1157
2026-09-29 07:14:47,233 INFO Relation normalization request ended observation=1153 seconds=21.661
2026-09-29 07:14:47,233 INFO Relation normalization request started observation=1158
2026-09-29 07:14:47,402 INFO Relation normalization request ended observation=1155 seconds=13.729
2026-09-29 07:14:54,885 INFO Relation normalization request ended observation=1156 seconds=15.049
2026-09-29 07:14:59,197 INFO Relation normalization request ended observation=1147 seconds=55.186
2026-09-29 07:14:59,558 INFO Relation normalization request ended observation=1157 seconds=13.440
2026-09-29 07:15:01,908 INFO Relation normalization request ended observation=1158 seconds=14.675
2026-09-29 07:15:09,383 INFO Relation normalization request ended observation=1151 seconds=47.262
2026-09-29 07:19:45,180 INFO Relation normalization batch size=14 workers=6
2026-09-29 07:19:45,181 INFO Relation normalization request started observation=1159
2026-09-29 07:19:45,182 INFO Relation normalization request started observation=1160
2026-09-29 07:19:45,183 INFO Relation normalization request started observation=1161
2026-09-29 07:19:45,183 INFO Relation normalization request started observation=1162
2026-09-29 07:19:45,184 INFO Relation normalization request started observation=1163
2026-09-29 07:19:45,185 INFO Relation normalization request started observation=1164
2026-09-29 07:20:12,822 INFO Relation normalization request ended observation=1161 seconds=27.640
2026-09-29 07:20:12,823 INFO Relation normalization request started observation=1165
2026-09-29 07:20:25,895 INFO Relation normalization request ended observation=1160 seconds=40.713
2026-09-29 07:20:25,895 INFO Relation normalization request started observation=1166
2026-09-29 07:20:43,674 INFO Relation normalization request ended observation=1159 seconds=58.494
2026-09-29 07:20:43,675 INFO Relation normalization request started observation=1167
2026-09-29 07:20:44,699 INFO Relation normalization request ended observation=1164 seconds=59.514
2026-09-29 07:20:44,699 INFO Relation normalization request started observation=1168
2026-09-29 07:20:55,027 INFO Relation normalization request ended observation=1166 seconds=29.132
2026-09-29 07:20:55,027 INFO Relation normalization request started observation=1169
2026-09-29 07:21:06,240 INFO Relation normalization request ended observation=1163 seconds=81.055
2026-09-29 07:21:06,240 INFO Relation normalization request started observation=1170
2026-09-29 07:21:10,363 INFO Relation normalization request ended observation=1168 seconds=25.664
2026-09-29 07:21:10,364 INFO Relation normalization request started observation=1171
2026-09-29 07:21:10,877 INFO Relation normalization request ended observation=1167 seconds=27.202
2026-09-29 07:21:10,877 INFO Relation normalization request started observation=1172
2026-09-29 07:21:10,952 INFO Relation normalization request ended observation=1162 seconds=85.768
2026-09-29 07:21:27,629 INFO Relation normalization request ended observation=1172 seconds=16.752
2026-09-29 07:21:31,715 INFO Relation normalization request ended observation=1171 seconds=21.352
2026-09-29 07:21:33,869 INFO Relation normalization request ended observation=1170 seconds=27.629
2026-09-29 07:21:43,416 INFO Relation normalization request ended observation=1165 seconds=90.593
2026-09-29 07:23:33,261 INFO Relation normalization request ended observation=1169 seconds=158.234
2026-09-29 07:27:05,722 INFO Relation normalization batch size=8 workers=6
2026-09-29 07:27:05,723 INFO Relation normalization request started observation=1173
2026-09-29 07:27:05,723 INFO Relation normalization request started observation=1174
2026-09-29 07:27:05,724 INFO Relation normalization request started observation=1175
2026-09-29 07:27:05,725 INFO Relation normalization request started observation=1176
2026-09-29 07:27:05,726 INFO Relation normalization request started observation=1177
2026-09-29 07:27:05,727 INFO Relation normalization request started observation=1178
2026-09-29 07:27:19,143 INFO Relation normalization request ended observation=1174 seconds=13.420
2026-09-29 07:27:19,143 INFO Relation normalization request started observation=1179
2026-09-29 07:27:33,434 INFO Relation normalization request ended observation=1173 seconds=27.712
2026-09-29 07:27:33,435 INFO Relation normalization request started observation=1180
2026-09-29 07:27:42,185 INFO Relation normalization request ended observation=1177 seconds=36.459
2026-09-29 07:27:43,784 INFO Relation normalization request ended observation=1179 seconds=24.641
2026-09-29 07:27:45,240 INFO Relation normalization request ended observation=1178 seconds=39.513
2026-09-29 07:27:48,450 INFO Relation normalization request ended observation=1180 seconds=15.015
2026-09-29 07:28:01,925 INFO Relation normalization request ended observation=1175 seconds=56.200
2026-09-29 07:28:09,134 INFO Relation normalization request ended observation=1176 seconds=63.408
2026-09-29 07:32:28,642 INFO Relation normalization batch size=10 workers=6
2026-09-29 07:32:28,642 INFO Relation normalization request started observation=1181
2026-09-29 07:32:28,643 INFO Relation normalization request started observation=1182
2026-09-29 07:32:28,644 INFO Relation normalization request started observation=1183
2026-09-29 07:32:28,644 INFO Relation normalization request started observation=1184
2026-09-29 07:32:28,644 INFO Relation normalization request started observation=1185
2026-09-29 07:32:28,645 INFO Relation normalization request started observation=1186
2026-09-29 07:32:39,624 INFO Relation normalization request ended observation=1186 seconds=10.979
2026-09-29 07:32:39,624 INFO Relation normalization request started observation=1187
2026-09-29 07:32:42,540 INFO Relation normalization request ended observation=1185 seconds=13.895
2026-09-29 07:32:42,540 INFO Relation normalization request started observation=1188
2026-09-29 07:32:45,912 INFO Relation normalization request ended observation=1182 seconds=17.269
2026-09-29 07:32:45,912 INFO Relation normalization request started observation=1189
2026-09-29 07:32:49,905 INFO Relation normalization request ended observation=1181 seconds=21.262
2026-09-29 07:32:49,905 INFO Relation normalization request started observation=1190
2026-09-29 07:32:52,133 INFO Relation normalization request ended observation=1183 seconds=23.489
2026-09-29 07:32:57,401 INFO Relation normalization request ended observation=1190 seconds=7.496
2026-09-29 07:32:59,291 INFO Relation normalization request ended observation=1187 seconds=19.667
2026-09-29 07:32:59,816 INFO Relation normalization request ended observation=1189 seconds=13.903
2026-09-29 07:33:28,324 INFO Relation normalization request ended observation=1188 seconds=45.784
2026-09-29 07:33:43,703 INFO Relation normalization request ended observation=1184 seconds=75.059
2026-09-29 07:38:54,692 INFO Relation normalization batch size=10 workers=6
2026-09-29 07:38:54,692 INFO Relation normalization request started observation=1191
2026-09-29 07:38:54,693 INFO Relation normalization request started observation=1192
2026-09-29 07:38:54,694 INFO Relation normalization request started observation=1193
2026-09-29 07:38:54,695 INFO Relation normalization request started observation=1194
2026-09-29 07:38:54,696 INFO Relation normalization request started observation=1195
2026-09-29 07:38:54,697 INFO Relation normalization request started observation=1196
2026-09-29 07:39:04,995 INFO Relation normalization request ended observation=1195 seconds=10.299
2026-09-29 07:39:04,995 INFO Relation normalization request started observation=1197
2026-09-29 07:39:06,333 INFO Relation normalization request ended observation=1194 seconds=11.638
2026-09-29 07:39:06,333 INFO Relation normalization request started observation=1198
2026-09-29 07:39:14,589 INFO Relation normalization request ended observation=1197 seconds=9.594
2026-09-29 07:39:14,589 INFO Relation normalization request started observation=1199
2026-09-29 07:39:18,005 INFO Relation normalization request ended observation=1196 seconds=23.308
2026-09-29 07:39:18,005 INFO Relation normalization request started observation=1200
2026-09-29 07:39:32,235 INFO Relation normalization request ended observation=1192 seconds=37.543
2026-09-29 07:39:32,588 INFO Relation normalization request ended observation=1193 seconds=37.894
2026-09-29 07:39:33,113 INFO Relation normalization request ended observation=1200 seconds=15.108
2026-09-29 07:39:37,711 INFO Relation normalization request ended observation=1191 seconds=43.018
2026-09-29 07:39:48,434 INFO Relation normalization request ended observation=1199 seconds=33.845
2026-09-29 07:39:55,346 INFO Relation normalization request ended observation=1198 seconds=49.013
2026-09-29 07:44:37,433 INFO Relation normalization batch size=7 workers=6
2026-09-29 07:44:37,433 INFO Relation normalization request started observation=1201
2026-09-29 07:44:37,433 INFO Relation normalization request started observation=1202
2026-09-29 07:44:37,434 INFO Relation normalization request started observation=1203
2026-09-29 07:44:37,435 INFO Relation normalization request started observation=1204
2026-09-29 07:44:37,435 INFO Relation normalization request started observation=1205
2026-09-29 07:44:37,437 INFO Relation normalization request started observation=1206
2026-09-29 07:44:49,285 INFO Relation normalization request ended observation=1201 seconds=11.852
2026-09-29 07:44:49,286 INFO Relation normalization request started observation=1207
2026-09-29 07:44:50,399 INFO Relation normalization request ended observation=1203 seconds=12.965
2026-09-29 07:44:54,878 INFO Relation normalization request ended observation=1206 seconds=17.442
2026-09-29 07:45:01,081 INFO Relation normalization request ended observation=1204 seconds=23.646
2026-09-29 07:45:02,731 INFO Relation normalization request ended observation=1207 seconds=13.445
2026-09-29 07:45:32,778 INFO Relation normalization request ended observation=1205 seconds=55.342
2026-09-29 07:46:00,459 INFO Relation normalization request ended observation=1202 seconds=83.026
2026-09-29 07:54:24,235 INFO Relation normalization batch size=23 workers=6
2026-09-29 07:54:24,235 INFO Relation normalization request started observation=1208
2026-09-29 07:54:24,236 INFO Relation normalization request started observation=1209
2026-09-29 07:54:24,237 INFO Relation normalization request started observation=1210
2026-09-29 07:54:24,238 INFO Relation normalization request started observation=1211
2026-09-29 07:54:24,239 INFO Relation normalization request started observation=1212
2026-09-29 07:54:24,240 INFO Relation normalization request started observation=1213
2026-09-29 07:54:40,138 INFO Relation normalization request ended observation=1208 seconds=15.902
2026-09-29 07:54:40,138 INFO Relation normalization request started observation=1214
2026-09-29 07:54:40,959 INFO Relation normalization request ended observation=1209 seconds=16.723
2026-09-29 07:54:40,959 INFO Relation normalization request started observation=1215
2026-09-29 07:54:46,479 INFO Relation normalization request ended observation=1212 seconds=22.240
2026-09-29 07:54:46,479 INFO Relation normalization request started observation=1216
2026-09-29 07:54:46,745 INFO Relation normalization request ended observation=1211 seconds=22.506
2026-09-29 07:54:46,745 INFO Relation normalization request started observation=1217
2026-09-29 07:54:48,934 INFO Relation normalization request ended observation=1213 seconds=24.694
2026-09-29 07:54:48,934 INFO Relation normalization request started observation=1218
2026-09-29 07:55:00,627 INFO Relation normalization request ended observation=1217 seconds=13.882
2026-09-29 07:55:00,627 INFO Relation normalization request started observation=1219
2026-09-29 07:55:00,632 INFO Relation normalization request ended observation=1215 seconds=19.673
2026-09-29 07:55:00,632 INFO Relation normalization request started observation=1220
2026-09-29 07:55:05,791 INFO Relation normalization request ended observation=1218 seconds=16.857
2026-09-29 07:55:05,791 INFO Relation normalization request started observation=1221
2026-09-29 07:55:08,468 INFO Relation normalization request ended observation=1210 seconds=44.231
2026-09-29 07:55:08,468 INFO Relation normalization request started observation=1222
2026-09-29 07:55:08,807 INFO Relation normalization request ended observation=1214 seconds=28.669
2026-09-29 07:55:08,808 INFO Relation normalization request started observation=1223
2026-09-29 07:55:18,219 INFO Relation normalization request ended observation=1219 seconds=17.592
2026-09-29 07:55:18,219 INFO Relation normalization request started observation=1224
2026-09-29 07:55:19,354 INFO Relation normalization request ended observation=1216 seconds=32.875
2026-09-29 07:55:19,354 INFO Relation normalization request started observation=1225
2026-09-29 07:55:27,507 INFO Relation normalization request ended observation=1220 seconds=26.875
2026-09-29 07:55:27,507 INFO Relation normalization request started observation=1226
2026-09-29 07:55:29,247 INFO Relation normalization request ended observation=1223 seconds=20.439
2026-09-29 07:55:29,247 INFO Relation normalization request started observation=1227
2026-09-29 07:55:30,414 INFO Relation normalization request ended observation=1221 seconds=24.623
2026-09-29 07:55:30,415 INFO Relation normalization request started observation=1228
2026-09-29 07:55:31,309 INFO Relation normalization request ended observation=1225 seconds=11.954
2026-09-29 07:55:31,309 INFO Relation normalization request started observation=1229
2026-09-29 07:55:40,839 INFO Relation normalization request ended observation=1228 seconds=10.425
2026-09-29 07:55:40,839 INFO Relation normalization request started observation=1230
2026-09-29 07:55:41,173 INFO Relation normalization request ended observation=1226 seconds=13.665
2026-09-29 07:55:41,546 INFO Relation normalization request ended observation=1222 seconds=33.078
2026-09-29 07:55:42,755 INFO Relation normalization request ended observation=1229 seconds=11.447
2026-09-29 07:55:47,067 INFO Relation normalization request ended observation=1224 seconds=28.848
2026-09-29 07:55:48,806 INFO Relation normalization request ended observation=1227 seconds=19.559
2026-09-29 07:56:59,210 INFO Relation normalization request ended observation=1230 seconds=78.371
2026-09-29 07:58:46,664 INFO Relation normalization batch size=4 workers=6
2026-09-29 07:58:46,664 INFO Relation normalization request started observation=1231
2026-09-29 07:58:46,664 INFO Relation normalization request started observation=1232
2026-09-29 07:58:46,665 INFO Relation normalization request started observation=1233
2026-09-29 07:58:46,665 INFO Relation normalization request started observation=1234
2026-09-29 07:58:55,322 INFO Relation normalization request ended observation=1234 seconds=8.657
2026-09-29 07:58:57,824 INFO Relation normalization request ended observation=1233 seconds=11.159
2026-09-29 07:59:11,010 INFO Relation normalization request ended observation=1231 seconds=24.346
2026-09-29 07:59:33,799 INFO Relation normalization request ended observation=1232 seconds=47.135
2026-09-29 08:05:10,400 INFO Relation normalization batch size=13 workers=6
2026-09-29 08:05:10,401 INFO Relation normalization request started observation=1235
2026-09-29 08:05:10,402 INFO Relation normalization request started observation=1236
2026-09-29 08:05:10,402 INFO Relation normalization request started observation=1237
2026-09-29 08:05:10,403 INFO Relation normalization request started observation=1238
2026-09-29 08:05:10,404 INFO Relation normalization request started observation=1239
2026-09-29 08:05:10,405 INFO Relation normalization request started observation=1240
2026-09-29 08:05:22,420 INFO Relation normalization request ended observation=1237 seconds=12.017
2026-09-29 08:05:22,420 INFO Relation normalization request started observation=1241
2026-09-29 08:05:38,916 INFO Relation normalization request ended observation=1238 seconds=28.512
2026-09-29 08:05:38,916 INFO Relation normalization request started observation=1242
2026-09-29 08:05:39,965 INFO Relation normalization request ended observation=1240 seconds=29.560
2026-09-29 08:05:39,965 INFO Relation normalization request started observation=1243
2026-09-29 08:05:40,932 INFO Relation normalization request ended observation=1236 seconds=30.531
2026-09-29 08:05:40,933 INFO Relation normalization request started observation=1244
2026-09-29 08:06:03,452 INFO Relation normalization request ended observation=1241 seconds=41.032
2026-09-29 08:06:03,452 INFO Relation normalization request started observation=1245
2026-09-29 08:06:14,218 INFO Relation normalization request ended observation=1242 seconds=35.302
2026-09-29 08:06:14,218 INFO Relation normalization request started observation=1246
2026-09-29 08:06:15,740 INFO Relation normalization request ended observation=1239 seconds=65.336
2026-09-29 08:06:15,740 INFO Relation normalization request started observation=1247
2026-09-29 08:06:20,993 INFO Relation normalization request ended observation=1245 seconds=17.541
2026-09-29 08:06:31,357 INFO Relation normalization request ended observation=1244 seconds=50.424
2026-09-29 08:07:16,359 INFO Relation normalization request ended observation=1243 seconds=96.393
2026-09-29 08:07:19,736 INFO Relation normalization request ended observation=1235 seconds=129.335
2026-09-29 08:07:48,304 INFO Relation normalization request ended observation=1246 seconds=94.086
2026-09-29 08:07:50,445 INFO Relation normalization request ended observation=1247 seconds=94.705
2026-09-29 08:12:14,903 INFO Relation normalization batch size=4 workers=6
2026-09-29 08:12:14,904 INFO Relation normalization request started observation=1248
2026-09-29 08:12:14,904 INFO Relation normalization request started observation=1249
2026-09-29 08:12:14,905 INFO Relation normalization request started observation=1250
2026-09-29 08:12:14,906 INFO Relation normalization request started observation=1251
2026-09-29 08:12:31,074 INFO Relation normalization request ended observation=1248 seconds=16.170
2026-09-29 08:12:33,413 INFO Relation normalization request ended observation=1251 seconds=18.508
2026-09-29 08:13:09,977 INFO Relation normalization request ended observation=1250 seconds=55.071
2026-09-29 08:13:12,609 INFO Relation normalization request ended observation=1249 seconds=57.705
2026-09-29 08:21:02,096 INFO Relation normalization batch size=19 workers=6
2026-09-29 08:21:02,097 INFO Relation normalization request started observation=1252
2026-09-29 08:21:02,098 INFO Relation normalization request started observation=1253
2026-09-29 08:21:02,098 INFO Relation normalization request started observation=1254
2026-09-29 08:21:02,100 INFO Relation normalization request started observation=1255
2026-09-29 08:21:02,101 INFO Relation normalization request started observation=1256
2026-09-29 08:21:02,102 INFO Relation normalization request started observation=1257
2026-09-29 08:21:10,240 INFO Relation normalization request ended observation=1256 seconds=8.139
2026-09-29 08:21:10,240 INFO Relation normalization request started observation=1258
2026-09-29 08:21:13,584 INFO Relation normalization request ended observation=1255 seconds=11.484
2026-09-29 08:21:13,584 INFO Relation normalization request started observation=1259
2026-09-29 08:21:14,885 INFO Relation normalization request ended observation=1253 seconds=12.787
2026-09-29 08:21:14,885 INFO Relation normalization request started observation=1260
2026-09-29 08:21:18,678 INFO Relation normalization request ended observation=1254 seconds=16.580
2026-09-29 08:21:18,678 INFO Relation normalization request started observation=1261
2026-09-29 08:21:20,352 INFO Relation normalization request ended observation=1252 seconds=18.726
2026-09-29 08:21:20,353 INFO Relation normalization request started observation=1262
2026-09-29 08:21:28,143 INFO Relation normalization request ended observation=1259 seconds=15.029
2026-09-29 08:21:28,143 INFO Relation normalization request started observation=1263
2026-09-29 08:21:51,392 INFO Relation normalization request ended observation=1257 seconds=50.259
2026-09-29 08:21:51,392 INFO Relation normalization request started observation=1264
2026-09-29 08:21:51,631 INFO Relation normalization request ended observation=1258 seconds=42.360
2026-09-29 08:21:51,631 INFO Relation normalization request started observation=1265
2026-09-29 08:21:52,375 INFO Relation normalization request ended observation=1262 seconds=32.521
2026-09-29 08:21:52,375 INFO Relation normalization request started observation=1266
2026-09-29 08:22:03,510 INFO Relation normalization request ended observation=1263 seconds=35.867
2026-09-29 08:22:03,511 INFO Relation normalization request started observation=1267
2026-09-29 08:22:06,011 INFO Relation normalization request ended observation=1261 seconds=48.302
2026-09-29 08:22:06,012 INFO Relation normalization request started observation=1268
2026-09-29 08:22:07,833 INFO Relation normalization request ended observation=1260 seconds=53.917
2026-09-29 08:22:07,833 INFO Relation normalization request started observation=1269
2026-09-29 08:22:10,853 INFO Relation normalization request ended observation=1266 seconds=18.478
2026-09-29 08:22:10,853 INFO Relation normalization request started observation=1270
2026-09-29 08:22:28,062 INFO Relation normalization request ended observation=1267 seconds=24.972
2026-09-29 08:22:28,126 INFO Relation normalization request ended observation=1268 seconds=22.535
2026-09-29 08:22:29,119 INFO Relation normalization request ended observation=1270 seconds=18.686
2026-09-29 08:22:49,359 INFO Relation normalization request ended observation=1265 seconds=58.149
2026-09-29 08:23:25,401 INFO Relation normalization request ended observation=1269 seconds=78.459
2026-09-29 08:23:55,759 INFO Relation normalization request ended observation=1264 seconds=125.730
2026-09-29 08:29:33,832 INFO Relation normalization batch size=9 workers=6
2026-09-29 08:29:33,832 INFO Relation normalization request started observation=1271
2026-09-29 08:29:33,833 INFO Relation normalization request started observation=1272
2026-09-29 08:29:33,834 INFO Relation normalization request started observation=1273
2026-09-29 08:29:33,835 INFO Relation normalization request started observation=1274
2026-09-29 08:29:33,835 INFO Relation normalization request started observation=1275
2026-09-29 08:29:33,836 INFO Relation normalization request started observation=1276
2026-09-29 08:29:43,356 INFO Relation normalization request ended observation=1272 seconds=9.523
2026-09-29 08:29:43,356 INFO Relation normalization request started observation=1277
2026-09-29 08:29:49,220 INFO Relation normalization request ended observation=1275 seconds=15.385
2026-09-29 08:29:49,220 INFO Relation normalization request started observation=1278
2026-09-29 08:29:49,940 INFO Relation normalization request ended observation=1273 seconds=16.106
2026-09-29 08:29:49,940 INFO Relation normalization request started observation=1279
2026-09-29 08:29:53,676 INFO Relation normalization request ended observation=1274 seconds=19.841
2026-09-29 08:29:56,693 INFO Relation normalization request ended observation=1271 seconds=22.861
2026-09-29 08:30:00,888 INFO Relation normalization request ended observation=1278 seconds=11.667
2026-09-29 08:30:19,108 INFO Relation normalization request ended observation=1279 seconds=29.169
2026-09-29 08:30:56,512 INFO Relation normalization request ended observation=1277 seconds=74.168
2026-09-29 08:31:14,608 INFO Relation normalization request ended observation=1276 seconds=101.784
2026-09-29 08:36:18,757 INFO Relation normalization batch size=18 workers=6
2026-09-29 08:36:18,757 INFO Relation normalization request started observation=1280
2026-09-29 08:36:18,758 INFO Relation normalization request started observation=1281
2026-09-29 08:36:18,759 INFO Relation normalization request started observation=1282
2026-09-29 08:36:18,760 INFO Relation normalization request started observation=1283
2026-09-29 08:36:18,761 INFO Relation normalization request started observation=1284
2026-09-29 08:36:18,761 INFO Relation normalization request started observation=1285
2026-09-29 08:36:35,256 INFO Relation normalization request ended observation=1282 seconds=16.497
2026-09-29 08:36:35,256 INFO Relation normalization request started observation=1286
2026-09-29 08:36:45,121 INFO Relation normalization request ended observation=1286 seconds=9.865
2026-09-29 08:36:45,122 INFO Relation normalization request started observation=1287
2026-09-29 08:36:46,361 INFO Relation normalization request ended observation=1280 seconds=28.144
2026-09-29 08:36:46,361 INFO Relation normalization request started observation=1288
2026-09-29 08:36:53,923 INFO Relation normalization request ended observation=1283 seconds=35.703
2026-09-29 08:36:53,923 INFO Relation normalization request started observation=1289
2026-09-29 08:36:58,223 INFO Relation normalization request ended observation=1287 seconds=13.641
2026-09-29 08:36:58,223 INFO Relation normalization request started observation=1290
2026-09-29 08:37:01,427 INFO Relation normalization request ended observation=1284 seconds=43.207
2026-09-29 08:37:01,427 INFO Relation normalization request started observation=1291
2026-09-29 08:37:03,867 INFO Relation normalization request ended observation=1281 seconds=45.649
2026-09-29 08:37:03,868 INFO Relation normalization request started observation=1292
2026-09-29 08:37:06,880 INFO Relation normalization request ended observation=1285 seconds=48.659
2026-09-29 08:37:06,880 INFO Relation normalization request started observation=1293
2026-09-29 08:37:12,360 INFO Relation normalization request ended observation=1288 seconds=25.998
2026-09-29 08:37:12,360 INFO Relation normalization request started observation=1294
2026-09-29 08:37:20,485 INFO Relation normalization request ended observation=1291 seconds=19.623
2026-09-29 08:37:20,485 INFO Relation normalization request started observation=1295
2026-09-29 08:37:24,869 INFO Relation normalization request ended observation=1289 seconds=31.510
2026-09-29 08:37:24,869 INFO Relation normalization request started observation=1296
2026-09-29 08:37:31,630 INFO Relation normalization request ended observation=1294 seconds=19.835
2026-09-29 08:37:31,631 INFO Relation normalization request started observation=1297
2026-09-29 08:37:34,731 INFO Relation normalization request ended observation=1292 seconds=31.427
2026-09-29 08:37:41,125 INFO Relation normalization request ended observation=1290 seconds=43.466
2026-09-29 08:37:45,791 INFO Relation normalization request ended observation=1295 seconds=25.306
2026-09-29 08:37:48,668 INFO Relation normalization request ended observation=1297 seconds=17.037
2026-09-29 08:37:53,138 INFO Relation normalization request ended observation=1293 seconds=47.366
2026-09-29 08:37:58,156 INFO Relation normalization request ended observation=1296 seconds=33.831
2026-09-29 08:54:44,384 INFO Relation normalization batch size=21 workers=6
2026-09-29 08:54:44,384 INFO Relation normalization request started observation=1298
2026-09-29 08:54:44,384 INFO Relation normalization request started observation=1299
2026-09-29 08:54:44,386 INFO Relation normalization request started observation=1300
2026-09-29 08:54:44,387 INFO Relation normalization request started observation=1301
2026-09-29 08:54:44,388 INFO Relation normalization request started observation=1302
2026-09-29 08:54:44,389 INFO Relation normalization request started observation=1303
2026-09-29 08:54:57,004 INFO Relation normalization request ended observation=1302 seconds=13.178
2026-09-29 08:54:57,005 INFO Relation normalization request started observation=1304
2026-09-29 08:55:01,641 INFO Relation normalization request ended observation=1300 seconds=17.817
2026-09-29 08:55:01,641 INFO Relation normalization request started observation=1305
2026-09-29 08:55:12,335 INFO Relation normalization request ended observation=1303 seconds=28.508
2026-09-29 08:55:12,335 INFO Relation normalization request started observation=1306
2026-09-29 08:55:15,908 INFO Relation normalization request ended observation=1301 seconds=32.083
2026-09-29 08:55:15,908 INFO Relation normalization request started observation=1307
2026-09-29 08:55:25,592 INFO Relation normalization request ended observation=1304 seconds=29.143
2026-09-29 08:55:25,592 INFO Relation normalization request started observation=1308
2026-09-29 08:55:40,896 INFO Relation normalization request ended observation=1306 seconds=29.116
2026-09-29 08:55:40,896 INFO Relation normalization request started observation=1309
2026-09-29 08:55:43,848 INFO Relation normalization request ended observation=1299 seconds=60.581
2026-09-29 08:55:43,848 INFO Relation normalization request started observation=1310
2026-09-29 08:55:52,814 INFO Relation normalization request ended observation=1307 seconds=37.461
2026-09-29 08:55:52,814 INFO Relation normalization request started observation=1311
2026-09-29 08:55:55,262 INFO Relation normalization request ended observation=1309 seconds=14.885
2026-09-29 08:55:55,262 INFO Relation normalization request started observation=1312
2026-09-29 08:55:58,237 INFO Relation normalization request ended observation=1310 seconds=14.908
2026-09-29 08:55:58,237 INFO Relation normalization request started observation=1313
2026-09-29 08:56:02,111 INFO Relation normalization request ended observation=1305 seconds=61.545
2026-09-29 08:56:02,111 INFO Relation normalization request started observation=1314
2026-09-29 08:56:13,219 INFO Relation normalization request ended observation=1312 seconds=17.957
2026-09-29 08:56:13,220 INFO Relation normalization request started observation=1315
2026-09-29 08:56:18,302 INFO Relation normalization request ended observation=1298 seconds=95.554
2026-09-29 08:56:18,302 INFO Relation normalization request started observation=1316
2026-09-29 08:56:19,463 INFO Relation normalization request ended observation=1314 seconds=17.353
2026-09-29 08:56:19,463 INFO Relation normalization request started observation=1317
2026-09-29 08:56:27,593 INFO Relation normalization request ended observation=1311 seconds=35.821
2026-09-29 08:56:27,593 INFO Relation normalization request started observation=1318
2026-09-29 08:56:33,444 INFO Relation normalization request ended observation=1313 seconds=35.729
2026-09-29 08:56:34,757 INFO Relation normalization request ended observation=1316 seconds=16.978
2026-09-29 08:56:36,692 INFO Relation normalization request ended observation=1308 seconds=72.142
2026-09-29 08:56:46,917 INFO Relation normalization request ended observation=1318 seconds=19.324
2026-09-29 08:56:48,252 INFO Relation normalization request ended observation=1315 seconds=35.555
2026-09-29 08:56:48,417 INFO Relation normalization request ended observation=1317 seconds=29.476
2026-09-29 09:09:12,310 INFO Relation normalization batch size=18 workers=6
2026-09-29 09:09:12,311 INFO Relation normalization request started observation=1319
2026-09-29 09:09:12,312 INFO Relation normalization request started observation=1320
2026-09-29 09:09:12,313 INFO Relation normalization request started observation=1321
2026-09-29 09:09:12,314 INFO Relation normalization request started observation=1322
2026-09-29 09:09:12,315 INFO Relation normalization request started observation=1323
2026-09-29 09:09:12,315 INFO Relation normalization request started observation=1324
2026-09-29 09:09:33,673 INFO Relation normalization request ended observation=1320 seconds=21.361
2026-09-29 09:09:33,673 INFO Relation normalization request started observation=1325
2026-09-29 09:09:35,106 INFO Relation normalization request ended observation=1319 seconds=22.795
2026-09-29 09:09:35,106 INFO Relation normalization request started observation=1326
2026-09-29 09:09:36,545 INFO Relation normalization request ended observation=1322 seconds=24.231
2026-09-29 09:09:36,545 INFO Relation normalization request started observation=1327
2026-09-29 09:09:38,312 INFO Relation normalization request ended observation=1323 seconds=25.997
2026-09-29 09:09:38,312 INFO Relation normalization request started observation=1328
2026-09-29 09:09:39,026 INFO Relation normalization request ended observation=1321 seconds=26.713
2026-09-29 09:09:39,026 INFO Relation normalization request started observation=1329
2026-09-29 09:09:50,642 INFO Relation normalization request ended observation=1329 seconds=12.166
2026-09-29 09:09:50,643 INFO Relation normalization request started observation=1330
2026-09-29 09:09:50,875 INFO Relation normalization request ended observation=1328 seconds=13.113
2026-09-29 09:09:50,875 INFO Relation normalization request started observation=1331
2026-09-29 09:09:55,019 INFO Relation normalization request ended observation=1324 seconds=43.253
2026-09-29 09:09:55,019 INFO Relation normalization request started observation=1332
2026-09-29 09:10:00,561 INFO Relation normalization request ended observation=1327 seconds=24.565
2026-09-29 09:10:00,561 INFO Relation normalization request started observation=1333
2026-09-29 09:10:01,425 INFO Relation normalization request ended observation=1330 seconds=10.783
2026-09-29 09:10:01,425 INFO Relation normalization request started observation=1334
2026-09-29 09:10:05,791 INFO Relation normalization request ended observation=1331 seconds=14.916
2026-09-29 09:10:05,791 INFO Relation normalization request started observation=1335
2026-09-29 09:10:18,221 INFO Relation normalization request ended observation=1334 seconds=17.333
2026-09-29 09:10:18,221 INFO Relation normalization request started observation=1336
2026-09-29 09:10:19,102 INFO Relation normalization request ended observation=1325 seconds=46.516
2026-09-29 09:10:19,395 INFO Relation normalization request ended observation=1333 seconds=19.371
2026-09-29 09:10:21,969 INFO Relation normalization request ended observation=1335 seconds=16.716
2026-09-29 09:10:27,870 INFO Relation normalization request ended observation=1332 seconds=33.388
2026-09-29 09:10:29,452 INFO Relation normalization request ended observation=1336 seconds=11.231
2026-09-29 09:10:37,901 INFO Relation normalization request ended observation=1326 seconds=63.883
2026-09-29 09:21:50,765 INFO Relation normalization batch size=25 workers=6
2026-09-29 09:21:50,766 INFO Relation normalization request started observation=1337
2026-09-29 09:21:50,767 INFO Relation normalization request started observation=1338
2026-09-29 09:21:50,767 INFO Relation normalization request started observation=1339
2026-09-29 09:21:50,768 INFO Relation normalization request started observation=1340
2026-09-29 09:21:50,769 INFO Relation normalization request started observation=1341
2026-09-29 09:21:50,770 INFO Relation normalization request started observation=1342
2026-09-29 09:22:00,664 INFO Relation normalization request ended observation=1339 seconds=10.454
2026-09-29 09:22:00,665 INFO Relation normalization request started observation=1343
2026-09-29 09:22:03,088 INFO Relation normalization request ended observation=1337 seconds=12.880
2026-09-29 09:22:03,088 INFO Relation normalization request started observation=1344
2026-09-29 09:22:11,678 INFO Relation normalization request ended observation=1341 seconds=21.467
2026-09-29 09:22:11,679 INFO Relation normalization request started observation=1345
2026-09-29 09:22:18,137 INFO Relation normalization request ended observation=1344 seconds=15.049
2026-09-29 09:22:18,138 INFO Relation normalization request started observation=1346
2026-09-29 09:22:20,092 INFO Relation normalization request ended observation=1342 seconds=29.879
2026-09-29 09:22:20,093 INFO Relation normalization request started observation=1347
2026-09-29 09:22:24,991 INFO Relation normalization request ended observation=1343 seconds=24.326
2026-09-29 09:22:24,991 INFO Relation normalization request started observation=1348
2026-09-29 09:22:26,378 INFO Relation normalization request ended observation=1340 seconds=36.167
2026-09-29 09:22:26,379 INFO Relation normalization request started observation=1349
2026-09-29 09:22:27,654 INFO Relation normalization request ended observation=1338 seconds=37.445
2026-09-29 09:22:27,654 INFO Relation normalization request started observation=1350
2026-09-29 09:22:28,228 INFO Relation normalization request ended observation=1345 seconds=16.550
2026-09-29 09:22:28,228 INFO Relation normalization request started observation=1351
2026-09-29 09:22:35,517 INFO Relation normalization request ended observation=1350 seconds=8.428
2026-09-29 09:22:35,517 INFO Relation normalization request started observation=1352
2026-09-29 09:22:39,222 INFO Relation normalization request ended observation=1349 seconds=13.409
2026-09-29 09:22:39,222 INFO Relation normalization request started observation=1353
2026-09-29 09:22:56,751 INFO Relation normalization request ended observation=1351 seconds=29.088
2026-09-29 09:22:56,751 INFO Relation normalization request started observation=1354
2026-09-29 09:23:01,434 INFO Relation normalization request ended observation=1347 seconds=42.471
2026-09-29 09:23:01,434 INFO Relation normalization request started observation=1355
2026-09-29 09:23:04,237 INFO Relation normalization request ended observation=1352 seconds=29.285
2026-09-29 09:23:04,238 INFO Relation normalization request started observation=1356
2026-09-29 09:23:20,344 INFO Relation normalization request ended observation=1353 seconds=41.686
2026-09-29 09:23:20,344 INFO Relation normalization request started observation=1357
2026-09-29 09:23:21,463 INFO Relation normalization request ended observation=1355 seconds=20.029
2026-09-29 09:23:21,463 INFO Relation normalization request started observation=1358
2026-09-29 09:23:21,581 INFO Relation normalization request ended observation=1356 seconds=17.343
2026-09-29 09:23:21,581 INFO Relation normalization request started observation=1359
2026-09-29 09:23:22,942 INFO Relation normalization request ended observation=1348 seconds=59.081
2026-09-29 09:23:22,943 INFO Relation normalization request started observation=1360
2026-09-29 09:23:32,211 INFO Relation normalization request ended observation=1346 seconds=75.204
2026-09-29 09:23:32,212 INFO Relation normalization request started observation=1361
2026-09-29 09:23:36,156 INFO Relation normalization request ended observation=1359 seconds=15.207
2026-09-29 09:23:39,151 INFO Relation normalization request ended observation=1360 seconds=16.841
2026-09-29 09:23:44,441 INFO Relation normalization request ended observation=1354 seconds=48.887
2026-09-29 09:24:01,437 INFO Relation normalization request ended observation=1361 seconds=29.858
2026-09-29 09:24:31,701 INFO Relation normalization request ended observation=1357 seconds=72.582
2026-09-29 09:25:40,584 INFO Relation normalization request ended observation=1358 seconds=141.897
2026-09-29 09:29:21,684 INFO Relation normalization batch size=5 workers=6
2026-09-29 09:29:21,684 INFO Relation normalization request started observation=1362
2026-09-29 09:29:21,685 INFO Relation normalization request started observation=1363
2026-09-29 09:29:21,686 INFO Relation normalization request started observation=1364
2026-09-29 09:29:21,687 INFO Relation normalization request started observation=1365
2026-09-29 09:29:21,688 INFO Relation normalization request started observation=1366
2026-09-29 09:29:35,715 INFO Relation normalization request ended observation=1363 seconds=14.595
2026-09-29 09:29:38,970 INFO Relation normalization request ended observation=1366 seconds=17.848
2026-09-29 09:29:39,153 INFO Relation normalization request ended observation=1362 seconds=18.035
2026-09-29 09:30:06,152 INFO Relation normalization request ended observation=1365 seconds=45.597
2026-09-29 09:30:09,309 INFO Relation normalization request ended observation=1364 seconds=48.755
2026-09-29 09:41:48,780 INFO Relation normalization batch size=15 workers=6
2026-09-29 09:41:48,780 INFO Relation normalization request started observation=1367
2026-09-29 09:41:48,781 INFO Relation normalization request started observation=1368
2026-09-29 09:41:48,782 INFO Relation normalization request started observation=1369
2026-09-29 09:41:48,783 INFO Relation normalization request started observation=1370
2026-09-29 09:41:48,784 INFO Relation normalization request started observation=1371
2026-09-29 09:41:48,785 INFO Relation normalization request started observation=1372
2026-09-29 09:42:01,319 INFO Relation normalization request ended observation=1367 seconds=12.539
2026-09-29 09:42:01,320 INFO Relation normalization request started observation=1373
2026-09-29 09:42:04,326 INFO Relation normalization request ended observation=1368 seconds=15.544
2026-09-29 09:42:04,326 INFO Relation normalization request started observation=1374
2026-09-29 09:42:04,858 INFO Relation normalization request ended observation=1369 seconds=16.075
2026-09-29 09:42:04,858 INFO Relation normalization request started observation=1375
2026-09-29 09:42:06,009 INFO Relation normalization request ended observation=1372 seconds=17.223
2026-09-29 09:42:06,009 INFO Relation normalization request started observation=1376
2026-09-29 09:42:13,188 INFO Relation normalization request ended observation=1371 seconds=24.944
2026-09-29 09:42:13,188 INFO Relation normalization request started observation=1377
2026-09-29 09:42:13,675 INFO Relation normalization request ended observation=1370 seconds=25.432
2026-09-29 09:42:13,675 INFO Relation normalization request started observation=1378
2026-09-29 09:42:15,418 INFO Relation normalization request ended observation=1376 seconds=9.950
2026-09-29 09:42:15,419 INFO Relation normalization request started observation=1379
2026-09-29 09:42:20,881 INFO Relation normalization request ended observation=1375 seconds=16.563
2026-09-29 09:42:20,881 INFO Relation normalization request started observation=1380
2026-09-29 09:42:21,701 INFO Relation normalization request ended observation=1373 seconds=20.922
2026-09-29 09:42:21,701 INFO Relation normalization request started observation=1381
2026-09-29 09:42:23,670 INFO Relation normalization request ended observation=1377 seconds=10.482
2026-09-29 09:42:27,443 INFO Relation normalization request ended observation=1378 seconds=13.768
2026-09-29 09:42:28,067 INFO Relation normalization request ended observation=1374 seconds=24.281
2026-09-29 09:42:32,769 INFO Relation normalization request ended observation=1379 seconds=17.350
2026-09-29 09:42:33,250 INFO Relation normalization request ended observation=1381 seconds=11.549
2026-09-29 09:42:37,625 INFO Relation normalization request ended observation=1380 seconds=16.743
2026-09-29 09:55:53,180 WARNING 额度耗尽，暂停 600 秒后继续
2026-09-29 10:16:18,976 INFO Relation normalization batch size=9 workers=6
2026-09-29 10:16:18,977 INFO Relation normalization request started observation=1405
2026-09-29 10:16:18,978 INFO Relation normalization request started observation=1406
2026-09-29 10:16:18,979 INFO Relation normalization request started observation=1407
2026-09-29 10:16:18,980 INFO Relation normalization request started observation=1408
2026-09-29 10:16:18,981 INFO Relation normalization request started observation=1409
2026-09-29 10:16:18,981 INFO Relation normalization request started observation=1410
2026-09-29 10:16:34,744 INFO Relation normalization request ended observation=1406 seconds=16.343
2026-09-29 10:16:34,744 INFO Relation normalization request started observation=1411
2026-09-29 10:16:37,327 INFO Relation normalization request ended observation=1405 seconds=18.927
2026-09-29 10:16:37,327 INFO Relation normalization request started observation=1412
2026-09-29 10:16:40,589 INFO Relation normalization request ended observation=1410 seconds=22.185
2026-09-29 10:16:40,589 INFO Relation normalization request started observation=1413
2026-09-29 10:16:55,958 INFO Relation normalization request ended observation=1412 seconds=18.631
2026-09-29 10:16:58,249 INFO Relation normalization request ended observation=1408 seconds=40.425
2026-09-29 10:16:59,916 INFO Relation normalization request ended observation=1409 seconds=42.091
2026-09-29 10:17:00,094 INFO Relation normalization request ended observation=1407 seconds=42.271
2026-09-29 10:17:04,146 INFO Relation normalization request ended observation=1411 seconds=29.981
2026-09-29 10:17:04,535 INFO Relation normalization request ended observation=1413 seconds=24.525
2026-09-29 10:33:34,433 INFO Relation normalization batch size=21 workers=6
2026-09-29 10:33:34,434 INFO Relation normalization request started observation=1414
2026-09-29 10:33:34,435 INFO Relation normalization request started observation=1415
2026-09-29 10:33:34,436 INFO Relation normalization request started observation=1416
2026-09-29 10:33:34,437 INFO Relation normalization request started observation=1417
2026-09-29 10:33:34,438 INFO Relation normalization request started observation=1418
2026-09-29 10:33:34,439 INFO Relation normalization request started observation=1419
2026-09-29 10:33:54,366 INFO Relation normalization request ended observation=1417 seconds=19.929
2026-09-29 10:33:54,366 INFO Relation normalization request started observation=1420
2026-09-29 10:34:07,894 INFO Relation normalization request ended observation=1416 seconds=34.042
2026-09-29 10:34:07,894 INFO Relation normalization request started observation=1421
2026-09-29 10:34:38,494 INFO Relation normalization request ended observation=1419 seconds=65.226
2026-09-29 10:34:38,494 INFO Relation normalization request started observation=1422
2026-09-29 10:34:39,361 INFO Relation normalization request ended observation=1421 seconds=32.054
2026-09-29 10:34:39,361 INFO Relation normalization request started observation=1423
2026-09-29 10:34:41,179 INFO Relation normalization request ended observation=1415 seconds=67.916
2026-09-29 10:34:41,179 INFO Relation normalization request started observation=1424
2026-09-29 10:34:58,520 INFO Relation normalization request ended observation=1418 seconds=85.841
2026-09-29 10:34:58,520 INFO Relation normalization request started observation=1425
2026-09-29 10:35:02,402 INFO Relation normalization request ended observation=1414 seconds=89.727
2026-09-29 10:35:02,402 INFO Relation normalization request started observation=1426
2026-09-29 10:35:06,127 INFO Relation normalization request ended observation=1423 seconds=27.353
2026-09-29 10:35:06,127 INFO Relation normalization request started observation=1427
2026-09-29 10:35:06,740 INFO Relation normalization request ended observation=1424 seconds=26.148
2026-09-29 10:35:06,740 INFO Relation normalization request started observation=1428
2026-09-29 10:35:06,950 INFO Relation normalization request ended observation=1420 seconds=74.343
2026-09-29 10:35:06,951 INFO Relation normalization request started observation=1429
2026-09-29 10:35:07,081 INFO Relation normalization request ended observation=1425 seconds=8.561
2026-09-29 10:35:07,081 INFO Relation normalization request started observation=1430
2026-09-29 10:35:10,600 INFO Relation normalization request ended observation=1422 seconds=32.693
2026-09-29 10:35:10,600 INFO Relation normalization request started observation=1431
2026-09-29 10:35:41,641 INFO Relation normalization request ended observation=1429 seconds=35.268
2026-09-29 10:35:41,770 INFO Relation normalization request ended observation=1430 seconds=35.266
2026-09-29 10:35:54,005 INFO Relation normalization request ended observation=1428 seconds=47.842
2026-09-29 10:36:38,686 INFO Relation normalization request ended observation=1427 seconds=94.325
2026-09-29 10:37:04,642 INFO Relation normalization request ended observation=1431 seconds=115.808
2026-09-29 10:37:05,159 INFO Relation normalization request ended observation=1426 seconds=124.524
2026-09-29 10:47:14,365 INFO Relation normalization batch size=13 workers=6
2026-09-29 10:47:14,365 INFO Relation normalization request started observation=1446
2026-09-29 10:47:14,365 INFO Relation normalization request started observation=1447
2026-09-29 10:47:14,366 INFO Relation normalization request started observation=1448
2026-09-29 10:47:14,367 INFO Relation normalization request started observation=1449
2026-09-29 10:47:14,368 INFO Relation normalization request started observation=1450
2026-09-29 10:47:14,369 INFO Relation normalization request started observation=1451
2026-09-29 10:47:27,206 INFO Relation normalization request ended observation=1446 seconds=12.841
2026-09-29 10:47:27,206 INFO Relation normalization request started observation=1452
2026-09-29 10:47:31,304 INFO Relation normalization request ended observation=1451 seconds=16.935
2026-09-29 10:47:31,304 INFO Relation normalization request started observation=1453
2026-09-29 10:47:37,817 INFO Relation normalization request ended observation=1449 seconds=23.450
2026-09-29 10:47:37,817 INFO Relation normalization request started observation=1454
2026-09-29 10:47:42,276 INFO Relation normalization request ended observation=1447 seconds=27.910
2026-09-29 10:47:42,276 INFO Relation normalization request started observation=1455
2026-09-29 10:47:48,067 INFO Relation normalization request ended observation=1448 seconds=34.280
2026-09-29 10:47:48,067 INFO Relation normalization request started observation=1456
2026-09-29 10:47:50,732 INFO Relation normalization request ended observation=1453 seconds=20.008
2026-09-29 10:47:50,733 INFO Relation normalization request started observation=1457
2026-09-29 10:47:51,817 INFO Relation normalization request ended observation=1450 seconds=38.028
2026-09-29 10:47:51,817 INFO Relation normalization request started observation=1458
2026-09-29 10:48:14,892 INFO Relation normalization request ended observation=1455 seconds=33.809
2026-09-29 10:48:24,020 INFO Relation normalization request ended observation=1454 seconds=47.395
2026-09-29 10:48:31,339 INFO Relation normalization request ended observation=1457 seconds=41.219
2026-09-29 10:48:56,232 INFO Relation normalization request ended observation=1456 seconds=69.379
2026-09-29 10:49:38,804 INFO Relation normalization request ended observation=1452 seconds=133.971
2026-09-29 10:50:07,395 INFO Relation normalization request ended observation=1458 seconds=137.966
2026-09-29 11:10:31,821 INFO Relation normalization batch size=3 workers=6
2026-09-29 11:10:31,821 INFO Relation normalization request started observation=1492
2026-09-29 11:10:31,822 INFO Relation normalization request started observation=1493
2026-09-29 11:10:31,822 INFO Relation normalization request started observation=1494
2026-09-29 11:10:52,780 INFO Relation normalization request ended observation=1492 seconds=21.488
2026-09-29 11:10:55,397 INFO Relation normalization request ended observation=1493 seconds=24.104
2026-09-29 11:11:00,710 INFO Relation normalization request ended observation=1494 seconds=29.417
2026-09-29 11:25:46,977 INFO Relation normalization batch size=6 workers=6
2026-09-29 11:25:46,977 INFO Relation normalization request started observation=1526
2026-09-29 11:25:46,978 INFO Relation normalization request started observation=1527
2026-09-29 11:25:46,978 INFO Relation normalization request started observation=1528
2026-09-29 11:25:46,980 INFO Relation normalization request started observation=1529
2026-09-29 11:25:46,981 INFO Relation normalization request started observation=1530
2026-09-29 11:25:46,981 INFO Relation normalization request started observation=1531
2026-09-29 11:26:05,067 INFO Relation normalization request ended observation=1529 seconds=18.087
2026-09-29 11:26:14,930 INFO Relation normalization request ended observation=1530 seconds=28.454
2026-09-29 11:26:17,052 INFO Relation normalization request ended observation=1527 seconds=30.579
2026-09-29 11:26:30,299 INFO Relation normalization request ended observation=1531 seconds=43.824
2026-09-29 11:27:10,085 INFO Relation normalization request ended observation=1526 seconds=84.106
2026-09-29 11:27:11,198 INFO Relation normalization request ended observation=1528 seconds=85.218
2026-09-29 11:38:46,686 INFO Relation normalization batch size=8 workers=6
2026-09-29 11:38:46,686 INFO Relation normalization request started observation=1543
2026-09-29 11:38:46,687 INFO Relation normalization request started observation=1544
2026-09-29 11:38:46,688 INFO Relation normalization request started observation=1545
2026-09-29 11:38:46,689 INFO Relation normalization request started observation=1546
2026-09-29 11:38:46,690 INFO Relation normalization request started observation=1547
2026-09-29 11:38:46,691 INFO Relation normalization request started observation=1548
2026-09-29 11:38:59,594 INFO Relation normalization request ended observation=1547 seconds=12.904
2026-09-29 11:38:59,594 INFO Relation normalization request started observation=1549
2026-09-29 11:39:00,691 INFO Relation normalization request ended observation=1545 seconds=14.004
2026-09-29 11:39:00,692 INFO Relation normalization request started observation=1550
2026-09-29 11:39:03,341 INFO Relation normalization request ended observation=1544 seconds=16.654
2026-09-29 11:39:10,753 INFO Relation normalization request ended observation=1546 seconds=24.064
2026-09-29 11:39:11,351 INFO Relation normalization request ended observation=1548 seconds=24.660
2026-09-29 11:39:22,314 INFO Relation normalization request ended observation=1550 seconds=21.623
2026-09-29 11:39:38,550 INFO Relation normalization request ended observation=1543 seconds=51.864
2026-09-29 11:40:14,843 INFO Relation normalization request ended observation=1549 seconds=75.249
2026-09-29 11:53:04,217 INFO Relation normalization batch size=13 workers=6
2026-09-29 11:53:04,218 INFO Relation normalization request started observation=1551
2026-09-29 11:53:04,219 INFO Relation normalization request started observation=1552
2026-09-29 11:53:04,219 INFO Relation normalization request started observation=1553
2026-09-29 11:53:04,220 INFO Relation normalization request started observation=1554
2026-09-29 11:53:04,221 INFO Relation normalization request started observation=1555
2026-09-29 11:53:04,222 INFO Relation normalization request started observation=1556
2026-09-29 11:53:24,071 INFO Relation normalization request ended observation=1556 seconds=19.849
2026-09-29 11:53:24,071 INFO Relation normalization request started observation=1557
2026-09-29 11:53:32,701 INFO Relation normalization request ended observation=1555 seconds=28.480
2026-09-29 11:53:32,701 INFO Relation normalization request started observation=1558
2026-09-29 11:53:39,755 INFO Relation normalization request ended observation=1554 seconds=35.535
2026-09-29 11:53:39,755 INFO Relation normalization request started observation=1559
2026-09-29 11:53:41,040 INFO Relation normalization request ended observation=1552 seconds=36.822
2026-09-29 11:53:41,040 INFO Relation normalization request started observation=1560
2026-09-29 11:53:48,989 INFO Relation normalization request ended observation=1557 seconds=24.918
2026-09-29 11:53:48,989 INFO Relation normalization request started observation=1561
2026-09-29 11:53:55,394 INFO Relation normalization request ended observation=1558 seconds=22.693
2026-09-29 11:53:55,394 INFO Relation normalization request started observation=1562
2026-09-29 11:54:04,866 INFO Relation normalization request ended observation=1560 seconds=23.826
2026-09-29 11:54:04,866 INFO Relation normalization request started observation=1563
2026-09-29 11:54:05,310 INFO Relation normalization request ended observation=1553 seconds=61.091
2026-09-29 11:54:11,480 INFO Relation normalization request ended observation=1559 seconds=31.725
2026-09-29 11:54:11,721 INFO Relation normalization request ended observation=1562 seconds=16.326
2026-09-29 11:54:16,197 INFO Relation normalization request ended observation=1551 seconds=71.980
2026-09-29 11:54:31,368 INFO Relation normalization request ended observation=1561 seconds=42.379
2026-09-29 11:54:56,626 INFO Relation normalization request ended observation=1563 seconds=51.759
2026-09-29 12:01:11,182 INFO Relation normalization batch size=6 workers=6
2026-09-29 12:01:11,183 INFO Relation normalization request started observation=1564
2026-09-29 12:01:11,183 INFO Relation normalization request started observation=1565
2026-09-29 12:01:11,184 INFO Relation normalization request started observation=1566
2026-09-29 12:01:11,184 INFO Relation normalization request started observation=1567
2026-09-29 12:01:11,185 INFO Relation normalization request started observation=1568
2026-09-29 12:01:11,186 INFO Relation normalization request started observation=1569
2026-09-29 12:01:26,454 INFO Relation normalization request ended observation=1568 seconds=15.269
2026-09-29 12:01:40,477 INFO Relation normalization request ended observation=1567 seconds=29.293
2026-09-29 12:01:49,352 INFO Relation normalization request ended observation=1565 seconds=38.169
2026-09-29 12:01:50,762 INFO Relation normalization request ended observation=1566 seconds=39.578
2026-09-29 12:02:00,921 INFO Relation normalization request ended observation=1569 seconds=49.735
2026-09-29 12:03:07,614 INFO Relation normalization request ended observation=1564 seconds=116.431
2026-09-29 12:10:10,799 INFO Relation normalization batch size=14 workers=6
2026-09-29 12:10:10,799 INFO Relation normalization request started observation=1570
2026-09-29 12:10:10,801 INFO Relation normalization request started observation=1571
2026-09-29 12:10:10,802 INFO Relation normalization request started observation=1572
2026-09-29 12:10:10,803 INFO Relation normalization request started observation=1573
2026-09-29 12:10:10,804 INFO Relation normalization request started observation=1574
2026-09-29 12:10:10,804 INFO Relation normalization request started observation=1575
2026-09-29 12:10:28,563 INFO Relation normalization request ended observation=1575 seconds=17.759
2026-09-29 12:10:28,563 INFO Relation normalization request started observation=1576
2026-09-29 12:10:29,109 INFO Relation normalization request ended observation=1574 seconds=18.305
2026-09-29 12:10:29,109 INFO Relation normalization request started observation=1577
2026-09-29 12:10:29,237 INFO Relation normalization request ended observation=1570 seconds=18.438
2026-09-29 12:10:29,237 INFO Relation normalization request started observation=1578
2026-09-29 12:10:29,742 INFO Relation normalization request ended observation=1571 seconds=18.941
2026-09-29 12:10:29,742 INFO Relation normalization request started observation=1579
2026-09-29 12:10:42,238 INFO Relation normalization request ended observation=1577 seconds=13.129
2026-09-29 12:10:42,238 INFO Relation normalization request started observation=1580
2026-09-29 12:10:44,923 INFO Relation normalization request ended observation=1579 seconds=15.181
2026-09-29 12:10:44,923 INFO Relation normalization request started observation=1581
2026-09-29 12:10:53,251 INFO Relation normalization request ended observation=1573 seconds=42.448
2026-09-29 12:10:53,251 INFO Relation normalization request started observation=1582
2026-09-29 12:10:56,116 INFO Relation normalization request ended observation=1572 seconds=45.314
2026-09-29 12:10:56,116 INFO Relation normalization request started observation=1583
2026-09-29 12:11:04,824 INFO Relation normalization request ended observation=1580 seconds=22.586
2026-09-29 12:11:07,022 INFO Relation normalization request ended observation=1576 seconds=38.459
2026-09-29 12:11:48,818 INFO Relation normalization request ended observation=1581 seconds=63.894
2026-09-29 12:12:27,856 INFO Relation normalization request ended observation=1582 seconds=94.605
2026-09-29 12:12:31,487 INFO Relation normalization request ended observation=1578 seconds=122.250
2026-09-29 12:12:37,099 INFO Relation normalization request ended observation=1583 seconds=100.983
2026-09-29 12:22:10,517 INFO Relation normalization batch size=18 workers=6
2026-09-29 12:22:10,517 INFO Relation normalization request started observation=1584
2026-09-29 12:22:10,518 INFO Relation normalization request started observation=1585
2026-09-29 12:22:10,520 INFO Relation normalization request started observation=1586
2026-09-29 12:22:10,520 INFO Relation normalization request started observation=1587
2026-09-29 12:22:10,521 INFO Relation normalization request started observation=1588
2026-09-29 12:22:10,523 INFO Relation normalization request started observation=1589
2026-09-29 12:22:36,344 INFO Relation normalization request ended observation=1586 seconds=25.824
2026-09-29 12:22:36,344 INFO Relation normalization request started observation=1590
2026-09-29 12:22:46,107 INFO Relation normalization request ended observation=1588 seconds=35.586
2026-09-29 12:22:46,107 INFO Relation normalization request started observation=1591
2026-09-29 12:22:46,662 INFO Relation normalization request ended observation=1589 seconds=36.140
2026-09-29 12:22:46,662 INFO Relation normalization request started observation=1592
2026-09-29 12:22:49,837 INFO Relation normalization request ended observation=1585 seconds=39.319
2026-09-29 12:22:49,838 INFO Relation normalization request started observation=1593
2026-09-29 12:23:15,787 INFO Relation normalization request ended observation=1584 seconds=65.270
2026-09-29 12:23:15,787 INFO Relation normalization request started observation=1594
2026-09-29 12:23:18,055 INFO Relation normalization request ended observation=1587 seconds=67.535
2026-09-29 12:23:18,055 INFO Relation normalization request started observation=1595
2026-09-29 12:23:28,590 INFO Relation normalization request ended observation=1590 seconds=52.246
2026-09-29 12:23:28,590 INFO Relation normalization request started observation=1596
2026-09-29 12:23:58,454 INFO Relation normalization request ended observation=1592 seconds=71.792
2026-09-29 12:23:58,455 INFO Relation normalization request started observation=1597
2026-09-29 12:24:08,903 INFO Relation normalization request ended observation=1593 seconds=79.065
2026-09-29 12:24:08,903 INFO Relation normalization request started observation=1598
2026-09-29 12:24:13,360 INFO Relation normalization request ended observation=1594 seconds=57.573
2026-09-29 12:24:13,360 INFO Relation normalization request started observation=1599
2026-09-29 12:24:17,671 INFO Relation normalization request ended observation=1596 seconds=49.081
2026-09-29 12:24:17,671 INFO Relation normalization request started observation=1600
2026-09-29 12:24:19,621 INFO Relation normalization request ended observation=1595 seconds=61.566
2026-09-29 12:24:19,621 INFO Relation normalization request started observation=1601
2026-09-29 12:24:20,117 INFO Relation normalization request ended observation=1597 seconds=21.663
2026-09-29 12:24:24,468 INFO Relation normalization request ended observation=1591 seconds=98.362
2026-09-29 12:24:29,810 INFO Relation normalization request ended observation=1600 seconds=12.139
2026-09-29 12:24:44,379 INFO Relation normalization request ended observation=1599 seconds=31.018
2026-09-29 12:24:45,195 INFO Relation normalization request ended observation=1598 seconds=36.292
2026-09-29 12:24:53,659 INFO Relation normalization request ended observation=1601 seconds=34.037
2026-09-29 12:31:44,128 INFO Relation normalization batch size=7 workers=6
2026-09-29 12:31:44,128 INFO Relation normalization request started observation=1602
2026-09-29 12:31:44,129 INFO Relation normalization request started observation=1603
2026-09-29 12:31:44,130 INFO Relation normalization request started observation=1604
2026-09-29 12:31:44,130 INFO Relation normalization request started observation=1605
2026-09-29 12:31:44,131 INFO Relation normalization request started observation=1606
2026-09-29 12:31:44,132 INFO Relation normalization request started observation=1607
2026-09-29 12:31:59,061 INFO Relation normalization request ended observation=1606 seconds=14.930
2026-09-29 12:31:59,061 INFO Relation normalization request started observation=1608
2026-09-29 12:32:13,598 INFO Relation normalization request ended observation=1604 seconds=29.469
2026-09-29 12:32:14,494 INFO Relation normalization request ended observation=1607 seconds=30.362
2026-09-29 12:32:19,854 INFO Relation normalization request ended observation=1602 seconds=35.725
2026-09-29 12:32:21,396 INFO Relation normalization request ended observation=1603 seconds=37.268
2026-09-29 12:32:53,981 INFO Relation normalization request ended observation=1605 seconds=69.851
2026-09-29 12:33:46,245 INFO Relation normalization request ended observation=1608 seconds=107.184
2026-09-29 12:41:38,927 INFO Relation normalization batch size=12 workers=6
2026-09-29 12:41:38,928 INFO Relation normalization request started observation=1609
2026-09-29 12:41:38,929 INFO Relation normalization request started observation=1610
2026-09-29 12:41:38,930 INFO Relation normalization request started observation=1611
2026-09-29 12:41:38,932 INFO Relation normalization request started observation=1612
2026-09-29 12:41:38,932 INFO Relation normalization request started observation=1613
2026-09-29 12:41:38,934 INFO Relation normalization request started observation=1614
2026-09-29 12:41:52,542 INFO Relation normalization request ended observation=1612 seconds=13.611
2026-09-29 12:41:52,543 INFO Relation normalization request started observation=1615
2026-09-29 12:41:54,057 INFO Relation normalization request ended observation=1613 seconds=15.125
2026-09-29 12:41:54,057 INFO Relation normalization request started observation=1616
2026-09-29 12:41:54,198 INFO Relation normalization request ended observation=1609 seconds=15.270
2026-09-29 12:41:54,198 INFO Relation normalization request started observation=1617
2026-09-29 12:41:55,451 INFO Relation normalization request ended observation=1614 seconds=16.517
2026-09-29 12:41:55,452 INFO Relation normalization request started observation=1618
2026-09-29 12:42:13,414 INFO Relation normalization request ended observation=1615 seconds=20.872
2026-09-29 12:42:13,414 INFO Relation normalization request started observation=1619
2026-09-29 12:42:24,274 INFO Relation normalization request ended observation=1616 seconds=30.217
2026-09-29 12:42:24,274 INFO Relation normalization request started observation=1620
2026-09-29 12:42:25,912 INFO Relation normalization request ended observation=1611 seconds=46.982
2026-09-29 12:42:38,828 INFO Relation normalization request ended observation=1618 seconds=43.377
2026-09-29 12:42:46,057 INFO Relation normalization request ended observation=1619 seconds=32.642
2026-09-29 12:42:47,485 INFO Relation normalization request ended observation=1610 seconds=68.556
2026-09-29 12:43:01,540 INFO Relation normalization request ended observation=1620 seconds=37.266
2026-09-29 12:43:18,251 INFO Relation normalization request ended observation=1617 seconds=84.053
2026-09-29 12:55:23,685 INFO Relation normalization batch size=21 workers=6
2026-09-29 12:55:23,686 INFO Relation normalization request started observation=1621
2026-09-29 12:55:23,686 INFO Relation normalization request started observation=1622
2026-09-29 12:55:23,687 INFO Relation normalization request started observation=1623
2026-09-29 12:55:23,687 INFO Relation normalization request started observation=1624
2026-09-29 12:55:23,689 INFO Relation normalization request started observation=1625
2026-09-29 12:55:23,690 INFO Relation normalization request started observation=1626
2026-09-29 12:55:32,769 INFO Relation normalization request ended observation=1622 seconds=9.083
2026-09-29 12:55:32,769 INFO Relation normalization request started observation=1627
2026-09-29 12:55:33,858 INFO Relation normalization request ended observation=1621 seconds=10.172
2026-09-29 12:55:33,858 INFO Relation normalization request started observation=1628
2026-09-29 12:55:39,521 INFO Relation normalization request ended observation=1623 seconds=15.834
2026-09-29 12:55:39,521 INFO Relation normalization request started observation=1629
2026-09-29 12:55:43,674 INFO Relation normalization request ended observation=1625 seconds=19.985
2026-09-29 12:55:43,675 INFO Relation normalization request started observation=1630
2026-09-29 12:55:48,199 INFO Relation normalization request ended observation=1626 seconds=24.509
2026-09-29 12:55:48,199 INFO Relation normalization request started observation=1631
2026-09-29 12:55:53,996 INFO Relation normalization request ended observation=1627 seconds=21.227
2026-09-29 12:55:53,996 INFO Relation normalization request started observation=1632
2026-09-29 12:56:06,528 INFO Relation normalization request ended observation=1624 seconds=42.841
2026-09-29 12:56:06,529 INFO Relation normalization request started observation=1633
2026-09-29 12:56:07,721 INFO Relation normalization request ended observation=1628 seconds=33.862
2026-09-29 12:56:07,721 INFO Relation normalization request started observation=1634
2026-09-29 12:56:15,041 INFO Relation normalization request ended observation=1632 seconds=21.044
2026-09-29 12:56:15,041 INFO Relation normalization request started observation=1635
2026-09-29 12:56:21,021 INFO Relation normalization request ended observation=1629 seconds=41.500
2026-09-29 12:56:21,021 INFO Relation normalization request started observation=1636
2026-09-29 12:56:24,695 INFO Relation normalization request ended observation=1634 seconds=16.974
2026-09-29 12:56:24,695 INFO Relation normalization request started observation=1637
2026-09-29 12:56:33,359 INFO Relation normalization request ended observation=1633 seconds=26.831
2026-09-29 12:56:33,360 INFO Relation normalization request started observation=1638
2026-09-29 12:56:54,918 INFO Relation normalization request ended observation=1638 seconds=21.558
2026-09-29 12:56:54,918 INFO Relation normalization request started observation=1639
2026-09-29 12:57:04,627 INFO Relation normalization request ended observation=1639 seconds=9.710
2026-09-29 12:57:04,628 INFO Relation normalization request started observation=1640
2026-09-29 12:57:05,160 INFO Relation normalization request ended observation=1630 seconds=81.485
2026-09-29 12:57:05,160 INFO Relation normalization request started observation=1641
2026-09-29 12:57:11,440 INFO Relation normalization request ended observation=1637 seconds=46.745
2026-09-29 12:57:13,632 INFO Relation normalization request ended observation=1636 seconds=52.611
2026-09-29 12:57:13,787 INFO Relation normalization request ended observation=1635 seconds=58.746
2026-09-29 12:57:23,176 INFO Relation normalization request ended observation=1640 seconds=18.548
2026-09-29 12:57:39,012 INFO Relation normalization request ended observation=1631 seconds=110.813
2026-09-29 12:58:09,041 INFO Relation normalization request ended observation=1641 seconds=63.882
2026-09-29 13:09:00,250 INFO Relation normalization batch size=13 workers=6
2026-09-29 13:09:00,250 INFO Relation normalization request started observation=1642
2026-09-29 13:09:00,252 INFO Relation normalization request started observation=1643
2026-09-29 13:09:00,253 INFO Relation normalization request started observation=1644
2026-09-29 13:09:00,254 INFO Relation normalization request started observation=1645
2026-09-29 13:09:00,256 INFO Relation normalization request started observation=1646
2026-09-29 13:09:00,257 INFO Relation normalization request started observation=1647
2026-09-29 13:09:13,305 INFO Relation normalization request ended observation=1647 seconds=13.048
2026-09-29 13:09:13,305 INFO Relation normalization request started observation=1648
2026-09-29 13:09:19,517 INFO Relation normalization request ended observation=1644 seconds=19.264
2026-09-29 13:09:19,517 INFO Relation normalization request started observation=1649
2026-09-29 13:09:23,273 INFO Relation normalization request ended observation=1646 seconds=23.018
2026-09-29 13:09:23,274 INFO Relation normalization request started observation=1650
2026-09-29 13:09:24,591 INFO Relation normalization request ended observation=1645 seconds=24.337
2026-09-29 13:09:24,591 INFO Relation normalization request started observation=1651
2026-09-29 13:09:25,319 INFO Relation normalization request ended observation=1642 seconds=25.069
2026-09-29 13:09:25,319 INFO Relation normalization request started observation=1652
2026-09-29 13:09:36,568 INFO Relation normalization request ended observation=1648 seconds=23.263
2026-09-29 13:09:36,568 INFO Relation normalization request started observation=1653
2026-09-29 13:09:37,939 INFO Relation normalization request ended observation=1650 seconds=14.665
2026-09-29 13:09:37,939 INFO Relation normalization request started observation=1654
2026-09-29 13:09:41,093 INFO Relation normalization request ended observation=1651 seconds=16.502
2026-09-29 13:09:43,853 INFO Relation normalization request ended observation=1643 seconds=43.602
2026-09-29 13:09:45,002 INFO Relation normalization request ended observation=1649 seconds=25.485
2026-09-29 13:09:54,200 INFO Relation normalization request ended observation=1654 seconds=16.260
2026-09-29 13:09:57,617 INFO Relation normalization request ended observation=1652 seconds=32.298
2026-09-29 13:10:59,322 INFO Relation normalization request ended observation=1653 seconds=82.754
2026-09-29 13:15:06,617 INFO Relation normalization batch size=5 workers=6
2026-09-29 13:15:06,617 INFO Relation normalization request started observation=1655
2026-09-29 13:15:06,618 INFO Relation normalization request started observation=1656
2026-09-29 13:15:06,619 INFO Relation normalization request started observation=1657
2026-09-29 13:15:06,620 INFO Relation normalization request started observation=1658
2026-09-29 13:15:06,620 INFO Relation normalization request started observation=1659
2026-09-29 13:15:23,566 INFO Relation normalization request ended observation=1656 seconds=16.947
2026-09-29 13:15:47,506 INFO Relation normalization request ended observation=1657 seconds=40.888
2026-09-29 13:15:56,357 INFO Relation normalization request ended observation=1658 seconds=49.737
2026-09-29 13:16:12,110 INFO Relation normalization request ended observation=1659 seconds=65.490
2026-09-29 13:16:26,224 INFO Relation normalization request ended observation=1655 seconds=79.607
2026-09-29 13:22:02,110 INFO Relation normalization batch size=11 workers=6
2026-09-29 13:22:02,110 INFO Relation normalization request started observation=1660
2026-09-29 13:22:02,111 INFO Relation normalization request started observation=1661
2026-09-29 13:22:02,112 INFO Relation normalization request started observation=1662
2026-09-29 13:22:02,113 INFO Relation normalization request started observation=1663
2026-09-29 13:22:02,114 INFO Relation normalization request started observation=1664
2026-09-29 13:22:02,114 INFO Relation normalization request started observation=1665
2026-09-29 13:22:13,387 INFO Relation normalization request ended observation=1664 seconds=11.273
2026-09-29 13:22:13,387 INFO Relation normalization request started observation=1666
2026-09-29 13:22:13,929 INFO Relation normalization request ended observation=1661 seconds=11.818
2026-09-29 13:22:13,929 INFO Relation normalization request started observation=1667
2026-09-29 13:22:21,426 INFO Relation normalization request ended observation=1660 seconds=19.316
2026-09-29 13:22:21,427 INFO Relation normalization request started observation=1668
2026-09-29 13:22:22,723 INFO Relation normalization request ended observation=1663 seconds=20.610
2026-09-29 13:22:22,723 INFO Relation normalization request started observation=1669
2026-09-29 13:22:25,699 INFO Relation normalization request ended observation=1666 seconds=12.311
2026-09-29 13:22:25,699 INFO Relation normalization request started observation=1670
2026-09-29 13:22:29,968 INFO Relation normalization request ended observation=1665 seconds=27.854
2026-09-29 13:22:32,299 INFO Relation normalization request ended observation=1662 seconds=30.187
2026-09-29 13:22:36,437 INFO Relation normalization request ended observation=1670 seconds=10.738
2026-09-29 13:22:36,976 INFO Relation normalization request ended observation=1668 seconds=15.549
2026-09-29 13:22:58,050 INFO Relation normalization request ended observation=1669 seconds=35.327
2026-09-29 13:23:05,499 INFO Relation normalization request ended observation=1667 seconds=51.570
2026-09-29 13:31:46,629 INFO Relation normalization batch size=14 workers=6
2026-09-29 13:31:46,629 INFO Relation normalization request started observation=1671
2026-09-29 13:31:46,631 INFO Relation normalization request started observation=1672
2026-09-29 13:31:46,632 INFO Relation normalization request started observation=1673
2026-09-29 13:31:46,633 INFO Relation normalization request started observation=1674
2026-09-29 13:31:46,634 INFO Relation normalization request started observation=1675
2026-09-29 13:31:46,634 INFO Relation normalization request started observation=1676
2026-09-29 13:31:53,803 INFO Relation normalization request ended observation=1674 seconds=7.169
2026-09-29 13:31:53,803 INFO Relation normalization request started observation=1677
2026-09-29 13:31:57,872 INFO Relation normalization request ended observation=1676 seconds=11.238
2026-09-29 13:31:57,872 INFO Relation normalization request started observation=1678
2026-09-29 13:31:58,007 INFO Relation normalization request ended observation=1672 seconds=11.376
2026-09-29 13:31:58,007 INFO Relation normalization request started observation=1679
2026-09-29 13:31:58,949 INFO Relation normalization request ended observation=1673 seconds=12.317
2026-09-29 13:31:58,949 INFO Relation normalization request started observation=1680
2026-09-29 13:31:59,739 INFO Relation normalization request ended observation=1675 seconds=13.105
2026-09-29 13:31:59,739 INFO Relation normalization request started observation=1681
2026-09-29 13:32:03,835 INFO Relation normalization request ended observation=1671 seconds=17.205
2026-09-29 13:32:03,835 INFO Relation normalization request started observation=1682
2026-09-29 13:32:15,114 INFO Relation normalization request ended observation=1682 seconds=11.279
2026-09-29 13:32:15,114 INFO Relation normalization request started observation=1683
2026-09-29 13:32:21,887 INFO Relation normalization request ended observation=1677 seconds=28.085
2026-09-29 13:32:21,888 INFO Relation normalization request started observation=1684
2026-09-29 13:32:32,819 INFO Relation normalization request ended observation=1683 seconds=17.705
2026-09-29 13:32:44,135 INFO Relation normalization request ended observation=1684 seconds=22.247
2026-09-29 13:32:44,331 INFO Relation normalization request ended observation=1680 seconds=45.382
2026-09-29 13:32:57,201 INFO Relation normalization request ended observation=1679 seconds=59.194
2026-09-29 13:33:13,484 INFO Relation normalization request ended observation=1681 seconds=73.746
2026-09-29 13:34:07,443 INFO Relation normalization request ended observation=1678 seconds=129.571
2026-09-29 13:42:09,969 INFO Relation normalization batch size=20 workers=6
2026-09-29 13:42:09,970 INFO Relation normalization request started observation=1685
2026-09-29 13:42:09,971 INFO Relation normalization request started observation=1686
2026-09-29 13:42:09,972 INFO Relation normalization request started observation=1687
2026-09-29 13:42:09,973 INFO Relation normalization request started observation=1688
2026-09-29 13:42:09,974 INFO Relation normalization request started observation=1689
2026-09-29 13:42:09,976 INFO Relation normalization request started observation=1690
2026-09-29 13:42:24,843 INFO Relation normalization request ended observation=1686 seconds=14.872
2026-09-29 13:42:24,843 INFO Relation normalization request started observation=1691
2026-09-29 13:42:26,353 INFO Relation normalization request ended observation=1688 seconds=16.380
2026-09-29 13:42:26,353 INFO Relation normalization request started observation=1692
2026-09-29 13:42:28,722 INFO Relation normalization request ended observation=1685 seconds=18.752
2026-09-29 13:42:28,722 INFO Relation normalization request started observation=1693
2026-09-29 13:42:28,729 INFO Relation normalization request ended observation=1687 seconds=18.757
2026-09-29 13:42:28,729 INFO Relation normalization request started observation=1694
2026-09-29 13:42:46,897 INFO Relation normalization request ended observation=1691 seconds=22.053
2026-09-29 13:42:46,897 INFO Relation normalization request started observation=1695
2026-09-29 13:42:49,979 INFO Relation normalization request ended observation=1689 seconds=40.005
2026-09-29 13:42:49,979 INFO Relation normalization request started observation=1696
2026-09-29 13:42:57,892 INFO Relation normalization request ended observation=1694 seconds=29.162
2026-09-29 13:42:57,892 INFO Relation normalization request started observation=1697
2026-09-29 13:43:00,420 INFO Relation normalization request ended observation=1695 seconds=13.523
2026-09-29 13:43:00,420 INFO Relation normalization request started observation=1698
2026-09-29 13:43:00,962 INFO Relation normalization request ended observation=1692 seconds=34.609
2026-09-29 13:43:00,962 INFO Relation normalization request started observation=1699
2026-09-29 13:43:02,391 INFO Relation normalization request ended observation=1696 seconds=12.412
2026-09-29 13:43:02,391 INFO Relation normalization request started observation=1700
2026-09-29 13:43:03,987 INFO Relation normalization request ended observation=1693 seconds=35.265
2026-09-29 13:43:03,987 INFO Relation normalization request started observation=1701
2026-09-29 13:43:26,197 INFO Relation normalization request ended observation=1699 seconds=25.235
2026-09-29 13:43:26,198 INFO Relation normalization request started observation=1702
2026-09-29 13:43:37,610 INFO Relation normalization request ended observation=1698 seconds=37.190
2026-09-29 13:43:37,611 INFO Relation normalization request started observation=1703
2026-09-29 13:43:37,970 INFO Relation normalization request ended observation=1700 seconds=35.579
2026-09-29 13:43:37,970 INFO Relation normalization request started observation=1704
2026-09-29 13:43:51,410 INFO Relation normalization request ended observation=1702 seconds=25.212
2026-09-29 13:43:54,251 INFO Relation normalization request ended observation=1701 seconds=50.264
2026-09-29 13:43:55,439 INFO Relation normalization request ended observation=1697 seconds=57.547
2026-09-29 13:43:57,589 INFO Relation normalization request ended observation=1690 seconds=107.613
2026-09-29 13:44:11,645 INFO Relation normalization request ended observation=1704 seconds=33.674
2026-09-29 13:44:18,086 INFO Relation normalization request ended observation=1703 seconds=40.476
2026-09-29 13:53:58,597 INFO Relation normalization batch size=10 workers=6
2026-09-29 13:53:58,598 INFO Relation normalization request started observation=1705
2026-09-29 13:53:58,599 INFO Relation normalization request started observation=1706
2026-09-29 13:53:58,600 INFO Relation normalization request started observation=1707
2026-09-29 13:53:58,601 INFO Relation normalization request started observation=1708
2026-09-29 13:53:58,601 INFO Relation normalization request started observation=1709
2026-09-29 13:53:58,602 INFO Relation normalization request started observation=1710
2026-09-29 13:54:09,226 INFO Relation normalization request ended observation=1709 seconds=10.625
2026-09-29 13:54:09,226 INFO Relation normalization request started observation=1711
2026-09-29 13:54:22,015 INFO Relation normalization request ended observation=1705 seconds=23.418
2026-09-29 13:54:22,015 INFO Relation normalization request started observation=1712
2026-09-29 13:54:22,106 INFO Relation normalization request ended observation=1711 seconds=12.880
2026-09-29 13:54:22,106 INFO Relation normalization request started observation=1713
2026-09-29 13:54:29,122 INFO Relation normalization request ended observation=1706 seconds=30.524
2026-09-29 13:54:29,123 INFO Relation normalization request started observation=1714
2026-09-29 13:54:35,273 INFO Relation normalization request ended observation=1710 seconds=36.671
2026-09-29 13:54:54,041 INFO Relation normalization request ended observation=1708 seconds=55.440
2026-09-29 13:55:01,588 INFO Relation normalization request ended observation=1712 seconds=39.572
2026-09-29 13:55:23,063 INFO Relation normalization request ended observation=1713 seconds=60.958
2026-09-29 13:55:57,774 INFO Relation normalization request ended observation=1707 seconds=119.174
2026-09-29 13:56:01,820 INFO Relation normalization request ended observation=1714 seconds=92.697
2026-09-29 14:10:00,595 INFO Relation normalization batch size=16 workers=6
2026-09-29 14:10:00,596 INFO Relation normalization request started observation=1715
2026-09-29 14:10:00,597 INFO Relation normalization request started observation=1716
2026-09-29 14:10:00,599 INFO Relation normalization request started observation=1717
2026-09-29 14:10:00,600 INFO Relation normalization request started observation=1718
2026-09-29 14:10:00,601 INFO Relation normalization request started observation=1719
2026-09-29 14:10:00,602 INFO Relation normalization request started observation=1720
2026-09-29 14:10:25,687 INFO Relation normalization request ended observation=1718 seconds=25.086
2026-09-29 14:10:25,687 INFO Relation normalization request started observation=1721
2026-09-29 14:10:30,414 INFO Relation normalization request ended observation=1717 seconds=29.815
2026-09-29 14:10:30,414 INFO Relation normalization request started observation=1722
2026-09-29 14:10:33,833 INFO Relation normalization request ended observation=1719 seconds=33.232
2026-09-29 14:10:33,834 INFO Relation normalization request started observation=1723
2026-09-29 14:10:42,134 INFO Relation normalization request ended observation=1721 seconds=16.447
2026-09-29 14:10:42,134 INFO Relation normalization request started observation=1724
2026-09-29 14:10:45,451 INFO Relation normalization request ended observation=1715 seconds=44.854
2026-09-29 14:10:45,451 INFO Relation normalization request started observation=1725
2026-09-29 14:10:47,684 INFO Relation normalization request ended observation=1716 seconds=47.087
2026-09-29 14:10:47,684 INFO Relation normalization request started observation=1726
2026-09-29 14:10:57,739 INFO Relation normalization request ended observation=1723 seconds=23.905
2026-09-29 14:10:57,739 INFO Relation normalization request started observation=1727
2026-09-29 14:11:01,166 INFO Relation normalization request ended observation=1722 seconds=30.753
2026-09-29 14:11:01,167 INFO Relation normalization request started observation=1728
2026-09-29 14:11:05,262 INFO Relation normalization request ended observation=1720 seconds=64.659
2026-09-29 14:11:05,262 INFO Relation normalization request started observation=1729
2026-09-29 14:11:14,373 INFO Relation normalization request ended observation=1725 seconds=28.922
2026-09-29 14:11:14,373 INFO Relation normalization request started observation=1730
2026-09-29 14:11:21,627 INFO Relation normalization request ended observation=1728 seconds=20.460
2026-09-29 14:11:24,326 INFO Relation normalization request ended observation=1727 seconds=26.587
2026-09-29 14:11:26,700 INFO Relation normalization request ended observation=1724 seconds=44.566
2026-09-29 14:11:28,528 INFO Relation normalization request ended observation=1729 seconds=23.266
2026-09-29 14:11:34,689 INFO Relation normalization request ended observation=1730 seconds=20.316
2026-09-29 14:11:39,481 INFO Relation normalization request ended observation=1726 seconds=51.797
2026-09-29 14:22:36,349 INFO Relation normalization batch size=8 workers=6
2026-09-29 14:22:36,350 INFO Relation normalization request started observation=1731
2026-09-29 14:22:36,351 INFO Relation normalization request started observation=1732
2026-09-29 14:22:36,352 INFO Relation normalization request started observation=1733
2026-09-29 14:22:36,353 INFO Relation normalization request started observation=1734
2026-09-29 14:22:36,355 INFO Relation normalization request started observation=1735
2026-09-29 14:22:36,356 INFO Relation normalization request started observation=1736
2026-09-29 14:22:56,309 INFO Relation normalization request ended observation=1736 seconds=19.953
2026-09-29 14:22:56,309 INFO Relation normalization request started observation=1737
2026-09-29 14:22:57,203 INFO Relation normalization request ended observation=1735 seconds=20.848
2026-09-29 14:22:57,203 INFO Relation normalization request started observation=1738
2026-09-29 14:22:59,813 INFO Relation normalization request ended observation=1733 seconds=23.461
2026-09-29 14:22:59,846 INFO Relation normalization request ended observation=1734 seconds=23.493
2026-09-29 14:23:00,028 INFO Relation normalization request ended observation=1731 seconds=23.678
2026-09-29 14:23:07,520 INFO Relation normalization request ended observation=1732 seconds=31.168
2026-09-29 14:23:26,037 INFO Relation normalization request ended observation=1737 seconds=29.728
2026-09-29 14:23:28,863 INFO Relation normalization request ended observation=1738 seconds=31.660
2026-09-29 14:33:24,149 INFO Relation normalization batch size=12 workers=6
2026-09-29 14:33:24,149 INFO Relation normalization request started observation=1739
2026-09-29 14:33:24,150 INFO Relation normalization request started observation=1740
2026-09-29 14:33:24,152 INFO Relation normalization request started observation=1741
2026-09-29 14:33:24,153 INFO Relation normalization request started observation=1742
2026-09-29 14:33:24,153 INFO Relation normalization request started observation=1743
2026-09-29 14:33:24,155 INFO Relation normalization request started observation=1744
2026-09-29 14:33:36,396 INFO Relation normalization request ended observation=1744 seconds=12.241
2026-09-29 14:33:36,396 INFO Relation normalization request started observation=1745
2026-09-29 14:33:40,854 INFO Relation normalization request ended observation=1743 seconds=16.701
2026-09-29 14:33:40,854 INFO Relation normalization request started observation=1746
2026-09-29 14:33:42,856 INFO Relation normalization request ended observation=1741 seconds=18.704
2026-09-29 14:33:42,856 INFO Relation normalization request started observation=1747
2026-09-29 14:33:46,590 INFO Relation normalization request ended observation=1742 seconds=22.436
2026-09-29 14:33:46,590 INFO Relation normalization request started observation=1748
2026-09-29 14:33:50,580 INFO Relation normalization request ended observation=1745 seconds=14.184
2026-09-29 14:33:50,580 INFO Relation normalization request started observation=1749
2026-09-29 14:33:53,787 INFO Relation normalization request ended observation=1747 seconds=10.930
2026-09-29 14:33:53,787 INFO Relation normalization request started observation=1750
2026-09-29 14:33:54,664 INFO Relation normalization request ended observation=1740 seconds=30.513
2026-09-29 14:34:01,502 INFO Relation normalization request ended observation=1748 seconds=14.912
2026-09-29 14:34:01,918 INFO Relation normalization request ended observation=1739 seconds=37.769
2026-09-29 14:34:07,852 INFO Relation normalization request ended observation=1746 seconds=26.998
2026-09-29 14:34:13,060 INFO Relation normalization request ended observation=1749 seconds=22.480
2026-09-29 14:34:13,313 INFO Relation normalization request ended observation=1750 seconds=19.526
