2026-10-01 13:09:25,290 INFO Pipeline pass 1/3
2026-10-01 13:22:08,714 INFO Relation normalization batch size=10 workers=6
2026-10-01 13:22:08,715 INFO Relation normalization request started observation=2729
2026-10-01 13:22:08,717 INFO Relation normalization request started observation=2730
2026-10-01 13:22:08,719 INFO Relation normalization request started observation=2731
2026-10-01 13:22:08,721 INFO Relation normalization request started observation=2732
2026-10-01 13:22:08,722 INFO Relation normalization request started observation=2733
2026-10-01 13:22:08,724 INFO Relation normalization request started observation=2734
2026-10-01 13:22:14,918 INFO Relation normalization request ended observation=2732 seconds=6.197
2026-10-01 13:22:14,918 INFO Relation normalization request started observation=2735
2026-10-01 13:22:14,950 INFO Relation normalization request ended observation=2730 seconds=6.233
2026-10-01 13:22:14,950 INFO Relation normalization request started observation=2736
2026-10-01 13:22:16,659 INFO Relation normalization request ended observation=2731 seconds=7.940
2026-10-01 13:22:16,659 INFO Relation normalization request started observation=2737
2026-10-01 13:22:18,980 INFO Relation normalization request ended observation=2733 seconds=10.257
2026-10-01 13:22:18,980 INFO Relation normalization request started observation=2738
2026-10-01 13:22:27,263 INFO Relation normalization request ended observation=2735 seconds=12.344
2026-10-01 13:22:49,560 INFO Relation normalization request ended observation=2736 seconds=34.610
2026-10-01 13:22:53,637 INFO Relation normalization request ended observation=2729 seconds=44.921
2026-10-01 13:23:17,182 INFO Relation normalization request ended observation=2738 seconds=58.202
2026-10-01 13:23:59,877 INFO Relation normalization request ended observation=2737 seconds=103.218
2026-10-01 13:24:39,532 INFO Relation normalization request ended observation=2734 seconds=150.808
2026-10-01 13:29:21,063 INFO Relation normalization batch size=18 workers=6
2026-10-01 13:29:21,063 INFO Relation normalization request started observation=2739
2026-10-01 13:29:21,063 INFO Relation normalization request started observation=2740
2026-10-01 13:29:21,065 INFO Relation normalization request started observation=2741
2026-10-01 13:29:21,066 INFO Relation normalization request started observation=2742
2026-10-01 13:29:21,069 INFO Relation normalization request started observation=2743
2026-10-01 13:29:21,070 INFO Relation normalization request started observation=2744
2026-10-01 13:29:31,113 INFO Relation normalization request ended observation=2743 seconds=10.044
2026-10-01 13:29:31,113 INFO Relation normalization request started observation=2745
2026-10-01 13:29:31,387 INFO Relation normalization request ended observation=2740 seconds=10.324
2026-10-01 13:29:31,387 INFO Relation normalization request started observation=2746
2026-10-01 13:29:35,251 INFO Relation normalization request ended observation=2742 seconds=14.185
2026-10-01 13:29:35,251 INFO Relation normalization request started observation=2747
2026-10-01 13:29:37,690 INFO Relation normalization request ended observation=2739 seconds=16.627
2026-10-01 13:29:37,690 INFO Relation normalization request started observation=2748
2026-10-01 13:29:39,074 INFO Relation normalization request ended observation=2744 seconds=18.004
2026-10-01 13:29:39,074 INFO Relation normalization request started observation=2749
2026-10-01 13:29:39,840 INFO Relation normalization request ended observation=2746 seconds=8.453
2026-10-01 13:29:39,840 INFO Relation normalization request started observation=2750
2026-10-01 13:29:41,567 INFO Relation normalization request ended observation=2745 seconds=10.454
2026-10-01 13:29:41,567 INFO Relation normalization request started observation=2751
2026-10-01 13:29:51,526 INFO Relation normalization request ended observation=2749 seconds=12.452
2026-10-01 13:29:51,526 INFO Relation normalization request started observation=2752
2026-10-01 13:30:05,624 INFO Relation normalization request ended observation=2752 seconds=14.098
2026-10-01 13:30:05,625 INFO Relation normalization request started observation=2753
2026-10-01 13:30:13,018 INFO Relation normalization request ended observation=2750 seconds=33.177
2026-10-01 13:30:13,018 INFO Relation normalization request started observation=2754
2026-10-01 13:30:18,506 INFO Relation normalization request ended observation=2741 seconds=57.441
2026-10-01 13:30:18,506 INFO Relation normalization request started observation=2755
2026-10-01 13:30:22,454 INFO Relation normalization request ended observation=2747 seconds=47.203
2026-10-01 13:30:22,454 INFO Relation normalization request started observation=2756
2026-10-01 13:30:45,578 INFO Relation normalization request ended observation=2755 seconds=27.072
2026-10-01 13:30:59,845 INFO Relation normalization request ended observation=2756 seconds=37.391
2026-10-01 13:31:00,986 INFO Relation normalization request ended observation=2754 seconds=47.968
2026-10-01 13:31:08,875 INFO Relation normalization request ended observation=2748 seconds=91.185
2026-10-01 13:31:11,215 INFO Relation normalization request ended observation=2753 seconds=65.591
2026-10-01 13:31:15,356 INFO Relation normalization request ended observation=2751 seconds=93.788
2026-10-01 13:34:48,758 INFO Relation normalization batch size=6 workers=6
2026-10-01 13:34:48,758 INFO Relation normalization request started observation=2757
2026-10-01 13:34:48,759 INFO Relation normalization request started observation=2758
2026-10-01 13:34:48,761 INFO Relation normalization request started observation=2759
2026-10-01 13:34:48,763 INFO Relation normalization request started observation=2760
2026-10-01 13:34:48,764 INFO Relation normalization request started observation=2761
2026-10-01 13:34:48,765 INFO Relation normalization request started observation=2762
2026-10-01 13:34:56,049 INFO Relation normalization request ended observation=2759 seconds=7.288
2026-10-01 13:35:03,137 INFO Relation normalization request ended observation=2758 seconds=14.378
2026-10-01 13:35:15,256 INFO Relation normalization request ended observation=2762 seconds=26.490
2026-10-01 13:35:26,917 INFO Relation normalization request ended observation=2757 seconds=38.159
2026-10-01 13:35:34,055 INFO Relation normalization request ended observation=2761 seconds=45.291
2026-10-01 13:35:43,568 INFO Relation normalization request ended observation=2760 seconds=54.805
2026-10-01 13:45:06,646 INFO Relation normalization batch size=22 workers=6
2026-10-01 13:45:06,646 INFO Relation normalization request started observation=2763
2026-10-01 13:45:06,646 INFO Relation normalization request started observation=2764
2026-10-01 13:45:06,648 INFO Relation normalization request started observation=2765
2026-10-01 13:45:06,651 INFO Relation normalization request started observation=2766
2026-10-01 13:45:06,652 INFO Relation normalization request started observation=2767
2026-10-01 13:45:06,652 INFO Relation normalization request started observation=2768
2026-10-01 13:45:17,367 INFO Relation normalization request ended observation=2763 seconds=10.721
2026-10-01 13:45:17,367 INFO Relation normalization request started observation=2769
2026-10-01 13:45:20,397 INFO Relation normalization request ended observation=2765 seconds=13.749
2026-10-01 13:45:20,397 INFO Relation normalization request started observation=2770
2026-10-01 13:45:20,502 INFO Relation normalization request ended observation=2764 seconds=13.855
2026-10-01 13:45:20,502 INFO Relation normalization request started observation=2771
2026-10-01 13:45:27,043 INFO Relation normalization request ended observation=2770 seconds=6.646
2026-10-01 13:45:27,043 INFO Relation normalization request started observation=2772
2026-10-01 13:45:29,312 INFO Relation normalization request ended observation=2766 seconds=22.661
2026-10-01 13:45:29,312 INFO Relation normalization request started observation=2773
2026-10-01 13:45:29,865 INFO Relation normalization request ended observation=2767 seconds=23.213
2026-10-01 13:45:29,866 INFO Relation normalization request started observation=2774
2026-10-01 13:45:39,529 INFO Relation normalization request ended observation=2768 seconds=32.876
2026-10-01 13:45:39,529 INFO Relation normalization request started observation=2775
2026-10-01 13:45:40,811 INFO Relation normalization request ended observation=2771 seconds=20.309
2026-10-01 13:45:40,811 INFO Relation normalization request started observation=2776
2026-10-01 13:45:41,703 INFO Relation normalization request ended observation=2772 seconds=14.659
2026-10-01 13:45:41,703 INFO Relation normalization request started observation=2777
2026-10-01 13:45:48,055 INFO Relation normalization request ended observation=2774 seconds=18.189
2026-10-01 13:45:48,055 INFO Relation normalization request started observation=2778
2026-10-01 13:45:49,970 INFO Relation normalization request ended observation=2773 seconds=20.658
2026-10-01 13:45:49,970 INFO Relation normalization request started observation=2779
2026-10-01 13:45:54,964 INFO Relation normalization request ended observation=2775 seconds=15.435
2026-10-01 13:45:54,964 INFO Relation normalization request started observation=2780
2026-10-01 13:45:56,232 INFO Relation normalization request ended observation=2776 seconds=15.421
2026-10-01 13:45:56,232 INFO Relation normalization request started observation=2781
2026-10-01 13:46:11,352 INFO Relation normalization request ended observation=2769 seconds=53.985
2026-10-01 13:46:11,352 INFO Relation normalization request started observation=2782
2026-10-01 13:46:20,039 INFO Relation normalization request ended observation=2780 seconds=25.075
2026-10-01 13:46:20,039 INFO Relation normalization request started observation=2783
2026-10-01 13:46:21,293 INFO Relation normalization request ended observation=2782 seconds=9.941
2026-10-01 13:46:21,293 INFO Relation normalization request started observation=2784
2026-10-01 13:46:23,897 INFO Relation normalization request ended observation=2778 seconds=35.842
2026-10-01 13:46:24,870 INFO Relation normalization request ended observation=2781 seconds=28.638
2026-10-01 13:46:32,298 INFO Relation normalization request ended observation=2779 seconds=42.328
2026-10-01 13:46:43,361 INFO Relation normalization request ended observation=2777 seconds=61.659
2026-10-01 13:46:46,961 INFO Relation normalization request ended observation=2784 seconds=25.667
2026-10-01 13:47:07,371 INFO Relation normalization request ended observation=2783 seconds=47.332
2026-10-01 13:51:40,478 INFO Relation normalization batch size=6 workers=6
2026-10-01 13:51:40,479 INFO Relation normalization request started observation=2785
2026-10-01 13:51:40,480 INFO Relation normalization request started observation=2786
2026-10-01 13:51:40,482 INFO Relation normalization request started observation=2787
2026-10-01 13:51:40,483 INFO Relation normalization request started observation=2788
2026-10-01 13:51:40,483 INFO Relation normalization request started observation=2789
2026-10-01 13:51:40,485 INFO Relation normalization request started observation=2790
2026-10-01 13:51:47,817 INFO Relation normalization request ended observation=2787 seconds=7.336
2026-10-01 13:51:51,904 INFO Relation normalization request ended observation=2785 seconds=11.425
2026-10-01 13:51:57,908 INFO Relation normalization request ended observation=2788 seconds=17.424
2026-10-01 13:52:13,231 INFO Relation normalization request ended observation=2789 seconds=32.747
2026-10-01 13:52:20,599 INFO Relation normalization request ended observation=2786 seconds=40.119
2026-10-01 13:52:30,082 INFO Relation normalization request ended observation=2790 seconds=49.597
2026-10-01 13:55:23,339 INFO Relation normalization batch size=10 workers=6
2026-10-01 13:55:23,340 INFO Relation normalization request started observation=2791
2026-10-01 13:55:23,340 INFO Relation normalization request started observation=2792
2026-10-01 13:55:23,341 INFO Relation normalization request started observation=2793
2026-10-01 13:55:23,344 INFO Relation normalization request started observation=2794
2026-10-01 13:55:23,345 INFO Relation normalization request started observation=2795
2026-10-01 13:55:23,345 INFO Relation normalization request started observation=2796
2026-10-01 13:55:33,234 INFO Relation normalization request ended observation=2793 seconds=9.892
2026-10-01 13:55:33,234 INFO Relation normalization request started observation=2797
2026-10-01 13:55:34,535 INFO Relation normalization request ended observation=2794 seconds=11.191
2026-10-01 13:55:34,536 INFO Relation normalization request started observation=2798
2026-10-01 13:55:40,895 INFO Relation normalization request ended observation=2797 seconds=7.661
2026-10-01 13:55:40,896 INFO Relation normalization request started observation=2799
2026-10-01 13:55:45,005 INFO Relation normalization request ended observation=2791 seconds=21.666
2026-10-01 13:55:45,006 INFO Relation normalization request started observation=2800
2026-10-01 13:55:46,602 INFO Relation normalization request ended observation=2796 seconds=23.256
2026-10-01 13:55:48,909 INFO Relation normalization request ended observation=2792 seconds=25.570
2026-10-01 13:55:51,646 INFO Relation normalization request ended observation=2798 seconds=17.110
2026-10-01 13:55:55,145 INFO Relation normalization request ended observation=2800 seconds=10.140
2026-10-01 13:55:58,693 INFO Relation normalization request ended observation=2795 seconds=35.347
2026-10-01 13:56:05,231 INFO Relation normalization request ended observation=2799 seconds=24.335
2026-10-01 14:00:15,853 INFO Relation normalization batch size=12 workers=6
2026-10-01 14:00:15,853 INFO Relation normalization request started observation=2801
2026-10-01 14:00:15,854 INFO Relation normalization request started observation=2802
2026-10-01 14:00:15,856 INFO Relation normalization request started observation=2803
2026-10-01 14:00:15,856 INFO Relation normalization request started observation=2804
2026-10-01 14:00:15,858 INFO Relation normalization request started observation=2805
2026-10-01 14:00:15,860 INFO Relation normalization request started observation=2806
2026-10-01 14:00:23,994 INFO Relation normalization request ended observation=2804 seconds=8.137
2026-10-01 14:00:23,994 INFO Relation normalization request started observation=2807
2026-10-01 14:00:26,234 INFO Relation normalization request ended observation=2805 seconds=10.377
2026-10-01 14:00:26,234 INFO Relation normalization request started observation=2808
2026-10-01 14:00:27,560 INFO Relation normalization request ended observation=2801 seconds=11.707
2026-10-01 14:00:27,560 INFO Relation normalization request started observation=2809
2026-10-01 14:00:48,412 INFO Relation normalization request ended observation=2803 seconds=32.556
2026-10-01 14:00:48,412 INFO Relation normalization request started observation=2810
2026-10-01 14:00:54,369 INFO Relation normalization request ended observation=2802 seconds=38.515
2026-10-01 14:00:54,369 INFO Relation normalization request started observation=2811
2026-10-01 14:00:55,023 INFO Relation normalization request ended observation=2807 seconds=31.029
2026-10-01 14:00:55,023 INFO Relation normalization request started observation=2812
2026-10-01 14:01:03,781 INFO Relation normalization request ended observation=2808 seconds=37.547
2026-10-01 14:01:15,033 INFO Relation normalization request ended observation=2806 seconds=59.173
2026-10-01 14:02:02,913 INFO Relation normalization request ended observation=2809 seconds=95.353
2026-10-01 14:02:04,318 INFO Relation normalization request ended observation=2810 seconds=75.906
2026-10-01 14:02:15,637 INFO Relation normalization request ended observation=2812 seconds=80.614
2026-10-01 14:02:34,628 INFO Relation normalization request ended observation=2811 seconds=100.259
2026-10-01 14:11:32,621 INFO Relation normalization batch size=18 workers=6
2026-10-01 14:11:32,621 INFO Relation normalization request started observation=2813
2026-10-01 14:11:32,623 INFO Relation normalization request started observation=2814
2026-10-01 14:11:32,624 INFO Relation normalization request started observation=2815
2026-10-01 14:11:32,626 INFO Relation normalization request started observation=2816
2026-10-01 14:11:32,627 INFO Relation normalization request started observation=2817
2026-10-01 14:11:32,628 INFO Relation normalization request started observation=2818
2026-10-01 14:11:41,648 INFO Relation normalization request ended observation=2813 seconds=9.026
2026-10-01 14:11:41,648 INFO Relation normalization request started observation=2819
2026-10-01 14:11:57,536 INFO Relation normalization request ended observation=2815 seconds=24.912
2026-10-01 14:11:57,536 INFO Relation normalization request started observation=2820
2026-10-01 14:11:58,238 INFO Relation normalization request ended observation=2817 seconds=25.611
2026-10-01 14:11:58,238 INFO Relation normalization request started observation=2821
2026-10-01 14:12:03,117 INFO Relation normalization request ended observation=2816 seconds=30.492
2026-10-01 14:12:03,118 INFO Relation normalization request started observation=2822
2026-10-01 14:12:08,603 INFO Relation normalization request ended observation=2821 seconds=10.365
2026-10-01 14:12:08,603 INFO Relation normalization request started observation=2823
2026-10-01 14:12:12,315 INFO Relation normalization request ended observation=2819 seconds=30.667
2026-10-01 14:12:12,315 INFO Relation normalization request started observation=2824
2026-10-01 14:12:14,403 INFO Relation normalization request ended observation=2822 seconds=11.285
2026-10-01 14:12:14,403 INFO Relation normalization request started observation=2825
2026-10-01 14:12:17,166 INFO Relation normalization request ended observation=2823 seconds=8.563
2026-10-01 14:12:17,166 INFO Relation normalization request started observation=2826
2026-10-01 14:12:21,055 INFO Relation normalization request ended observation=2818 seconds=48.427
2026-10-01 14:12:21,055 INFO Relation normalization request started observation=2827
2026-10-01 14:12:28,633 INFO Relation normalization request ended observation=2825 seconds=14.230
2026-10-01 14:12:28,633 INFO Relation normalization request started observation=2828
2026-10-01 14:12:34,855 INFO Relation normalization request ended observation=2827 seconds=13.800
2026-10-01 14:12:34,855 INFO Relation normalization request started observation=2829
2026-10-01 14:12:40,680 INFO Relation normalization request ended observation=2826 seconds=23.514
2026-10-01 14:12:40,680 INFO Relation normalization request started observation=2830
2026-10-01 14:12:48,957 INFO Relation normalization request ended observation=2820 seconds=51.421
2026-10-01 14:12:51,059 INFO Relation normalization request ended observation=2824 seconds=38.744
2026-10-01 14:12:52,299 INFO Relation normalization request ended observation=2830 seconds=11.619
2026-10-01 14:12:58,652 INFO Relation normalization request ended observation=2829 seconds=23.797
2026-10-01 14:13:13,458 INFO Relation normalization request ended observation=2814 seconds=100.835
2026-10-01 14:13:24,550 INFO Relation normalization request ended observation=2828 seconds=55.917
2026-10-01 14:18:34,861 INFO Relation normalization batch size=11 workers=6
2026-10-01 14:18:34,862 INFO Relation normalization request started observation=2832
2026-10-01 14:18:34,863 INFO Relation normalization request started observation=2833
2026-10-01 14:18:34,865 INFO Relation normalization request started observation=2834
2026-10-01 14:18:34,865 INFO Relation normalization request started observation=2835
2026-10-01 14:18:34,866 INFO Relation normalization request started observation=2836
2026-10-01 14:18:34,867 INFO Relation normalization request started observation=2837
2026-10-01 14:18:42,383 INFO Relation normalization request ended observation=2832 seconds=7.521
2026-10-01 14:18:42,383 INFO Relation normalization request started observation=2838
2026-10-01 14:18:46,569 INFO Relation normalization request ended observation=2837 seconds=11.703
2026-10-01 14:18:46,569 INFO Relation normalization request started observation=2839
2026-10-01 14:18:53,700 INFO Relation normalization request ended observation=2838 seconds=11.317
2026-10-01 14:18:53,700 INFO Relation normalization request started observation=2840
2026-10-01 14:18:54,135 INFO Relation normalization request ended observation=2833 seconds=19.272
2026-10-01 14:18:54,135 INFO Relation normalization request started observation=2841
2026-10-01 14:19:07,190 INFO Relation normalization request ended observation=2836 seconds=32.324
2026-10-01 14:19:07,190 INFO Relation normalization request started observation=2842
2026-10-01 14:19:12,957 INFO Relation normalization request ended observation=2835 seconds=38.092
2026-10-01 14:19:17,163 INFO Relation normalization request ended observation=2839 seconds=30.594
2026-10-01 14:19:19,124 INFO Relation normalization request ended observation=2840 seconds=25.423
2026-10-01 14:19:19,130 INFO Relation normalization request ended observation=2842 seconds=11.940
2026-10-01 14:19:19,638 INFO Relation normalization request ended observation=2834 seconds=44.773
2026-10-01 14:19:25,972 INFO Relation normalization request ended observation=2841 seconds=31.837
2026-10-01 14:21:39,714 INFO Relation normalization batch size=5 workers=6
2026-10-01 14:21:39,714 INFO Relation normalization request started observation=2843
2026-10-01 14:21:39,716 INFO Relation normalization request started observation=2844
2026-10-01 14:21:39,716 INFO Relation normalization request started observation=2845
2026-10-01 14:21:39,718 INFO Relation normalization request started observation=2846
2026-10-01 14:21:39,720 INFO Relation normalization request started observation=2847
2026-10-01 14:21:50,218 INFO Relation normalization request ended observation=2847 seconds=10.498
2026-10-01 14:21:52,655 INFO Relation normalization request ended observation=2845 seconds=12.939
2026-10-01 14:21:53,854 INFO Relation normalization request ended observation=2846 seconds=14.137
2026-10-01 14:21:58,215 INFO Relation normalization request ended observation=2843 seconds=18.501
2026-10-01 14:22:00,255 INFO Relation normalization request ended observation=2844 seconds=20.539
2026-10-01 14:25:35,266 INFO Relation normalization batch size=14 workers=6
2026-10-01 14:25:35,266 INFO Relation normalization request started observation=2848
2026-10-01 14:25:35,268 INFO Relation normalization request started observation=2849
2026-10-01 14:25:35,270 INFO Relation normalization request started observation=2850
2026-10-01 14:25:35,271 INFO Relation normalization request started observation=2851
2026-10-01 14:25:35,271 INFO Relation normalization request started observation=2852
2026-10-01 14:25:35,273 INFO Relation normalization request started observation=2853
2026-10-01 14:25:49,468 INFO Relation normalization request ended observation=2848 seconds=14.201
2026-10-01 14:25:49,468 INFO Relation normalization request started observation=2854
2026-10-01 14:25:59,669 INFO Relation normalization request ended observation=2852 seconds=24.398
2026-10-01 14:25:59,669 INFO Relation normalization request started observation=2855
2026-10-01 14:26:01,546 INFO Relation normalization request ended observation=2849 seconds=26.278
2026-10-01 14:26:01,547 INFO Relation normalization request started observation=2856
2026-10-01 14:26:03,177 INFO Relation normalization request ended observation=2854 seconds=13.708
2026-10-01 14:26:03,177 INFO Relation normalization request started observation=2857
2026-10-01 14:26:10,444 INFO Relation normalization request ended observation=2856 seconds=8.898
2026-10-01 14:26:10,445 INFO Relation normalization request started observation=2858
2026-10-01 14:26:10,964 INFO Relation normalization request ended observation=2853 seconds=35.692
2026-10-01 14:26:10,965 INFO Relation normalization request started observation=2859
2026-10-01 14:26:18,888 INFO Relation normalization request ended observation=2855 seconds=19.219
2026-10-01 14:26:18,889 INFO Relation normalization request started observation=2860
2026-10-01 14:26:21,255 INFO Relation normalization request ended observation=2857 seconds=18.078
2026-10-01 14:26:21,255 INFO Relation normalization request started observation=2861
2026-10-01 14:26:26,901 INFO Relation normalization request ended observation=2851 seconds=51.630
2026-10-01 14:26:29,610 INFO Relation normalization request ended observation=2850 seconds=54.341
2026-10-01 14:26:30,359 INFO Relation normalization request ended observation=2859 seconds=19.394
2026-10-01 14:26:37,269 INFO Relation normalization request ended observation=2861 seconds=16.014
2026-10-01 14:26:43,747 INFO Relation normalization request ended observation=2860 seconds=24.858
2026-10-01 14:27:16,302 INFO Relation normalization request ended observation=2858 seconds=65.857
2026-10-01 14:31:11,736 INFO Relation normalization batch size=7 workers=6
2026-10-01 14:31:11,736 INFO Relation normalization request started observation=2862
2026-10-01 14:31:11,737 INFO Relation normalization request started observation=2863
2026-10-01 14:31:11,739 INFO Relation normalization request started observation=2864
2026-10-01 14:31:11,740 INFO Relation normalization request started observation=2865
2026-10-01 14:31:11,742 INFO Relation normalization request started observation=2866
2026-10-01 14:31:11,743 INFO Relation normalization request started observation=2867
2026-10-01 14:31:21,935 INFO Relation normalization request ended observation=2863 seconds=10.198
2026-10-01 14:31:21,936 INFO Relation normalization request started observation=2868
2026-10-01 14:31:23,458 INFO Relation normalization request ended observation=2862 seconds=11.722
2026-10-01 14:31:24,747 INFO Relation normalization request ended observation=2864 seconds=13.009
2026-10-01 14:31:36,437 INFO Relation normalization request ended observation=2868 seconds=14.501
2026-10-01 14:31:40,417 INFO Relation normalization request ended observation=2866 seconds=28.675
2026-10-01 14:31:52,779 INFO Relation normalization request ended observation=2865 seconds=41.038
2026-10-01 14:31:57,749 INFO Relation normalization request ended observation=2867 seconds=46.006
2026-10-01 14:37:32,018 INFO Relation normalization batch size=8 workers=6
2026-10-01 14:37:32,018 INFO Relation normalization request started observation=2869
2026-10-01 14:37:32,018 INFO Relation normalization request started observation=2870
2026-10-01 14:37:32,021 INFO Relation normalization request started observation=2871
2026-10-01 14:37:32,022 INFO Relation normalization request started observation=2872
2026-10-01 14:37:32,024 INFO Relation normalization request started observation=2873
2026-10-01 14:37:32,025 INFO Relation normalization request started observation=2874
2026-10-01 14:37:39,688 INFO Relation normalization request ended observation=2873 seconds=7.664
2026-10-01 14:37:39,688 INFO Relation normalization request started observation=2875
2026-10-01 14:37:40,049 INFO Relation normalization request ended observation=2871 seconds=8.028
2026-10-01 14:37:40,049 INFO Relation normalization request started observation=2876
2026-10-01 14:37:43,121 INFO Relation normalization request ended observation=2872 seconds=11.098
2026-10-01 14:37:44,141 INFO Relation normalization request ended observation=2874 seconds=12.116
2026-10-01 14:37:52,834 INFO Relation normalization request ended observation=2870 seconds=20.816
2026-10-01 14:38:01,008 INFO Relation normalization request ended observation=2869 seconds=28.989
2026-10-01 14:38:03,684 INFO Relation normalization request ended observation=2876 seconds=23.635
2026-10-01 14:38:29,534 INFO Relation normalization request ended observation=2875 seconds=49.846
2026-10-01 14:42:26,358 INFO Relation normalization batch size=5 workers=6
2026-10-01 14:42:26,359 INFO Relation normalization request started observation=2877
2026-10-01 14:42:26,360 INFO Relation normalization request started observation=2878
2026-10-01 14:42:26,360 INFO Relation normalization request started observation=2879
2026-10-01 14:42:26,361 INFO Relation normalization request started observation=2880
2026-10-01 14:42:26,362 INFO Relation normalization request started observation=2881
2026-10-01 14:42:33,817 INFO Relation normalization request ended observation=2878 seconds=7.457
2026-10-01 14:42:35,110 INFO Relation normalization request ended observation=2877 seconds=8.752
2026-10-01 14:42:35,775 INFO Relation normalization request ended observation=2879 seconds=9.415
2026-10-01 14:42:45,368 INFO Relation normalization request ended observation=2881 seconds=19.006
2026-10-01 14:42:48,346 INFO Relation normalization request ended observation=2880 seconds=21.985
2026-10-01 14:45:26,467 INFO Relation normalization batch size=3 workers=6
2026-10-01 14:45:26,467 INFO Relation normalization request started observation=2882
2026-10-01 14:45:26,467 INFO Relation normalization request started observation=2883
2026-10-01 14:45:26,468 INFO Relation normalization request started observation=2884
2026-10-01 14:45:37,856 INFO Relation normalization request ended observation=2884 seconds=11.388
2026-10-01 14:45:45,953 INFO Relation normalization request ended observation=2882 seconds=19.486
2026-10-01 14:46:18,894 INFO Relation normalization request ended observation=2883 seconds=52.427
2026-10-01 14:55:19,749 INFO Relation normalization batch size=11 workers=6
2026-10-01 14:55:19,749 INFO Relation normalization request started observation=2885
2026-10-01 14:55:19,751 INFO Relation normalization request started observation=2886
2026-10-01 14:55:19,752 INFO Relation normalization request started observation=2887
2026-10-01 14:55:19,752 INFO Relation normalization request started observation=2888
2026-10-01 14:55:19,754 INFO Relation normalization request started observation=2889
2026-10-01 14:55:19,756 INFO Relation normalization request started observation=2890
2026-10-01 14:55:31,059 INFO Relation normalization request ended observation=2889 seconds=11.305
2026-10-01 14:55:31,059 INFO Relation normalization request started observation=2891
2026-10-01 14:55:31,513 INFO Relation normalization request ended observation=2888 seconds=11.761
2026-10-01 14:55:31,514 INFO Relation normalization request started observation=2892
2026-10-01 14:55:33,260 INFO Relation normalization request ended observation=2886 seconds=13.509
2026-10-01 14:55:33,261 INFO Relation normalization request started observation=2893
2026-10-01 14:55:41,826 INFO Relation normalization request ended observation=2891 seconds=10.767
2026-10-01 14:55:41,826 INFO Relation normalization request started observation=2894
2026-10-01 14:55:50,820 INFO Relation normalization request ended observation=2893 seconds=17.560
2026-10-01 14:55:50,821 INFO Relation normalization request started observation=2895
2026-10-01 14:55:53,334 INFO Relation normalization request ended observation=2892 seconds=21.820
2026-10-01 14:55:57,546 INFO Relation normalization request ended observation=2890 seconds=37.789
2026-10-01 14:56:02,006 INFO Relation normalization request ended observation=2894 seconds=20.180
2026-10-01 14:56:11,168 INFO Relation normalization request ended observation=2885 seconds=51.418
2026-10-01 14:56:18,626 INFO Relation normalization request ended observation=2887 seconds=58.874
2026-10-01 14:56:21,262 INFO Relation normalization request ended observation=2895 seconds=30.441
2026-10-01 15:04:33,097 INFO Relation normalization batch size=25 workers=6
2026-10-01 15:04:33,097 INFO Relation normalization request started observation=2896
2026-10-01 15:04:33,097 INFO Relation normalization request started observation=2897
2026-10-01 15:04:33,100 INFO Relation normalization request started observation=2898
2026-10-01 15:04:33,102 INFO Relation normalization request started observation=2899
2026-10-01 15:04:33,102 INFO Relation normalization request started observation=2900
2026-10-01 15:04:33,104 INFO Relation normalization request started observation=2901
2026-10-01 15:04:42,386 INFO Relation normalization request ended observation=2898 seconds=9.286
2026-10-01 15:04:42,386 INFO Relation normalization request started observation=2902
2026-10-01 15:04:44,376 INFO Relation normalization request ended observation=2900 seconds=11.274
2026-10-01 15:04:44,376 INFO Relation normalization request started observation=2903
2026-10-01 15:04:48,894 INFO Relation normalization request ended observation=2899 seconds=15.792
2026-10-01 15:04:48,894 INFO Relation normalization request started observation=2904
2026-10-01 15:04:51,863 INFO Relation normalization request ended observation=2897 seconds=18.765
2026-10-01 15:04:51,863 INFO Relation normalization request started observation=2905
2026-10-01 15:05:07,553 INFO Relation normalization request ended observation=2902 seconds=25.167
2026-10-01 15:05:07,553 INFO Relation normalization request started observation=2906
2026-10-01 15:05:10,844 INFO Relation normalization request ended observation=2901 seconds=37.741
2026-10-01 15:05:10,845 INFO Relation normalization request started observation=2907
2026-10-01 15:05:17,031 INFO Relation normalization request ended observation=2896 seconds=43.934
2026-10-01 15:05:17,032 INFO Relation normalization request started observation=2908
2026-10-01 15:05:17,132 INFO Relation normalization request ended observation=2904 seconds=28.238
2026-10-01 15:05:17,132 INFO Relation normalization request started observation=2909
2026-10-01 15:05:17,689 INFO Relation normalization request ended observation=2903 seconds=33.312
2026-10-01 15:05:17,689 INFO Relation normalization request started observation=2910
2026-10-01 15:05:20,508 INFO Relation normalization request ended observation=2905 seconds=28.645
2026-10-01 15:05:20,508 INFO Relation normalization request started observation=2911
2026-10-01 15:05:23,554 INFO Relation normalization request ended observation=2909 seconds=6.422
2026-10-01 15:05:23,554 INFO Relation normalization request started observation=2912
2026-10-01 15:05:31,362 INFO Relation normalization request ended observation=2907 seconds=20.517
2026-10-01 15:05:31,362 INFO Relation normalization request started observation=2913
2026-10-01 15:06:04,514 INFO Relation normalization request ended observation=2908 seconds=47.483
2026-10-01 15:06:04,514 INFO Relation normalization request started observation=2914
2026-10-01 15:06:04,731 INFO Relation normalization request ended observation=2906 seconds=57.177
2026-10-01 15:06:04,731 INFO Relation normalization request started observation=2915
2026-10-01 15:06:05,975 INFO Relation normalization request ended observation=2912 seconds=42.420
2026-10-01 15:06:05,975 INFO Relation normalization request started observation=2916
2026-10-01 15:06:08,709 INFO Relation normalization request ended observation=2913 seconds=37.347
2026-10-01 15:06:08,709 INFO Relation normalization request started observation=2917
2026-10-01 15:06:16,260 INFO Relation normalization request ended observation=2917 seconds=7.551
2026-10-01 15:06:16,260 INFO Relation normalization request started observation=2918
2026-10-01 15:06:16,346 INFO Relation normalization request ended observation=2914 seconds=11.832
2026-10-01 15:06:16,346 INFO Relation normalization request started observation=2919
2026-10-01 15:06:34,669 INFO Relation normalization request ended observation=2916 seconds=28.694
2026-10-01 15:06:34,669 INFO Relation normalization request started observation=2920
2026-10-01 15:06:40,431 INFO Relation normalization request ended observation=2918 seconds=24.171
2026-10-01 15:06:49,149 INFO Relation normalization request ended observation=2919 seconds=32.802
2026-10-01 15:07:09,064 INFO Relation normalization request ended observation=2915 seconds=64.334
2026-10-01 15:07:14,193 INFO Relation normalization request ended observation=2910 seconds=116.505
2026-10-01 15:07:30,209 INFO Relation normalization request ended observation=2920 seconds=55.539
2026-10-01 15:07:54,745 INFO Relation normalization request ended observation=2911 seconds=154.237
2026-10-01 15:13:43,466 INFO Relation normalization batch size=13 workers=6
2026-10-01 15:13:43,466 INFO Relation normalization request started observation=2921
2026-10-01 15:13:43,468 INFO Relation normalization request started observation=2922
2026-10-01 15:13:43,469 INFO Relation normalization request started observation=2923
2026-10-01 15:13:43,471 INFO Relation normalization request started observation=2924
2026-10-01 15:13:43,472 INFO Relation normalization request started observation=2925
2026-10-01 15:13:43,473 INFO Relation normalization request started observation=2926
2026-10-01 15:13:56,212 INFO Relation normalization request ended observation=2926 seconds=12.738
2026-10-01 15:13:56,212 INFO Relation normalization request started observation=2927
2026-10-01 15:13:57,557 INFO Relation normalization request ended observation=2924 seconds=14.086
2026-10-01 15:13:57,557 INFO Relation normalization request started observation=2928
2026-10-01 15:14:00,341 INFO Relation normalization request ended observation=2922 seconds=16.873
2026-10-01 15:14:00,341 INFO Relation normalization request started observation=2929
2026-10-01 15:14:05,728 INFO Relation normalization request ended observation=2921 seconds=22.262
2026-10-01 15:14:05,728 INFO Relation normalization request started observation=2930
2026-10-01 15:14:09,902 INFO Relation normalization request ended observation=2925 seconds=26.430
2026-10-01 15:14:09,902 INFO Relation normalization request started observation=2931
2026-10-01 15:14:13,862 INFO Relation normalization request ended observation=2928 seconds=16.305
2026-10-01 15:14:13,862 INFO Relation normalization request started observation=2932
2026-10-01 15:14:15,249 INFO Relation normalization request ended observation=2929 seconds=14.908
2026-10-01 15:14:15,249 INFO Relation normalization request started observation=2933
2026-10-01 15:14:17,417 INFO Relation normalization request ended observation=2930 seconds=11.688
2026-10-01 15:14:19,469 INFO Relation normalization request ended observation=2923 seconds=35.999
2026-10-01 15:14:34,260 INFO Relation normalization request ended observation=2933 seconds=19.011
2026-10-01 15:14:47,678 INFO Relation normalization request ended observation=2932 seconds=33.816
2026-10-01 15:15:14,088 INFO Relation normalization request ended observation=2931 seconds=64.186
2026-10-01 15:15:18,976 INFO Relation normalization request ended observation=2927 seconds=82.764
2026-10-01 15:20:29,471 INFO Relation normalization batch size=18 workers=6
2026-10-01 15:20:29,472 INFO Relation normalization request started observation=2934
2026-10-01 15:20:29,473 INFO Relation normalization request started observation=2935
2026-10-01 15:20:29,475 INFO Relation normalization request started observation=2936
2026-10-01 15:20:29,475 INFO Relation normalization request started observation=2937
2026-10-01 15:20:29,476 INFO Relation normalization request started observation=2938
2026-10-01 15:20:29,476 INFO Relation normalization request started observation=2939
2026-10-01 15:20:40,537 INFO Relation normalization request ended observation=2939 seconds=11.061
2026-10-01 15:20:40,537 INFO Relation normalization request started observation=2940
2026-10-01 15:20:40,864 INFO Relation normalization request ended observation=2936 seconds=11.389
2026-10-01 15:20:40,864 INFO Relation normalization request started observation=2941
2026-10-01 15:20:48,350 INFO Relation normalization request ended observation=2938 seconds=18.874
2026-10-01 15:20:48,350 INFO Relation normalization request started observation=2942
2026-10-01 15:20:54,284 INFO Relation normalization request ended observation=2941 seconds=13.420
2026-10-01 15:20:54,284 INFO Relation normalization request started observation=2943
2026-10-01 15:20:56,754 INFO Relation normalization request ended observation=2940 seconds=16.217
2026-10-01 15:20:56,755 INFO Relation normalization request started observation=2944
2026-10-01 15:20:57,584 INFO Relation normalization request ended observation=2934 seconds=28.112
2026-10-01 15:20:57,584 INFO Relation normalization request started observation=2945
2026-10-01 15:21:11,802 INFO Relation normalization request ended observation=2944 seconds=15.048
2026-10-01 15:21:11,803 INFO Relation normalization request started observation=2946
2026-10-01 15:21:21,692 INFO Relation normalization request ended observation=2945 seconds=24.107
2026-10-01 15:21:21,692 INFO Relation normalization request started observation=2947
2026-10-01 15:21:26,848 INFO Relation normalization request ended observation=2935 seconds=57.375
2026-10-01 15:21:26,848 INFO Relation normalization request started observation=2948
2026-10-01 15:21:29,023 INFO Relation normalization request ended observation=2942 seconds=40.673
2026-10-01 15:21:29,023 INFO Relation normalization request started observation=2949
2026-10-01 15:21:30,502 INFO Relation normalization request ended observation=2937 seconds=61.028
2026-10-01 15:21:30,502 INFO Relation normalization request started observation=2950
2026-10-01 15:21:36,841 INFO Relation normalization request ended observation=2948 seconds=9.994
2026-10-01 15:21:36,842 INFO Relation normalization request started observation=2951
2026-10-01 15:21:37,262 INFO Relation normalization request ended observation=2943 seconds=42.978
2026-10-01 15:21:38,422 INFO Relation normalization request ended observation=2949 seconds=9.398
2026-10-01 15:21:43,316 INFO Relation normalization request ended observation=2947 seconds=21.624
2026-10-01 15:21:49,837 INFO Relation normalization request ended observation=2950 seconds=19.334
2026-10-01 15:21:54,054 INFO Relation normalization request ended observation=2951 seconds=17.212
2026-10-01 15:21:56,198 INFO Relation normalization request ended observation=2946 seconds=44.395
2026-10-01 15:29:21,465 INFO Relation normalization batch size=18 workers=6
2026-10-01 15:29:21,466 INFO Relation normalization request started observation=2952
2026-10-01 15:29:21,467 INFO Relation normalization request started observation=2953
2026-10-01 15:29:21,469 INFO Relation normalization request started observation=2954
2026-10-01 15:29:21,469 INFO Relation normalization request started observation=2955
2026-10-01 15:29:21,470 INFO Relation normalization request started observation=2956
2026-10-01 15:29:21,472 INFO Relation normalization request started observation=2957
2026-10-01 15:29:31,614 INFO Relation normalization request ended observation=2953 seconds=10.147
2026-10-01 15:29:31,614 INFO Relation normalization request started observation=2958
2026-10-01 15:29:32,815 INFO Relation normalization request ended observation=2952 seconds=11.349
2026-10-01 15:29:32,815 INFO Relation normalization request started observation=2959
2026-10-01 15:29:38,181 INFO Relation normalization request ended observation=2955 seconds=16.712
2026-10-01 15:29:38,181 INFO Relation normalization request started observation=2960
2026-10-01 15:29:42,407 INFO Relation normalization request ended observation=2956 seconds=20.936
2026-10-01 15:29:42,407 INFO Relation normalization request started observation=2961
2026-10-01 15:29:50,441 INFO Relation normalization request ended observation=2961 seconds=8.034
2026-10-01 15:29:50,441 INFO Relation normalization request started observation=2962
2026-10-01 15:29:50,464 INFO Relation normalization request ended observation=2960 seconds=12.283
2026-10-01 15:29:50,464 INFO Relation normalization request started observation=2963
2026-10-01 15:29:53,233 INFO Relation normalization request ended observation=2954 seconds=31.764
2026-10-01 15:29:53,233 INFO Relation normalization request started observation=2964
2026-10-01 15:29:59,989 INFO Relation normalization request ended observation=2963 seconds=9.524
2026-10-01 15:29:59,989 INFO Relation normalization request started observation=2965
2026-10-01 15:30:00,952 INFO Relation normalization request ended observation=2959 seconds=28.137
2026-10-01 15:30:00,952 INFO Relation normalization request started observation=2966
2026-10-01 15:30:07,445 INFO Relation normalization request ended observation=2957 seconds=45.974
2026-10-01 15:30:07,446 INFO Relation normalization request started observation=2967
2026-10-01 15:30:11,478 INFO Relation normalization request ended observation=2966 seconds=10.526
2026-10-01 15:30:11,478 INFO Relation normalization request started observation=2968
2026-10-01 15:30:17,309 INFO Relation normalization request ended observation=2967 seconds=9.863
2026-10-01 15:30:17,309 INFO Relation normalization request started observation=2969
2026-10-01 15:30:20,788 INFO Relation normalization request ended observation=2965 seconds=20.799
2026-10-01 15:30:24,394 INFO Relation normalization request ended observation=2962 seconds=33.954
2026-10-01 15:30:25,581 INFO Relation normalization request ended observation=2964 seconds=32.348
2026-10-01 15:30:28,695 INFO Relation normalization request ended observation=2958 seconds=57.080
2026-10-01 15:30:42,857 INFO Relation normalization request ended observation=2968 seconds=31.379
2026-10-01 15:31:23,331 INFO Relation normalization request ended observation=2969 seconds=66.022
2026-10-01 15:34:49,997 INFO Relation normalization batch size=6 workers=6
2026-10-01 15:34:49,997 INFO Relation normalization request started observation=2970
2026-10-01 15:34:49,999 INFO Relation normalization request started observation=2971
2026-10-01 15:34:50,000 INFO Relation normalization request started observation=2972
2026-10-01 15:34:50,000 INFO Relation normalization request started observation=2973
2026-10-01 15:34:50,002 INFO Relation normalization request started observation=2974
2026-10-01 15:34:50,003 INFO Relation normalization request started observation=2975
2026-10-01 15:35:00,007 INFO Relation normalization request ended observation=2975 seconds=10.004
2026-10-01 15:35:00,452 INFO Relation normalization request ended observation=2973 seconds=10.451
2026-10-01 15:35:03,049 INFO Relation normalization request ended observation=2974 seconds=13.048
2026-10-01 15:35:04,583 INFO Relation normalization request ended observation=2972 seconds=14.582
2026-10-01 15:35:04,608 INFO Relation normalization request ended observation=2970 seconds=14.611
2026-10-01 15:35:05,537 INFO Relation normalization request ended observation=2971 seconds=15.539
2026-10-01 15:42:22,831 INFO Relation normalization batch size=15 workers=6
2026-10-01 15:42:22,832 INFO Relation normalization request started observation=2976
2026-10-01 15:42:22,832 INFO Relation normalization request started observation=2977
2026-10-01 15:42:22,833 INFO Relation normalization request started observation=2978
2026-10-01 15:42:22,834 INFO Relation normalization request started observation=2979
2026-10-01 15:42:22,835 INFO Relation normalization request started observation=2980
2026-10-01 15:42:22,835 INFO Relation normalization request started observation=2981
2026-10-01 15:42:37,031 INFO Relation normalization request ended observation=2976 seconds=14.199
2026-10-01 15:42:37,031 INFO Relation normalization request started observation=2982
2026-10-01 15:42:44,055 INFO Relation normalization request ended observation=2978 seconds=21.222
2026-10-01 15:42:44,055 INFO Relation normalization request started observation=2983
2026-10-01 15:42:47,351 INFO Relation normalization request ended observation=2979 seconds=24.517
2026-10-01 15:42:47,351 INFO Relation normalization request started observation=2984
2026-10-01 15:42:52,349 INFO Relation normalization request ended observation=2977 seconds=29.517
2026-10-01 15:42:52,349 INFO Relation normalization request started observation=2985
2026-10-01 15:42:58,970 INFO Relation normalization request ended observation=2982 seconds=21.940
2026-10-01 15:42:58,971 INFO Relation normalization request started observation=2986
2026-10-01 15:43:01,950 INFO Relation normalization request ended observation=2980 seconds=39.115
2026-10-01 15:43:01,950 INFO Relation normalization request started observation=2987
2026-10-01 15:43:02,477 INFO Relation normalization request ended observation=2985 seconds=10.127
2026-10-01 15:43:02,477 INFO Relation normalization request started observation=2988
2026-10-01 15:43:11,701 INFO Relation normalization request ended observation=2981 seconds=48.866
2026-10-01 15:43:11,701 INFO Relation normalization request started observation=2989
2026-10-01 15:43:13,700 INFO Relation normalization request ended observation=2984 seconds=26.349
2026-10-01 15:43:13,700 INFO Relation normalization request started observation=2990
2026-10-01 15:43:28,318 INFO Relation normalization request ended observation=2989 seconds=16.616
2026-10-01 15:43:42,698 INFO Relation normalization request ended observation=2983 seconds=58.643
2026-10-01 15:43:49,019 INFO Relation normalization request ended observation=2988 seconds=46.542
2026-10-01 15:43:58,745 INFO Relation normalization request ended observation=2986 seconds=59.774
2026-10-01 15:44:07,006 INFO Relation normalization request ended observation=2990 seconds=53.306
2026-10-01 15:44:14,454 INFO Relation normalization request ended observation=2987 seconds=72.503
2026-10-01 15:51:01,465 INFO Relation normalization batch size=20 workers=6
2026-10-01 15:51:01,466 INFO Relation normalization request started observation=2991
2026-10-01 15:51:01,466 INFO Relation normalization request started observation=2992
2026-10-01 15:51:01,467 INFO Relation normalization request started observation=2993
2026-10-01 15:51:01,471 INFO Relation normalization request started observation=2994
2026-10-01 15:51:01,471 INFO Relation normalization request started observation=2995
2026-10-01 15:51:01,472 INFO Relation normalization request started observation=2996
2026-10-01 15:51:14,401 INFO Relation normalization request ended observation=2993 seconds=12.934
2026-10-01 15:51:14,401 INFO Relation normalization request started observation=2997
2026-10-01 15:51:14,516 INFO Relation normalization request ended observation=2994 seconds=13.045
2026-10-01 15:51:14,516 INFO Relation normalization request started observation=2998
2026-10-01 15:51:16,908 INFO Relation normalization request ended observation=2996 seconds=15.436
2026-10-01 15:51:16,909 INFO Relation normalization request started observation=2999
2026-10-01 15:51:23,036 INFO Relation normalization request ended observation=2995 seconds=21.565
2026-10-01 15:51:23,036 INFO Relation normalization request started observation=3000
2026-10-01 15:51:24,670 INFO Relation normalization request ended observation=2992 seconds=23.204
2026-10-01 15:51:24,670 INFO Relation normalization request started observation=3001
2026-10-01 15:51:26,709 INFO Relation normalization request ended observation=2997 seconds=12.308
2026-10-01 15:51:26,709 INFO Relation normalization request started observation=3002
2026-10-01 15:51:32,702 INFO Relation normalization request ended observation=2991 seconds=31.237
2026-10-01 15:51:32,702 INFO Relation normalization request started observation=3003
2026-10-01 15:51:37,775 INFO Relation normalization request ended observation=3001 seconds=13.105
2026-10-01 15:51:37,775 INFO Relation normalization request started observation=3004
2026-10-01 15:51:39,250 INFO Relation normalization request ended observation=3002 seconds=12.541
2026-10-01 15:51:39,250 INFO Relation normalization request started observation=3005
2026-10-01 15:51:41,361 INFO Relation normalization request ended observation=2998 seconds=26.845
2026-10-01 15:51:41,361 INFO Relation normalization request started observation=3006
2026-10-01 15:51:43,272 INFO Relation normalization request ended observation=3003 seconds=10.570
2026-10-01 15:51:43,272 INFO Relation normalization request started observation=3007
2026-10-01 15:51:52,194 INFO Relation normalization request ended observation=3005 seconds=12.944
2026-10-01 15:51:52,194 INFO Relation normalization request started observation=3008
2026-10-01 15:51:54,289 INFO Relation normalization request ended observation=3007 seconds=11.017
2026-10-01 15:51:54,290 INFO Relation normalization request started observation=3009
2026-10-01 15:51:56,360 INFO Relation normalization request ended observation=3006 seconds=14.999
2026-10-01 15:51:56,360 INFO Relation normalization request started observation=3010
2026-10-01 15:52:07,932 INFO Relation normalization request ended observation=3009 seconds=13.643
2026-10-01 15:52:12,548 INFO Relation normalization request ended observation=3008 seconds=20.354
2026-10-01 15:52:15,093 INFO Relation normalization request ended observation=2999 seconds=58.185
2026-10-01 15:52:17,304 INFO Relation normalization request ended observation=3004 seconds=39.528
2026-10-01 15:52:26,231 INFO Relation normalization request ended observation=3000 seconds=63.195
2026-10-01 15:52:53,117 INFO Relation normalization request ended observation=3010 seconds=56.757
2026-10-01 16:03:10,621 INFO Relation normalization batch size=7 workers=6
2026-10-01 16:03:10,621 INFO Relation normalization request started observation=3011
2026-10-01 16:03:10,623 INFO Relation normalization request started observation=3012
2026-10-01 16:03:10,624 INFO Relation normalization request started observation=3013
2026-10-01 16:03:10,624 INFO Relation normalization request started observation=3014
2026-10-01 16:03:10,627 INFO Relation normalization request started observation=3015
2026-10-01 16:03:10,628 INFO Relation normalization request started observation=3016
2026-10-01 16:03:24,067 INFO Relation normalization request ended observation=3014 seconds=13.443
2026-10-01 16:03:24,068 INFO Relation normalization request started observation=3017
2026-10-01 16:03:24,248 INFO Relation normalization request ended observation=3013 seconds=13.623
2026-10-01 16:03:26,348 INFO Relation normalization request ended observation=3016 seconds=15.719
2026-10-01 16:03:29,636 INFO Relation normalization request ended observation=3012 seconds=19.013
2026-10-01 16:03:39,835 INFO Relation normalization request ended observation=3011 seconds=29.214
2026-10-01 16:03:50,627 INFO Relation normalization request ended observation=3017 seconds=26.559
2026-10-01 16:04:17,874 INFO Relation normalization request ended observation=3015 seconds=67.247
2026-10-01 16:12:22,580 INFO Relation normalization batch size=18 workers=6
2026-10-01 16:12:22,580 INFO Relation normalization request started observation=3018
2026-10-01 16:12:22,580 INFO Relation normalization request started observation=3019
2026-10-01 16:12:22,584 INFO Relation normalization request started observation=3020
2026-10-01 16:12:22,585 INFO Relation normalization request started observation=3021
2026-10-01 16:12:22,587 INFO Relation normalization request started observation=3022
2026-10-01 16:12:22,589 INFO Relation normalization request started observation=3023
2026-10-01 16:12:33,517 INFO Relation normalization request ended observation=3018 seconds=10.936
2026-10-01 16:12:33,517 INFO Relation normalization request started observation=3024
2026-10-01 16:12:36,268 INFO Relation normalization request ended observation=3019 seconds=13.688
2026-10-01 16:12:36,268 INFO Relation normalization request started observation=3025
2026-10-01 16:12:36,841 INFO Relation normalization request ended observation=3020 seconds=14.258
2026-10-01 16:12:36,841 INFO Relation normalization request started observation=3026
2026-10-01 16:12:48,707 INFO Relation normalization request ended observation=3026 seconds=11.866
2026-10-01 16:12:48,707 INFO Relation normalization request started observation=3027
2026-10-01 16:12:52,599 INFO Relation normalization request ended observation=3024 seconds=19.082
2026-10-01 16:12:52,599 INFO Relation normalization request started observation=3028
2026-10-01 16:12:56,313 INFO Relation normalization request ended observation=3027 seconds=7.606
2026-10-01 16:12:56,313 INFO Relation normalization request started observation=3029
2026-10-01 16:13:06,603 INFO Relation normalization request ended observation=3029 seconds=10.290
2026-10-01 16:13:06,604 INFO Relation normalization request started observation=3030
2026-10-01 16:13:09,333 INFO Relation normalization request ended observation=3022 seconds=46.746
2026-10-01 16:13:09,333 INFO Relation normalization request started observation=3031
2026-10-01 16:13:17,311 INFO Relation normalization request ended observation=3031 seconds=7.978
2026-10-01 16:13:17,311 INFO Relation normalization request started observation=3032
2026-10-01 16:13:23,546 INFO Relation normalization request ended observation=3023 seconds=60.958
2026-10-01 16:13:23,547 INFO Relation normalization request started observation=3033
2026-10-01 16:13:25,889 INFO Relation normalization request ended observation=3025 seconds=49.620
2026-10-01 16:13:25,889 INFO Relation normalization request started observation=3034
2026-10-01 16:13:31,617 INFO Relation normalization request ended observation=3028 seconds=39.018
2026-10-01 16:13:31,617 INFO Relation normalization request started observation=3035
2026-10-01 16:13:31,966 INFO Relation normalization request ended observation=3021 seconds=69.381
2026-10-01 16:13:32,526 INFO Relation normalization request ended observation=3030 seconds=25.923
2026-10-01 16:13:46,267 INFO Relation normalization request ended observation=3035 seconds=14.649
2026-10-01 16:13:51,185 INFO Relation normalization request ended observation=3033 seconds=27.639
2026-10-01 16:14:23,393 INFO Relation normalization request ended observation=3034 seconds=57.504
2026-10-01 16:14:55,879 INFO Relation normalization request ended observation=3032 seconds=98.568
2026-10-01 16:21:23,066 INFO Relation normalization batch size=15 workers=6
2026-10-01 16:21:23,067 INFO Relation normalization request started observation=3036
2026-10-01 16:21:23,067 INFO Relation normalization request started observation=3037
2026-10-01 16:21:23,068 INFO Relation normalization request started observation=3038
2026-10-01 16:21:23,071 INFO Relation normalization request started observation=3039
2026-10-01 16:21:23,073 INFO Relation normalization request started observation=3040
2026-10-01 16:21:23,073 INFO Relation normalization request started observation=3041
2026-10-01 16:21:46,191 INFO Relation normalization request ended observation=3039 seconds=23.120
2026-10-01 16:21:46,191 INFO Relation normalization request started observation=3042
2026-10-01 16:21:50,208 INFO Relation normalization request ended observation=3041 seconds=27.135
2026-10-01 16:21:50,208 INFO Relation normalization request started observation=3043
2026-10-01 16:22:00,093 INFO Relation normalization request ended observation=3040 seconds=37.021
2026-10-01 16:22:00,094 INFO Relation normalization request started observation=3044
2026-10-01 16:22:07,997 INFO Relation normalization request ended observation=3036 seconds=44.930
2026-10-01 16:22:07,997 INFO Relation normalization request started observation=3045
2026-10-01 16:22:08,256 INFO Relation normalization request ended observation=3038 seconds=45.188
2026-10-01 16:22:08,257 INFO Relation normalization request started observation=3046
2026-10-01 16:22:11,893 INFO Relation normalization request ended observation=3037 seconds=48.826
2026-10-01 16:22:11,893 INFO Relation normalization request started observation=3047
2026-10-01 16:22:20,695 INFO Relation normalization request ended observation=3043 seconds=30.487
2026-10-01 16:22:20,696 INFO Relation normalization request started observation=3048
2026-10-01 16:22:24,847 INFO Relation normalization request ended observation=3047 seconds=12.954
2026-10-01 16:22:24,847 INFO Relation normalization request started observation=3049
2026-10-01 16:22:31,359 INFO Relation normalization request ended observation=3049 seconds=6.512
2026-10-01 16:22:31,360 INFO Relation normalization request started observation=3050
2026-10-01 16:22:42,528 INFO Relation normalization request ended observation=3050 seconds=11.169
2026-10-01 16:22:47,983 INFO Relation normalization request ended observation=3042 seconds=61.791
2026-10-01 16:22:51,349 INFO Relation normalization request ended observation=3044 seconds=51.256
2026-10-01 16:22:55,777 INFO Relation normalization request ended observation=3048 seconds=35.081
2026-10-01 16:23:29,947 INFO Relation normalization request ended observation=3045 seconds=81.950
2026-10-01 16:24:14,656 INFO Relation normalization request ended observation=3046 seconds=126.400
2026-10-01 16:29:05,184 INFO Relation normalization batch size=12 workers=6
2026-10-01 16:29:05,184 INFO Relation normalization request started observation=3051
2026-10-01 16:29:05,186 INFO Relation normalization request started observation=3052
2026-10-01 16:29:05,188 INFO Relation normalization request started observation=3053
2026-10-01 16:29:05,189 INFO Relation normalization request started observation=3054
2026-10-01 16:29:05,190 INFO Relation normalization request started observation=3055
2026-10-01 16:29:05,192 INFO Relation normalization request started observation=3056
2026-10-01 16:29:20,167 INFO Relation normalization request ended observation=3053 seconds=14.980
2026-10-01 16:29:20,168 INFO Relation normalization request started observation=3057
2026-10-01 16:29:28,806 INFO Relation normalization request ended observation=3052 seconds=23.620
2026-10-01 16:29:28,806 INFO Relation normalization request started observation=3058
2026-10-01 16:29:29,161 INFO Relation normalization request ended observation=3051 seconds=23.976
2026-10-01 16:29:29,161 INFO Relation normalization request started observation=3059
2026-10-01 16:29:39,218 INFO Relation normalization request ended observation=3057 seconds=19.050
2026-10-01 16:29:39,218 INFO Relation normalization request started observation=3060
2026-10-01 16:29:43,446 INFO Relation normalization request ended observation=3056 seconds=38.254
2026-10-01 16:29:43,446 INFO Relation normalization request started observation=3061
2026-10-01 16:29:50,957 INFO Relation normalization request ended observation=3054 seconds=45.768
2026-10-01 16:29:50,958 INFO Relation normalization request started observation=3062
2026-10-01 16:29:52,278 INFO Relation normalization request ended observation=3058 seconds=23.471
2026-10-01 16:29:56,800 INFO Relation normalization request ended observation=3061 seconds=13.354
2026-10-01 16:30:09,906 INFO Relation normalization request ended observation=3062 seconds=18.948
2026-10-01 16:30:21,004 INFO Relation normalization request ended observation=3059 seconds=51.844
2026-10-01 16:30:21,577 INFO Relation normalization request ended observation=3060 seconds=42.359
2026-10-01 16:30:32,843 INFO Relation normalization request ended observation=3055 seconds=87.652
2026-10-01 16:39:18,357 INFO Relation normalization batch size=28 workers=6
2026-10-01 16:39:18,357 INFO Relation normalization request started observation=3063
2026-10-01 16:39:18,357 INFO Relation normalization request started observation=3064
2026-10-01 16:39:18,360 INFO Relation normalization request started observation=3065
2026-10-01 16:39:18,361 INFO Relation normalization request started observation=3066
2026-10-01 16:39:18,362 INFO Relation normalization request started observation=3067
2026-10-01 16:39:18,364 INFO Relation normalization request started observation=3068
2026-10-01 16:39:26,280 INFO Relation normalization request ended observation=3068 seconds=7.916
2026-10-01 16:39:26,280 INFO Relation normalization request started observation=3069
2026-10-01 16:39:31,523 INFO Relation normalization request ended observation=3064 seconds=13.166
2026-10-01 16:39:31,523 INFO Relation normalization request started observation=3070
2026-10-01 16:39:40,165 INFO Relation normalization request ended observation=3065 seconds=21.805
2026-10-01 16:39:40,165 INFO Relation normalization request started observation=3071
2026-10-01 16:39:40,536 INFO Relation normalization request ended observation=3063 seconds=22.179
2026-10-01 16:39:40,536 INFO Relation normalization request started observation=3072
2026-10-01 16:39:43,102 INFO Relation normalization request ended observation=3069 seconds=16.821
2026-10-01 16:39:43,102 INFO Relation normalization request started observation=3073
2026-10-01 16:39:50,335 INFO Relation normalization request ended observation=3067 seconds=31.972
2026-10-01 16:39:50,335 INFO Relation normalization request started observation=3074
2026-10-01 16:39:57,092 INFO Relation normalization request ended observation=3070 seconds=25.569
2026-10-01 16:39:57,092 INFO Relation normalization request started observation=3075
2026-10-01 16:40:00,618 INFO Relation normalization request ended observation=3066 seconds=42.257
2026-10-01 16:40:00,619 INFO Relation normalization request started observation=3076
2026-10-01 16:40:01,221 INFO Relation normalization request ended observation=3074 seconds=10.886
2026-10-01 16:40:01,221 INFO Relation normalization request started observation=3077
2026-10-01 16:40:05,303 INFO Relation normalization request ended observation=3072 seconds=24.767
2026-10-01 16:40:05,303 INFO Relation normalization request started observation=3078
2026-10-01 16:40:14,069 INFO Relation normalization request ended observation=3075 seconds=16.977
2026-10-01 16:40:14,069 INFO Relation normalization request started observation=3079
2026-10-01 16:40:14,415 INFO Relation normalization request ended observation=3077 seconds=13.194
2026-10-01 16:40:14,416 INFO Relation normalization request started observation=3080
2026-10-01 16:40:14,423 INFO Relation normalization request ended observation=3076 seconds=13.805
2026-10-01 16:40:14,423 INFO Relation normalization request started observation=3081
2026-10-01 16:40:20,824 INFO Relation normalization request ended observation=3078 seconds=15.521
2026-10-01 16:40:20,824 INFO Relation normalization request started observation=3082
2026-10-01 16:40:22,382 INFO Relation normalization request ended observation=3081 seconds=7.958
2026-10-01 16:40:22,382 INFO Relation normalization request started observation=3083
2026-10-01 16:40:26,551 INFO Relation normalization request ended observation=3073 seconds=43.450
2026-10-01 16:40:26,552 INFO Relation normalization request started observation=3084
2026-10-01 16:40:31,656 INFO Relation normalization request ended observation=3079 seconds=17.587
2026-10-01 16:40:31,656 INFO Relation normalization request started observation=3085
2026-10-01 16:40:38,441 INFO Relation normalization request ended observation=3083 seconds=16.060
2026-10-01 16:40:38,441 INFO Relation normalization request started observation=3086
2026-10-01 16:40:46,738 INFO Relation normalization request ended observation=3086 seconds=8.297
2026-10-01 16:40:46,738 INFO Relation normalization request started observation=3087
2026-10-01 16:40:47,631 INFO Relation normalization request ended observation=3080 seconds=33.215
2026-10-01 16:40:47,631 INFO Relation normalization request started observation=3088
2026-10-01 16:41:02,991 INFO Relation normalization request ended observation=3087 seconds=16.253
2026-10-01 16:41:02,991 INFO Relation normalization request started observation=3089
2026-10-01 16:41:11,528 INFO Relation normalization request ended observation=3071 seconds=91.363
2026-10-01 16:41:11,528 INFO Relation normalization request started observation=3090
2026-10-01 16:41:26,145 INFO Relation normalization request ended observation=3082 seconds=65.320
2026-10-01 16:41:40,064 INFO Relation normalization request ended observation=3089 seconds=37.072
2026-10-01 16:41:43,601 INFO Relation normalization request ended observation=3084 seconds=77.049
2026-10-01 16:41:52,139 INFO Relation normalization request ended observation=3085 seconds=80.483
2026-10-01 16:42:06,827 INFO Relation normalization request ended observation=3090 seconds=55.299
2026-10-01 16:42:16,073 INFO Relation normalization request ended observation=3088 seconds=88.442
2026-10-01 16:53:35,731 INFO Relation normalization batch size=18 workers=6
2026-10-01 16:53:35,731 INFO Relation normalization request started observation=3091
2026-10-01 16:53:35,731 INFO Relation normalization request started observation=3092
2026-10-01 16:53:35,735 INFO Relation normalization request started observation=3093
2026-10-01 16:53:35,736 INFO Relation normalization request started observation=3094
2026-10-01 16:53:35,738 INFO Relation normalization request started observation=3095
2026-10-01 16:53:35,740 INFO Relation normalization request started observation=3096
2026-10-01 16:53:44,774 INFO Relation normalization request ended observation=3091 seconds=9.043
2026-10-01 16:53:44,774 INFO Relation normalization request started observation=3097
2026-10-01 16:53:45,182 INFO Relation normalization request ended observation=3093 seconds=9.447
2026-10-01 16:53:45,183 INFO Relation normalization request started observation=3098
2026-10-01 16:53:48,067 INFO Relation normalization request ended observation=3095 seconds=12.329
2026-10-01 16:53:48,068 INFO Relation normalization request started observation=3099
2026-10-01 16:53:50,279 INFO Relation normalization request ended observation=3094 seconds=14.542
2026-10-01 16:53:50,279 INFO Relation normalization request started observation=3100
2026-10-01 16:53:54,733 INFO Relation normalization request ended observation=3096 seconds=18.993
2026-10-01 16:53:54,733 INFO Relation normalization request started observation=3101
2026-10-01 16:54:01,444 INFO Relation normalization request ended observation=3097 seconds=16.670
2026-10-01 16:54:01,444 INFO Relation normalization request started observation=3102
2026-10-01 16:54:03,071 INFO Relation normalization request ended observation=3098 seconds=17.888
2026-10-01 16:54:03,071 INFO Relation normalization request started observation=3103
2026-10-01 16:54:05,611 INFO Relation normalization request ended observation=3099 seconds=17.544
2026-10-01 16:54:05,611 INFO Relation normalization request started observation=3104
2026-10-01 16:54:07,648 INFO Relation normalization request ended observation=3092 seconds=31.917
2026-10-01 16:54:07,648 INFO Relation normalization request started observation=3105
2026-10-01 16:54:12,852 INFO Relation normalization request ended observation=3101 seconds=18.119
2026-10-01 16:54:12,852 INFO Relation normalization request started observation=3106
2026-10-01 16:54:14,243 INFO Relation normalization request ended observation=3103 seconds=11.173
2026-10-01 16:54:14,243 INFO Relation normalization request started observation=3107
2026-10-01 16:54:15,788 INFO Relation normalization request ended observation=3100 seconds=25.508
2026-10-01 16:54:15,788 INFO Relation normalization request started observation=3108
2026-10-01 16:54:16,765 INFO Relation normalization request ended observation=3105 seconds=9.117
2026-10-01 16:54:23,229 INFO Relation normalization request ended observation=3108 seconds=7.442
2026-10-01 16:54:24,107 INFO Relation normalization request ended observation=3106 seconds=11.255
2026-10-01 16:54:25,259 INFO Relation normalization request ended observation=3104 seconds=19.647
2026-10-01 16:54:50,710 INFO Relation normalization request ended observation=3102 seconds=49.266
2026-10-01 16:54:55,237 INFO Relation normalization request ended observation=3107 seconds=40.994
2026-10-01 17:00:47,550 INFO Relation normalization batch size=15 workers=6
2026-10-01 17:00:47,550 INFO Relation normalization request started observation=3109
2026-10-01 17:00:47,552 INFO Relation normalization request started observation=3110
2026-10-01 17:00:47,553 INFO Relation normalization request started observation=3111
2026-10-01 17:00:47,555 INFO Relation normalization request started observation=3112
2026-10-01 17:00:47,557 INFO Relation normalization request started observation=3113
2026-10-01 17:00:47,559 INFO Relation normalization request started observation=3114
2026-10-01 17:01:11,866 INFO Relation normalization request ended observation=3114 seconds=24.307
2026-10-01 17:01:11,866 INFO Relation normalization request started observation=3115
2026-10-01 17:01:25,891 INFO Relation normalization request ended observation=3112 seconds=38.336
2026-10-01 17:01:25,892 INFO Relation normalization request started observation=3116
2026-10-01 17:01:28,361 INFO Relation normalization request ended observation=3113 seconds=40.804
2026-10-01 17:01:28,361 INFO Relation normalization request started observation=3117
2026-10-01 17:01:34,028 INFO Relation normalization request ended observation=3111 seconds=46.475
2026-10-01 17:01:34,028 INFO Relation normalization request started observation=3118
2026-10-01 17:01:35,437 INFO Relation normalization request ended observation=3109 seconds=47.886
2026-10-01 17:01:35,437 INFO Relation normalization request started observation=3119
2026-10-01 17:01:40,323 INFO Relation normalization request ended observation=3116 seconds=14.432
2026-10-01 17:01:40,323 INFO Relation normalization request started observation=3120
2026-10-01 17:01:51,383 INFO Relation normalization request ended observation=3119 seconds=15.946
2026-10-01 17:01:51,383 INFO Relation normalization request started observation=3121
2026-10-01 17:01:56,983 INFO Relation normalization request ended observation=3118 seconds=22.955
2026-10-01 17:01:56,983 INFO Relation normalization request started observation=3122
2026-10-01 17:02:08,301 INFO Relation normalization request ended observation=3115 seconds=56.435
2026-10-01 17:02:08,301 INFO Relation normalization request started observation=3123
2026-10-01 17:02:09,432 INFO Relation normalization request ended observation=3110 seconds=81.880
2026-10-01 17:02:25,088 INFO Relation normalization request ended observation=3122 seconds=28.104
2026-10-01 17:02:25,552 INFO Relation normalization request ended observation=3123 seconds=17.250
2026-10-01 17:02:25,976 INFO Relation normalization request ended observation=3121 seconds=34.594
2026-10-01 17:03:03,477 INFO Relation normalization request ended observation=3117 seconds=95.116
2026-10-01 17:03:59,494 INFO Relation normalization request ended observation=3120 seconds=139.171
2026-10-01 17:13:25,645 INFO Relation normalization batch size=21 workers=6
2026-10-01 17:13:25,646 INFO Relation normalization request started observation=3124
2026-10-01 17:13:25,648 INFO Relation normalization request started observation=3125
2026-10-01 17:13:25,649 INFO Relation normalization request started observation=3126
2026-10-01 17:13:25,649 INFO Relation normalization request started observation=3127
2026-10-01 17:13:25,651 INFO Relation normalization request started observation=3128
2026-10-01 17:13:25,652 INFO Relation normalization request started observation=3129
2026-10-01 17:13:34,782 INFO Relation normalization request ended observation=3124 seconds=9.136
2026-10-01 17:13:34,782 INFO Relation normalization request started observation=3130
2026-10-01 17:13:45,790 INFO Relation normalization request ended observation=3130 seconds=11.008
2026-10-01 17:13:45,791 INFO Relation normalization request started observation=3131
2026-10-01 17:13:57,798 INFO Relation normalization request ended observation=3129 seconds=32.146
2026-10-01 17:13:57,798 INFO Relation normalization request started observation=3132
2026-10-01 17:13:59,128 INFO Relation normalization request ended observation=3128 seconds=33.477
2026-10-01 17:13:59,128 INFO Relation normalization request started observation=3133
2026-10-01 17:14:06,931 INFO Relation normalization request ended observation=3127 seconds=41.282
2026-10-01 17:14:06,931 INFO Relation normalization request started observation=3134
2026-10-01 17:14:09,123 INFO Relation normalization request ended observation=3133 seconds=9.995
2026-10-01 17:14:09,123 INFO Relation normalization request started observation=3135
2026-10-01 17:14:09,379 INFO Relation normalization request ended observation=3125 seconds=43.732
2026-10-01 17:14:09,380 INFO Relation normalization request started observation=3136
2026-10-01 17:14:21,508 INFO Relation normalization request ended observation=3134 seconds=14.577
2026-10-01 17:14:21,509 INFO Relation normalization request started observation=3137
2026-10-01 17:14:26,067 INFO Relation normalization request ended observation=3132 seconds=28.269
2026-10-01 17:14:26,067 INFO Relation normalization request started observation=3138
2026-10-01 17:14:38,508 INFO Relation normalization request ended observation=3131 seconds=52.717
2026-10-01 17:14:38,508 INFO Relation normalization request started observation=3139
2026-10-01 17:14:42,975 INFO Relation normalization request ended observation=3137 seconds=21.467
2026-10-01 17:14:42,975 INFO Relation normalization request started observation=3140
2026-10-01 17:14:43,053 INFO Relation normalization request ended observation=3126 seconds=77.404
2026-10-01 17:14:43,054 INFO Relation normalization request started observation=3141
2026-10-01 17:14:54,116 INFO Relation normalization request ended observation=3138 seconds=28.049
2026-10-01 17:14:54,117 INFO Relation normalization request started observation=3142
2026-10-01 17:14:59,242 INFO Relation normalization request ended observation=3136 seconds=49.863
2026-10-01 17:14:59,243 INFO Relation normalization request started observation=3143
2026-10-01 17:15:07,496 INFO Relation normalization request ended observation=3139 seconds=28.988
2026-10-01 17:15:07,496 INFO Relation normalization request started observation=3144
2026-10-01 17:15:09,584 INFO Relation normalization request ended observation=3142 seconds=15.468
2026-10-01 17:15:24,507 INFO Relation normalization request ended observation=3141 seconds=41.454
2026-10-01 17:15:29,438 INFO Relation normalization request ended observation=3140 seconds=46.462
2026-10-01 17:15:35,357 INFO Relation normalization request ended observation=3135 seconds=86.234
2026-10-01 17:15:47,361 INFO Relation normalization request ended observation=3143 seconds=48.118
2026-10-01 17:16:20,746 INFO Relation normalization request ended observation=3144 seconds=73.250
2026-10-01 17:23:42,622 INFO Relation normalization batch size=18 workers=6
2026-10-01 17:23:42,623 INFO Relation normalization request started observation=3145
2026-10-01 17:23:42,624 INFO Relation normalization request started observation=3146
2026-10-01 17:23:42,626 INFO Relation normalization request started observation=3147
2026-10-01 17:23:42,626 INFO Relation normalization request started observation=3148
2026-10-01 17:23:42,628 INFO Relation normalization request started observation=3149
2026-10-01 17:23:42,629 INFO Relation normalization request started observation=3150
2026-10-01 17:23:53,233 INFO Relation normalization request ended observation=3145 seconds=10.611
2026-10-01 17:23:53,234 INFO Relation normalization request started observation=3151
2026-10-01 17:24:08,361 INFO Relation normalization request ended observation=3148 seconds=25.735
2026-10-01 17:24:08,362 INFO Relation normalization request started observation=3152
2026-10-01 17:24:12,221 INFO Relation normalization request ended observation=3150 seconds=29.592
2026-10-01 17:24:12,221 INFO Relation normalization request started observation=3153
2026-10-01 17:24:18,888 INFO Relation normalization request ended observation=3147 seconds=36.262
2026-10-01 17:24:18,888 INFO Relation normalization request started observation=3154
2026-10-01 17:24:21,573 INFO Relation normalization request ended observation=3151 seconds=28.339
2026-10-01 17:24:21,573 INFO Relation normalization request started observation=3155
2026-10-01 17:24:27,955 INFO Relation normalization request ended observation=3154 seconds=9.067
2026-10-01 17:24:27,955 INFO Relation normalization request started observation=3156
2026-10-01 17:24:28,169 INFO Relation normalization request ended observation=3149 seconds=45.542
2026-10-01 17:24:28,170 INFO Relation normalization request started observation=3157
2026-10-01 17:24:35,643 INFO Relation normalization request ended observation=3153 seconds=23.422
2026-10-01 17:24:35,643 INFO Relation normalization request started observation=3158
2026-10-01 17:24:38,592 INFO Relation normalization request ended observation=3155 seconds=17.019
2026-10-01 17:24:38,592 INFO Relation normalization request started observation=3159
2026-10-01 17:24:52,067 INFO Relation normalization request ended observation=3156 seconds=24.112
2026-10-01 17:24:52,067 INFO Relation normalization request started observation=3160
2026-10-01 17:24:52,891 INFO Relation normalization request ended observation=3146 seconds=70.267
2026-10-01 17:24:52,891 INFO Relation normalization request started observation=3161
2026-10-01 17:24:58,717 INFO Relation normalization request ended observation=3159 seconds=20.125
2026-10-01 17:24:58,718 INFO Relation normalization request started observation=3162
2026-10-01 17:25:07,943 INFO Relation normalization request ended observation=3157 seconds=39.774
2026-10-01 17:25:13,690 INFO Relation normalization request ended observation=3160 seconds=21.623
2026-10-01 17:25:20,936 INFO Relation normalization request ended observation=3161 seconds=28.045
2026-10-01 17:25:27,685 INFO Relation normalization request ended observation=3158 seconds=52.042
2026-10-01 17:25:44,844 INFO Relation normalization request ended observation=3152 seconds=96.482
2026-10-01 17:26:01,502 INFO Relation normalization request ended observation=3162 seconds=62.785
2026-10-01 17:32:10,056 INFO Relation normalization batch size=12 workers=6
2026-10-01 17:32:10,060 INFO Relation normalization request started observation=3163
2026-10-01 17:32:10,061 INFO Relation normalization request started observation=3164
2026-10-01 17:32:10,062 INFO Relation normalization request started observation=3165
2026-10-01 17:32:10,062 INFO Relation normalization request started observation=3166
2026-10-01 17:32:10,065 INFO Relation normalization request started observation=3167
2026-10-01 17:32:10,068 INFO Relation normalization request started observation=3168
2026-10-01 17:32:21,848 INFO Relation normalization request ended observation=3166 seconds=11.786
2026-10-01 17:32:21,848 INFO Relation normalization request started observation=3169
2026-10-01 17:32:22,759 INFO Relation normalization request ended observation=3164 seconds=12.699
2026-10-01 17:32:22,759 INFO Relation normalization request started observation=3170
2026-10-01 17:32:29,402 INFO Relation normalization request ended observation=3163 seconds=19.342
2026-10-01 17:32:29,402 INFO Relation normalization request started observation=3171
2026-10-01 17:32:32,639 INFO Relation normalization request ended observation=3165 seconds=22.576
2026-10-01 17:32:32,639 INFO Relation normalization request started observation=3172
2026-10-01 17:32:40,897 INFO Relation normalization request ended observation=3167 seconds=30.832
2026-10-01 17:32:40,898 INFO Relation normalization request started observation=3173
2026-10-01 17:32:53,973 INFO Relation normalization request ended observation=3170 seconds=31.213
2026-10-01 17:32:53,973 INFO Relation normalization request started observation=3174
2026-10-01 17:33:05,380 INFO Relation normalization request ended observation=3171 seconds=35.977
2026-10-01 17:33:17,984 INFO Relation normalization request ended observation=3169 seconds=56.135
2026-10-01 17:33:26,940 INFO Relation normalization request ended observation=3168 seconds=76.873
2026-10-01 17:33:34,765 INFO Relation normalization request ended observation=3173 seconds=53.867
2026-10-01 17:34:03,060 INFO Relation normalization request ended observation=3172 seconds=90.421
2026-10-01 17:34:25,176 INFO Relation normalization request ended observation=3174 seconds=91.203
2026-10-01 17:37:28,552 INFO Relation normalization batch size=4 workers=6
2026-10-01 17:37:28,553 INFO Relation normalization request started observation=3175
2026-10-01 17:37:28,554 INFO Relation normalization request started observation=3176
2026-10-01 17:37:28,556 INFO Relation normalization request started observation=3177
2026-10-01 17:37:28,556 INFO Relation normalization request started observation=3178
2026-10-01 17:37:35,410 INFO Relation normalization request ended observation=3175 seconds=6.857
2026-10-01 17:37:38,335 INFO Relation normalization request ended observation=3176 seconds=9.781
2026-10-01 17:38:04,526 INFO Relation normalization request ended observation=3177 seconds=35.970
2026-10-01 17:38:23,624 INFO Relation normalization request ended observation=3178 seconds=55.068
2026-10-01 17:44:47,415 INFO Relation normalization batch size=9 workers=6
2026-10-01 17:44:47,415 INFO Relation normalization request started observation=3179
2026-10-01 17:44:47,415 INFO Relation normalization request started observation=3180
2026-10-01 17:44:47,418 INFO Relation normalization request started observation=3181
2026-10-01 17:44:47,420 INFO Relation normalization request started observation=3182
2026-10-01 17:44:47,422 INFO Relation normalization request started observation=3183
2026-10-01 17:44:47,422 INFO Relation normalization request started observation=3184
2026-10-01 17:44:59,437 INFO Relation normalization request ended observation=3181 seconds=12.019
2026-10-01 17:44:59,438 INFO Relation normalization request started observation=3185
2026-10-01 17:45:01,229 INFO Relation normalization request ended observation=3182 seconds=13.809
2026-10-01 17:45:01,230 INFO Relation normalization request started observation=3186
2026-10-01 17:45:01,331 INFO Relation normalization request ended observation=3179 seconds=13.916
2026-10-01 17:45:01,332 INFO Relation normalization request started observation=3187
2026-10-01 17:45:02,942 INFO Relation normalization request ended observation=3180 seconds=15.527
2026-10-01 17:45:07,423 INFO Relation normalization request ended observation=3183 seconds=20.001
2026-10-01 17:45:11,674 INFO Relation normalization request ended observation=3187 seconds=10.342
2026-10-01 17:45:28,479 INFO Relation normalization request ended observation=3185 seconds=29.041
2026-10-01 17:45:32,997 INFO Relation normalization request ended observation=3184 seconds=45.575
2026-10-01 17:45:37,892 INFO Relation normalization request ended observation=3186 seconds=36.662
2026-10-01 17:51:06,834 INFO Relation normalization batch size=8 workers=6
2026-10-01 17:51:06,839 INFO Relation normalization request started observation=3188
2026-10-01 17:51:06,839 INFO Relation normalization request started observation=3189
2026-10-01 17:51:06,842 INFO Relation normalization request started observation=3190
2026-10-01 17:51:06,844 INFO Relation normalization request started observation=3191
2026-10-01 17:51:06,845 INFO Relation normalization request started observation=3192
2026-10-01 17:51:06,847 INFO Relation normalization request started observation=3193
2026-10-01 17:51:19,376 INFO Relation normalization request ended observation=3189 seconds=12.538
2026-10-01 17:51:19,377 INFO Relation normalization request started observation=3194
2026-10-01 17:51:22,978 INFO Relation normalization request ended observation=3188 seconds=16.139
2026-10-01 17:51:22,978 INFO Relation normalization request started observation=3195
2026-10-01 17:51:27,717 INFO Relation normalization request ended observation=3191 seconds=20.873
2026-10-01 17:51:38,797 INFO Relation normalization request ended observation=3193 seconds=31.950
2026-10-01 17:51:42,700 INFO Relation normalization request ended observation=3190 seconds=35.858
2026-10-01 17:51:48,606 INFO Relation normalization request ended observation=3194 seconds=29.230
2026-10-01 17:52:02,509 INFO Relation normalization request ended observation=3195 seconds=39.531
2026-10-01 17:52:36,819 INFO Relation normalization request ended observation=3192 seconds=89.974
2026-10-01 17:56:12,764 INFO Relation normalization batch size=12 workers=6
2026-10-01 17:56:12,764 INFO Relation normalization request started observation=3196
2026-10-01 17:56:12,766 INFO Relation normalization request started observation=3197
2026-10-01 17:56:12,768 INFO Relation normalization request started observation=3198
2026-10-01 17:56:12,769 INFO Relation normalization request started observation=3199
2026-10-01 17:56:12,771 INFO Relation normalization request started observation=3200
2026-10-01 17:56:12,772 INFO Relation normalization request started observation=3201
2026-10-01 17:56:24,023 INFO Relation normalization request ended observation=3197 seconds=11.256
2026-10-01 17:56:24,023 INFO Relation normalization request started observation=3202
2026-10-01 17:56:25,928 INFO Relation normalization request ended observation=3200 seconds=13.158
2026-10-01 17:56:25,929 INFO Relation normalization request started observation=3203
2026-10-01 17:56:26,714 INFO Relation normalization request ended observation=3199 seconds=13.945
2026-10-01 17:56:26,714 INFO Relation normalization request started observation=3204
2026-10-01 17:56:28,269 INFO Relation normalization request ended observation=3198 seconds=15.501
2026-10-01 17:56:28,269 INFO Relation normalization request started observation=3205
2026-10-01 17:56:29,145 INFO Relation normalization request ended observation=3196 seconds=16.381
2026-10-01 17:56:29,145 INFO Relation normalization request started observation=3206
2026-10-01 17:56:43,017 INFO Relation normalization request ended observation=3204 seconds=16.303
2026-10-01 17:56:43,018 INFO Relation normalization request started observation=3207
2026-10-01 17:56:47,822 INFO Relation normalization request ended observation=3203 seconds=21.893
2026-10-01 17:56:50,653 INFO Relation normalization request ended observation=3207 seconds=7.635
2026-10-01 17:56:55,097 INFO Relation normalization request ended observation=3206 seconds=25.952
2026-10-01 17:57:23,014 INFO Relation normalization request ended observation=3205 seconds=54.744
2026-10-01 17:57:34,166 INFO Relation normalization request ended observation=3201 seconds=81.394
2026-10-01 17:57:44,482 INFO Relation normalization request ended observation=3202 seconds=80.459
2026-10-01 18:04:10,701 INFO Relation normalization batch size=19 workers=6
2026-10-01 18:04:10,701 INFO Relation normalization request started observation=3208
2026-10-01 18:04:10,702 INFO Relation normalization request started observation=3209
2026-10-01 18:04:10,704 INFO Relation normalization request started observation=3210
2026-10-01 18:04:10,705 INFO Relation normalization request started observation=3211
2026-10-01 18:04:10,706 INFO Relation normalization request started observation=3212
2026-10-01 18:04:10,709 INFO Relation normalization request started observation=3213
2026-10-01 18:04:19,081 INFO Relation normalization request ended observation=3208 seconds=8.379
2026-10-01 18:04:19,081 INFO Relation normalization request started observation=3214
2026-10-01 18:04:19,323 INFO Relation normalization request ended observation=3212 seconds=8.617
2026-10-01 18:04:19,323 INFO Relation normalization request started observation=3215
2026-10-01 18:04:22,036 INFO Relation normalization request ended observation=3210 seconds=11.332
2026-10-01 18:04:22,036 INFO Relation normalization request started observation=3216
2026-10-01 18:04:23,290 INFO Relation normalization request ended observation=3209 seconds=12.588
2026-10-01 18:04:23,290 INFO Relation normalization request started observation=3217
2026-10-01 18:04:24,156 INFO Relation normalization request ended observation=3211 seconds=13.452
2026-10-01 18:04:24,156 INFO Relation normalization request started observation=3218
2026-10-01 18:04:32,054 INFO Relation normalization request ended observation=3214 seconds=12.973
2026-10-01 18:04:32,054 INFO Relation normalization request started observation=3219
2026-10-01 18:04:37,946 INFO Relation normalization request ended observation=3215 seconds=18.623
2026-10-01 18:04:37,946 INFO Relation normalization request started observation=3220
2026-10-01 18:04:40,954 INFO Relation normalization request ended observation=3217 seconds=17.664
2026-10-01 18:04:40,954 INFO Relation normalization request started observation=3221
2026-10-01 18:04:41,657 INFO Relation normalization request ended observation=3218 seconds=17.501
2026-10-01 18:04:41,657 INFO Relation normalization request started observation=3222
2026-10-01 18:04:42,011 INFO Relation normalization request ended observation=3213 seconds=31.301
2026-10-01 18:04:42,011 INFO Relation normalization request started observation=3223
2026-10-01 18:04:53,086 INFO Relation normalization request ended observation=3216 seconds=31.050
2026-10-01 18:04:53,086 INFO Relation normalization request started observation=3224
2026-10-01 18:05:03,983 INFO Relation normalization request ended observation=3223 seconds=21.973
2026-10-01 18:05:03,983 INFO Relation normalization request started observation=3225
2026-10-01 18:05:05,958 INFO Relation normalization request ended observation=3222 seconds=24.300
2026-10-01 18:05:05,958 INFO Relation normalization request started observation=3226
2026-10-01 18:05:09,494 INFO Relation normalization request ended observation=3219 seconds=37.440
2026-10-01 18:05:11,995 INFO Relation normalization request ended observation=3221 seconds=31.041
2026-10-01 18:05:15,761 INFO Relation normalization request ended observation=3226 seconds=9.803
2026-10-01 18:05:19,736 INFO Relation normalization request ended observation=3224 seconds=26.649
2026-10-01 18:05:29,128 INFO Relation normalization request ended observation=3225 seconds=25.144
2026-10-01 18:06:13,283 INFO Relation normalization request ended observation=3220 seconds=95.336
2026-10-01 18:16:16,527 INFO Relation normalization batch size=23 workers=6
2026-10-01 18:16:16,527 INFO Relation normalization request started observation=3227
2026-10-01 18:16:16,529 INFO Relation normalization request started observation=3228
2026-10-01 18:16:16,531 INFO Relation normalization request started observation=3229
2026-10-01 18:16:16,533 INFO Relation normalization request started observation=3230
2026-10-01 18:16:16,535 INFO Relation normalization request started observation=3231
2026-10-01 18:16:16,537 INFO Relation normalization request started observation=3232
2026-10-01 18:16:28,000 INFO Relation normalization request ended observation=3229 seconds=11.468
2026-10-01 18:16:28,000 INFO Relation normalization request started observation=3233
2026-10-01 18:16:28,435 INFO Relation normalization request ended observation=3230 seconds=11.902
2026-10-01 18:16:28,435 INFO Relation normalization request started observation=3234
2026-10-01 18:16:46,237 INFO Relation normalization request ended observation=3233 seconds=18.237
2026-10-01 18:16:46,237 INFO Relation normalization request started observation=3235
2026-10-01 18:16:46,495 INFO Relation normalization request ended observation=3234 seconds=18.060
2026-10-01 18:16:46,495 INFO Relation normalization request started observation=3236
2026-10-01 18:17:08,277 INFO Relation normalization request ended observation=3231 seconds=51.742
2026-10-01 18:17:08,277 INFO Relation normalization request started observation=3237
2026-10-01 18:17:12,501 INFO Relation normalization request ended observation=3227 seconds=55.974
2026-10-01 18:17:12,501 INFO Relation normalization request started observation=3238
2026-10-01 18:17:13,089 INFO Relation normalization request ended observation=3238 seconds=0.588
2026-10-01 18:17:13,089 INFO Relation normalization request started observation=3239
2026-10-01 18:17:13,604 INFO Relation normalization request ended observation=3239 seconds=0.515
2026-10-01 18:17:13,604 INFO Relation normalization request started observation=3240
2026-10-01 18:17:13,883 INFO Relation normalization request ended observation=3235 seconds=27.646
2026-10-01 18:17:13,883 INFO Relation normalization request started observation=3241
2026-10-01 18:17:14,128 INFO Relation normalization request ended observation=3240 seconds=0.523
2026-10-01 18:17:14,128 INFO Relation normalization request started observation=3242
2026-10-01 18:17:14,375 INFO Relation normalization request ended observation=3241 seconds=0.492
2026-10-01 18:17:14,375 INFO Relation normalization request started observation=3243
2026-10-01 18:17:14,570 INFO Relation normalization request ended observation=3242 seconds=0.442
2026-10-01 18:17:14,570 INFO Relation normalization request started observation=3244
2026-10-01 18:17:14,797 INFO Relation normalization request ended observation=3243 seconds=0.422
2026-10-01 18:17:14,798 INFO Relation normalization request started observation=3245
2026-10-01 18:17:15,053 INFO Relation normalization request ended observation=3244 seconds=0.483
2026-10-01 18:17:15,054 INFO Relation normalization request started observation=3246
2026-10-01 18:17:15,277 INFO Relation normalization request ended observation=3245 seconds=0.479
2026-10-01 18:17:15,277 INFO Relation normalization request started observation=3247
2026-10-01 18:17:15,607 INFO Relation normalization request ended observation=3246 seconds=0.554
2026-10-01 18:17:15,608 INFO Relation normalization request started observation=3248
2026-10-01 18:17:15,688 INFO Relation normalization request ended observation=3247 seconds=0.411
2026-10-01 18:17:15,688 INFO Relation normalization request started observation=3249
2026-10-01 18:17:15,776 INFO Relation normalization request ended observation=3236 seconds=29.281
2026-10-01 18:17:16,075 INFO Relation normalization request ended observation=3248 seconds=0.468
2026-10-01 18:17:16,118 INFO Relation normalization request ended observation=3249 seconds=0.430
2026-10-01 18:17:17,051 INFO Relation normalization request ended observation=3237 seconds=8.775
2026-10-01 18:17:24,654 INFO Relation normalization request ended observation=3228 seconds=68.125
2026-10-01 18:17:31,448 INFO Relation normalization request ended observation=3232 seconds=74.912
2026-10-01 18:17:31,460 WARNING 额度耗尽，暂停 600 秒后继续
2026-10-01 18:27:32,277 WARNING 额度耗尽，暂停 600 秒后继续
2026-10-01 18:37:33,438 WARNING 额度耗尽，暂停 600 秒后继续
2026-10-01 18:47:34,662 WARNING 额度耗尽，暂停 600 秒后继续
2026-10-01 18:57:35,843 WARNING 额度耗尽，暂停 600 秒后继续
2026-10-01 19:07:36,729 WARNING 额度耗尽，暂停 600 秒后继续
2026-10-01 19:17:37,578 WARNING 额度耗尽，暂停 600 秒后继续
2026-10-01 19:27:37,590 WARNING 额度耗尽，暂停 600 秒后继续
2026-10-01 19:37:37,606 WARNING 额度耗尽，暂停 600 秒后继续
2026-10-01 19:47:37,613 WARNING 额度耗尽，暂停 600 秒后继续
2026-10-01 19:57:37,628 WARNING 额度耗尽，暂停 600 秒后继续
2026-10-01 20:07:37,636 WARNING 额度耗尽，暂停 600 秒后继续
2026-10-01 20:17:37,665 WARNING 额度耗尽，暂停 600 秒后继续
2026-10-01 20:27:37,690 WARNING 额度耗尽，暂停 600 秒后继续
2026-10-01 20:37:37,703 WARNING 额度耗尽，暂停 600 秒后继续
2026-10-01 20:47:37,711 WARNING 额度耗尽，暂停 600 秒后继续
2026-10-01 20:57:37,719 WARNING 额度耗尽，暂停 600 秒后继续
2026-10-01 21:14:44,676 INFO Relation normalization batch size=11 workers=6
2026-10-01 21:14:44,676 INFO Relation normalization request started observation=3362
2026-10-01 21:14:44,678 INFO Relation normalization request started observation=3363
2026-10-01 21:14:44,679 INFO Relation normalization request started observation=3364
2026-10-01 21:14:44,681 INFO Relation normalization request started observation=3365
2026-10-01 21:14:44,683 INFO Relation normalization request started observation=3366
2026-10-01 21:14:44,685 INFO Relation normalization request started observation=3367
2026-10-01 21:14:55,507 INFO Relation normalization request ended observation=3365 seconds=10.826
2026-10-01 21:14:55,507 INFO Relation normalization request started observation=3368
2026-10-01 21:14:57,279 INFO Relation normalization request ended observation=3364 seconds=12.599
2026-10-01 21:14:57,279 INFO Relation normalization request started observation=3369
2026-10-01 21:14:57,775 INFO Relation normalization request ended observation=3367 seconds=13.091
2026-10-01 21:14:57,775 INFO Relation normalization request started observation=3370
2026-10-01 21:15:00,412 INFO Relation normalization request ended observation=3362 seconds=15.736
2026-10-01 21:15:00,412 INFO Relation normalization request started observation=3371
2026-10-01 21:15:03,421 INFO Relation normalization request ended observation=3363 seconds=18.743
2026-10-01 21:15:03,421 INFO Relation normalization request started observation=3372
2026-10-01 21:15:08,705 INFO Relation normalization request ended observation=3368 seconds=13.198
2026-10-01 21:15:15,164 INFO Relation normalization request ended observation=3372 seconds=11.743
2026-10-01 21:15:19,986 INFO Relation normalization request ended observation=3370 seconds=22.211
2026-10-01 21:15:23,308 INFO Relation normalization request ended observation=3371 seconds=22.896
2026-10-01 21:15:28,728 INFO Relation normalization request ended observation=3369 seconds=31.449
2026-10-01 21:16:45,425 INFO Relation normalization request ended observation=3366 seconds=120.742
2026-10-01 21:22:24,464 INFO Relation normalization batch size=11 workers=6
2026-10-01 21:22:24,465 INFO Relation normalization request started observation=3373
2026-10-01 21:22:24,465 INFO Relation normalization request started observation=3374
2026-10-01 21:22:24,468 INFO Relation normalization request started observation=3375
2026-10-01 21:22:24,469 INFO Relation normalization request started observation=3376
2026-10-01 21:22:24,469 INFO Relation normalization request started observation=3377
2026-10-01 21:22:24,471 INFO Relation normalization request started observation=3378
2026-10-01 21:22:35,347 INFO Relation normalization request ended observation=3373 seconds=10.883
2026-10-01 21:22:35,348 INFO Relation normalization request started observation=3379
2026-10-01 21:22:35,785 INFO Relation normalization request ended observation=3374 seconds=11.320
2026-10-01 21:22:35,785 INFO Relation normalization request started observation=3380
2026-10-01 21:22:37,676 INFO Relation normalization request ended observation=3378 seconds=13.206
2026-10-01 21:22:37,677 INFO Relation normalization request started observation=3381
2026-10-01 21:22:42,309 INFO Relation normalization request ended observation=3376 seconds=17.840
2026-10-01 21:22:42,310 INFO Relation normalization request started observation=3382
2026-10-01 21:22:47,696 INFO Relation normalization request ended observation=3381 seconds=10.019
2026-10-01 21:22:47,696 INFO Relation normalization request started observation=3383
2026-10-01 21:22:56,257 INFO Relation normalization request ended observation=3382 seconds=13.947
2026-10-01 21:22:56,523 INFO Relation normalization request ended observation=3383 seconds=8.827
2026-10-01 21:23:13,560 INFO Relation normalization request ended observation=3380 seconds=37.775
2026-10-01 21:23:19,910 INFO Relation normalization request ended observation=3375 seconds=55.443
2026-10-01 21:23:23,231 INFO Relation normalization request ended observation=3377 seconds=58.761
2026-10-01 21:23:25,029 INFO Relation normalization request ended observation=3379 seconds=49.681
2026-10-01 21:33:34,757 INFO Relation normalization batch size=23 workers=6
2026-10-01 21:33:34,761 INFO Relation normalization request started observation=3384
2026-10-01 21:33:34,761 INFO Relation normalization request started observation=3385
2026-10-01 21:33:34,763 INFO Relation normalization request started observation=3386
2026-10-01 21:33:34,765 INFO Relation normalization request started observation=3387
2026-10-01 21:33:34,765 INFO Relation normalization request started observation=3388
2026-10-01 21:33:34,766 INFO Relation normalization request started observation=3389
2026-10-01 21:33:52,870 INFO Relation normalization request ended observation=3387 seconds=18.106
2026-10-01 21:33:52,871 INFO Relation normalization request started observation=3390
2026-10-01 21:33:54,707 INFO Relation normalization request ended observation=3385 seconds=19.945
2026-10-01 21:33:54,707 INFO Relation normalization request started observation=3391
2026-10-01 21:34:01,154 INFO Relation normalization request ended observation=3384 seconds=26.393
2026-10-01 21:34:01,154 INFO Relation normalization request started observation=3392
2026-10-01 21:34:06,787 INFO Relation normalization request ended observation=3390 seconds=13.917
2026-10-01 21:34:06,788 INFO Relation normalization request started observation=3393
2026-10-01 21:34:10,359 INFO Relation normalization request ended observation=3386 seconds=35.595
2026-10-01 21:34:10,359 INFO Relation normalization request started observation=3394
2026-10-01 21:34:12,173 INFO Relation normalization request ended observation=3391 seconds=17.466
2026-10-01 21:34:12,173 INFO Relation normalization request started observation=3395
2026-10-01 21:34:17,568 INFO Relation normalization request ended observation=3392 seconds=16.413
2026-10-01 21:34:17,568 INFO Relation normalization request started observation=3396
2026-10-01 21:34:21,059 INFO Relation normalization request ended observation=3388 seconds=46.294
2026-10-01 21:34:21,059 INFO Relation normalization request started observation=3397
2026-10-01 21:34:22,490 INFO Relation normalization request ended observation=3393 seconds=15.702
2026-10-01 21:34:22,490 INFO Relation normalization request started observation=3398
2026-10-01 21:34:34,118 INFO Relation normalization request ended observation=3396 seconds=16.550
2026-10-01 21:34:34,122 INFO Relation normalization request started observation=3399
2026-10-01 21:34:34,319 INFO Relation normalization request ended observation=3397 seconds=13.260
2026-10-01 21:34:34,319 INFO Relation normalization request started observation=3400
2026-10-01 21:34:43,478 INFO Relation normalization request ended observation=3394 seconds=33.119
2026-10-01 21:34:43,478 INFO Relation normalization request started observation=3401
2026-10-01 21:34:47,394 INFO Relation normalization request ended observation=3389 seconds=72.628
2026-10-01 21:34:47,394 INFO Relation normalization request started observation=3402
2026-10-01 21:35:03,556 INFO Relation normalization request ended observation=3395 seconds=51.383
2026-10-01 21:35:03,556 INFO Relation normalization request started observation=3403
2026-10-01 21:35:03,994 INFO Relation normalization request ended observation=3399 seconds=29.872
2026-10-01 21:35:03,994 INFO Relation normalization request started observation=3404
2026-10-01 21:35:07,100 INFO Relation normalization request ended observation=3402 seconds=19.705
2026-10-01 21:35:07,100 INFO Relation normalization request started observation=3405
2026-10-01 21:35:19,118 INFO Relation normalization request ended observation=3401 seconds=35.640
2026-10-01 21:35:19,118 INFO Relation normalization request started observation=3406
2026-10-01 21:35:26,684 INFO Relation normalization request ended observation=3400 seconds=52.364
2026-10-01 21:35:30,758 INFO Relation normalization request ended observation=3398 seconds=68.269
2026-10-01 21:35:33,643 INFO Relation normalization request ended observation=3403 seconds=30.086
2026-10-01 21:35:34,761 INFO Relation normalization request ended observation=3406 seconds=15.643
2026-10-01 21:35:49,959 INFO Relation normalization request ended observation=3404 seconds=45.965
2026-10-01 21:36:38,439 INFO Relation normalization request ended observation=3405 seconds=91.339
2026-10-01 21:40:46,605 INFO Relation normalization batch size=6 workers=6
2026-10-01 21:40:46,606 INFO Relation normalization request started observation=3407
2026-10-01 21:40:46,607 INFO Relation normalization request started observation=3408
2026-10-01 21:40:46,609 INFO Relation normalization request started observation=3409
2026-10-01 21:40:46,611 INFO Relation normalization request started observation=3410
2026-10-01 21:40:46,612 INFO Relation normalization request started observation=3411
2026-10-01 21:40:46,614 INFO Relation normalization request started observation=3412
2026-10-01 21:40:56,164 INFO Relation normalization request ended observation=3409 seconds=9.555
2026-10-01 21:41:00,382 INFO Relation normalization request ended observation=3410 seconds=13.771
2026-10-01 21:41:06,122 INFO Relation normalization request ended observation=3411 seconds=19.509
2026-10-01 21:41:13,937 INFO Relation normalization request ended observation=3412 seconds=27.323
2026-10-01 21:41:15,772 INFO Relation normalization request ended observation=3408 seconds=29.165
2026-10-01 21:41:51,198 INFO Relation normalization request ended observation=3407 seconds=64.592
2026-10-01 21:50:31,798 INFO Relation normalization batch size=15 workers=6
2026-10-01 21:50:31,810 INFO Relation normalization request started observation=3413
2026-10-01 21:50:31,811 INFO Relation normalization request started observation=3414
2026-10-01 21:50:31,813 INFO Relation normalization request started observation=3415
2026-10-01 21:50:31,815 INFO Relation normalization request started observation=3416
2026-10-01 21:50:31,816 INFO Relation normalization request started observation=3417
2026-10-01 21:50:31,817 INFO Relation normalization request started observation=3418
2026-10-01 21:50:39,825 INFO Relation normalization request ended observation=3418 seconds=8.008
2026-10-01 21:50:39,825 INFO Relation normalization request started observation=3419
2026-10-01 21:50:43,035 INFO Relation normalization request ended observation=3413 seconds=11.225
2026-10-01 21:50:43,035 INFO Relation normalization request started observation=3420
2026-10-01 21:50:53,101 INFO Relation normalization request ended observation=3414 seconds=21.290
2026-10-01 21:50:53,101 INFO Relation normalization request started observation=3421
2026-10-01 21:50:54,546 INFO Relation normalization request ended observation=3417 seconds=22.730
2026-10-01 21:50:54,546 INFO Relation normalization request started observation=3422
2026-10-01 21:50:59,254 INFO Relation normalization request ended observation=3419 seconds=19.429
2026-10-01 21:50:59,255 INFO Relation normalization request started observation=3423
2026-10-01 21:51:11,165 INFO Relation normalization request ended observation=3420 seconds=28.130
2026-10-01 21:51:11,165 INFO Relation normalization request started observation=3424
2026-10-01 21:51:15,569 INFO Relation normalization request ended observation=3416 seconds=43.754
2026-10-01 21:51:15,569 INFO Relation normalization request started observation=3425
2026-10-01 21:51:17,265 INFO Relation normalization request ended observation=3421 seconds=24.164
2026-10-01 21:51:17,265 INFO Relation normalization request started observation=3426
2026-10-01 21:51:28,799 INFO Relation normalization request ended observation=3426 seconds=11.534
2026-10-01 21:51:28,799 INFO Relation normalization request started observation=3427
2026-10-01 21:51:29,824 INFO Relation normalization request ended observation=3425 seconds=14.255
2026-10-01 21:51:30,276 INFO Relation normalization request ended observation=3415 seconds=58.463
2026-10-01 21:51:37,496 INFO Relation normalization request ended observation=3424 seconds=26.331
2026-10-01 21:51:45,537 INFO Relation normalization request ended observation=3423 seconds=46.282
2026-10-01 21:51:55,550 INFO Relation normalization request ended observation=3422 seconds=61.004
2026-10-01 21:52:32,633 INFO Relation normalization request ended observation=3427 seconds=63.834
2026-10-01 21:57:27,174 INFO Relation normalization batch size=10 workers=6
2026-10-01 21:57:27,175 INFO Relation normalization request started observation=3428
2026-10-01 21:57:27,175 INFO Relation normalization request started observation=3429
2026-10-01 21:57:27,176 INFO Relation normalization request started observation=3430
2026-10-01 21:57:27,178 INFO Relation normalization request started observation=3431
2026-10-01 21:57:27,181 INFO Relation normalization request started observation=3432
2026-10-01 21:57:27,183 INFO Relation normalization request started observation=3433
2026-10-01 21:57:52,265 INFO Relation normalization request ended observation=3429 seconds=25.090
2026-10-01 21:57:52,265 INFO Relation normalization request started observation=3434
2026-10-01 21:57:58,353 INFO Relation normalization request ended observation=3432 seconds=31.172
2026-10-01 21:57:58,353 INFO Relation normalization request started observation=3435
2026-10-01 21:57:59,394 INFO Relation normalization request ended observation=3430 seconds=32.217
2026-10-01 21:57:59,394 INFO Relation normalization request started observation=3436
2026-10-01 21:58:07,690 INFO Relation normalization request ended observation=3434 seconds=15.425
2026-10-01 21:58:07,690 INFO Relation normalization request started observation=3437
2026-10-01 21:58:26,002 INFO Relation normalization request ended observation=3431 seconds=58.824
2026-10-01 21:58:39,545 INFO Relation normalization request ended observation=3428 seconds=72.370
2026-10-01 21:58:40,729 INFO Relation normalization request ended observation=3435 seconds=42.376
2026-10-01 21:58:47,912 INFO Relation normalization request ended observation=3437 seconds=40.222
2026-10-01 21:58:49,287 INFO Relation normalization request ended observation=3433 seconds=82.104
2026-10-01 21:58:57,595 INFO Relation normalization request ended observation=3436 seconds=58.201
2026-10-01 22:06:29,440 INFO Relation normalization batch size=22 workers=6
2026-10-01 22:06:29,440 INFO Relation normalization request started observation=3438
2026-10-01 22:06:29,442 INFO Relation normalization request started observation=3439
2026-10-01 22:06:29,443 INFO Relation normalization request started observation=3440
2026-10-01 22:06:29,445 INFO Relation normalization request started observation=3441
2026-10-01 22:06:29,447 INFO Relation normalization request started observation=3442
2026-10-01 22:06:29,448 INFO Relation normalization request started observation=3443
2026-10-01 22:06:41,121 INFO Relation normalization request ended observation=3442 seconds=11.675
2026-10-01 22:06:41,121 INFO Relation normalization request started observation=3444
2026-10-01 22:06:49,812 INFO Relation normalization request ended observation=3440 seconds=20.369
2026-10-01 22:06:49,812 INFO Relation normalization request started observation=3445
2026-10-01 22:07:03,184 INFO Relation normalization request ended observation=3441 seconds=33.739
2026-10-01 22:07:03,184 INFO Relation normalization request started observation=3446
2026-10-01 22:07:06,976 INFO Relation normalization request ended observation=3443 seconds=37.528
2026-10-01 22:07:06,977 INFO Relation normalization request started observation=3447
2026-10-01 22:07:08,758 INFO Relation normalization request ended observation=3438 seconds=39.318
2026-10-01 22:07:08,758 INFO Relation normalization request started observation=3448
2026-10-01 22:07:25,394 INFO Relation normalization request ended observation=3444 seconds=44.273
2026-10-01 22:07:25,394 INFO Relation normalization request started observation=3449
2026-10-01 22:07:34,758 INFO Relation normalization request ended observation=3447 seconds=27.782
2026-10-01 22:07:34,759 INFO Relation normalization request started observation=3450
2026-10-01 22:07:41,625 INFO Relation normalization request ended observation=3448 seconds=32.868
2026-10-01 22:07:41,626 INFO Relation normalization request started observation=3451
2026-10-01 22:07:45,853 INFO Relation normalization request ended observation=3449 seconds=20.458
2026-10-01 22:07:45,853 INFO Relation normalization request started observation=3452
2026-10-01 22:07:46,736 INFO Relation normalization request ended observation=3445 seconds=56.923
2026-10-01 22:07:46,736 INFO Relation normalization request started observation=3453
2026-10-01 22:07:56,690 INFO Relation normalization request ended observation=3439 seconds=87.248
2026-10-01 22:07:56,690 INFO Relation normalization request started observation=3454
2026-10-01 22:07:58,965 INFO Relation normalization request ended observation=3453 seconds=12.229
2026-10-01 22:07:58,965 INFO Relation normalization request started observation=3455
2026-10-01 22:07:59,513 INFO Relation normalization request ended observation=3446 seconds=56.329
2026-10-01 22:07:59,513 INFO Relation normalization request started observation=3456
2026-10-01 22:08:00,091 INFO Relation normalization request ended observation=3452 seconds=14.238
2026-10-01 22:08:00,091 INFO Relation normalization request started observation=3457
2026-10-01 22:08:04,198 INFO Relation normalization request ended observation=3450 seconds=29.440
2026-10-01 22:08:04,199 INFO Relation normalization request started observation=3458
2026-10-01 22:08:11,329 INFO Relation normalization request ended observation=3455 seconds=12.363
2026-10-01 22:08:11,329 INFO Relation normalization request started observation=3459
2026-10-01 22:08:11,407 INFO Relation normalization request ended observation=3457 seconds=11.315
2026-10-01 22:08:18,979 INFO Relation normalization request ended observation=3456 seconds=19.466
2026-10-01 22:08:20,052 INFO Relation normalization request ended observation=3458 seconds=15.853
2026-10-01 22:08:36,817 INFO Relation normalization request ended observation=3459 seconds=25.488
2026-10-01 22:08:47,067 INFO Relation normalization request ended observation=3454 seconds=50.376
2026-10-01 22:08:52,855 INFO Relation normalization request ended observation=3451 seconds=71.230
2026-10-01 22:14:40,679 INFO Relation normalization batch size=13 workers=6
2026-10-01 22:14:40,679 INFO Relation normalization request started observation=3460
2026-10-01 22:14:40,683 INFO Relation normalization request started observation=3461
2026-10-01 22:14:40,687 INFO Relation normalization request started observation=3462
2026-10-01 22:14:40,691 INFO Relation normalization request started observation=3463
2026-10-01 22:14:40,693 INFO Relation normalization request started observation=3464
2026-10-01 22:14:40,696 INFO Relation normalization request started observation=3465
2026-10-01 22:14:53,729 INFO Relation normalization request ended observation=3460 seconds=13.050
2026-10-01 22:14:53,729 INFO Relation normalization request started observation=3466
2026-10-01 22:14:55,722 INFO Relation normalization request ended observation=3462 seconds=15.035
2026-10-01 22:14:55,722 INFO Relation normalization request started observation=3467
2026-10-01 22:15:07,760 INFO Relation normalization request ended observation=3463 seconds=27.070
2026-10-01 22:15:07,765 INFO Relation normalization request started observation=3468
2026-10-01 22:15:10,689 INFO Relation normalization request ended observation=3466 seconds=16.960
2026-10-01 22:15:10,690 INFO Relation normalization request started observation=3469
2026-10-01 22:15:10,747 INFO Relation normalization request ended observation=3461 seconds=30.064
2026-10-01 22:15:10,747 INFO Relation normalization request started observation=3470
2026-10-01 22:15:19,238 INFO Relation normalization request ended observation=3464 seconds=38.545
2026-10-01 22:15:19,238 INFO Relation normalization request started observation=3471
2026-10-01 22:15:25,181 INFO Relation normalization request ended observation=3470 seconds=14.433
2026-10-01 22:15:25,181 INFO Relation normalization request started observation=3472
2026-10-01 22:15:35,900 INFO Relation normalization request ended observation=3465 seconds=55.204
2026-10-01 22:15:44,118 INFO Relation normalization request ended observation=3467 seconds=48.396
2026-10-01 22:15:45,231 INFO Relation normalization request ended observation=3469 seconds=34.541
2026-10-01 22:16:05,794 INFO Relation normalization request ended observation=3471 seconds=46.556
2026-10-01 22:16:06,277 INFO Relation normalization request ended observation=3472 seconds=41.096
2026-10-01 22:16:25,732 INFO Relation normalization request ended observation=3468 seconds=77.967
2026-10-01 22:20:20,733 INFO Relation normalization batch size=13 workers=6
2026-10-01 22:20:20,733 INFO Relation normalization request started observation=3473
2026-10-01 22:20:20,733 INFO Relation normalization request started observation=3474
2026-10-01 22:20:20,735 INFO Relation normalization request started observation=3475
2026-10-01 22:20:20,737 INFO Relation normalization request started observation=3476
2026-10-01 22:20:20,739 INFO Relation normalization request started observation=3477
2026-10-01 22:20:20,741 INFO Relation normalization request started observation=3478
2026-10-01 22:20:27,197 INFO Relation normalization request ended observation=3473 seconds=6.464
2026-10-01 22:20:27,197 INFO Relation normalization request started observation=3479
2026-10-01 22:20:29,394 INFO Relation normalization request ended observation=3476 seconds=8.657
2026-10-01 22:20:29,394 INFO Relation normalization request started observation=3480
2026-10-01 22:20:31,471 INFO Relation normalization request ended observation=3477 seconds=10.732
2026-10-01 22:20:31,471 INFO Relation normalization request started observation=3481
2026-10-01 22:20:37,439 INFO Relation normalization request ended observation=3478 seconds=16.698
2026-10-01 22:20:37,439 INFO Relation normalization request started observation=3482
2026-10-01 22:20:39,623 INFO Relation normalization request ended observation=3474 seconds=18.890
2026-10-01 22:20:39,623 INFO Relation normalization request started observation=3483
2026-10-01 22:20:46,343 INFO Relation normalization request ended observation=3480 seconds=16.949
2026-10-01 22:20:46,344 INFO Relation normalization request started observation=3484
2026-10-01 22:20:50,354 INFO Relation normalization request ended observation=3475 seconds=29.619
2026-10-01 22:20:50,354 INFO Relation normalization request started observation=3485
2026-10-01 22:20:52,298 INFO Relation normalization request ended observation=3483 seconds=12.675
2026-10-01 22:20:57,865 INFO Relation normalization request ended observation=3479 seconds=30.667
2026-10-01 22:20:58,163 INFO Relation normalization request ended observation=3482 seconds=20.724
2026-10-01 22:21:07,659 INFO Relation normalization request ended observation=3484 seconds=21.315
2026-10-01 22:21:08,343 INFO Relation normalization request ended observation=3481 seconds=36.872
2026-10-01 22:21:16,865 INFO Relation normalization request ended observation=3485 seconds=26.511
2026-10-01 22:28:31,650 INFO Relation normalization batch size=12 workers=6
2026-10-01 22:28:31,650 INFO Relation normalization request started observation=3486
2026-10-01 22:28:31,652 INFO Relation normalization request started observation=3487
2026-10-01 22:28:31,652 INFO Relation normalization request started observation=3488
2026-10-01 22:28:31,656 INFO Relation normalization request started observation=3489
2026-10-01 22:28:31,657 INFO Relation normalization request started observation=3490
2026-10-01 22:28:31,657 INFO Relation normalization request started observation=3491
2026-10-01 22:28:41,040 INFO Relation normalization request ended observation=3488 seconds=9.388
2026-10-01 22:28:41,041 INFO Relation normalization request started observation=3492
2026-10-01 22:28:41,203 INFO Relation normalization request ended observation=3490 seconds=9.546
2026-10-01 22:28:41,203 INFO Relation normalization request started observation=3493
2026-10-01 22:28:45,961 INFO Relation normalization request ended observation=3487 seconds=14.309
2026-10-01 22:28:45,962 INFO Relation normalization request started observation=3494
2026-10-01 22:28:49,136 INFO Relation normalization request ended observation=3493 seconds=7.933
2026-10-01 22:28:49,136 INFO Relation normalization request started observation=3495
2026-10-01 22:28:51,962 INFO Relation normalization request ended observation=3492 seconds=10.921
2026-10-01 22:28:51,962 INFO Relation normalization request started observation=3496
2026-10-01 22:28:55,098 INFO Relation normalization request ended observation=3494 seconds=9.137
2026-10-01 22:28:55,098 INFO Relation normalization request started observation=3497
2026-10-01 22:28:55,550 INFO Relation normalization request ended observation=3486 seconds=23.899
2026-10-01 22:29:19,809 INFO Relation normalization request ended observation=3489 seconds=48.154
2026-10-01 22:29:28,108 INFO Relation normalization request ended observation=3496 seconds=36.146
2026-10-01 22:29:32,413 INFO Relation normalization request ended observation=3497 seconds=37.315
2026-10-01 22:30:17,383 INFO Relation normalization request ended observation=3495 seconds=88.247
2026-10-01 22:30:21,879 INFO Relation normalization request ended observation=3491 seconds=110.222
2026-10-01 22:34:03,970 INFO Relation normalization batch size=10 workers=6
2026-10-01 22:34:03,970 INFO Relation normalization request started observation=3498
2026-10-01 22:34:03,972 INFO Relation normalization request started observation=3499
2026-10-01 22:34:03,974 INFO Relation normalization request started observation=3500
2026-10-01 22:34:03,974 INFO Relation normalization request started observation=3501
2026-10-01 22:34:03,978 INFO Relation normalization request started observation=3502
2026-10-01 22:34:03,980 INFO Relation normalization request started observation=3503
2026-10-01 22:34:14,153 INFO Relation normalization request ended observation=3498 seconds=10.184
2026-10-01 22:34:14,154 INFO Relation normalization request started observation=3504
2026-10-01 22:34:16,331 INFO Relation normalization request ended observation=3500 seconds=12.357
2026-10-01 22:34:16,331 INFO Relation normalization request started observation=3505
2026-10-01 22:34:16,851 INFO Relation normalization request ended observation=3501 seconds=12.876
2026-10-01 22:34:16,851 INFO Relation normalization request started observation=3506
2026-10-01 22:34:23,421 INFO Relation normalization request ended observation=3499 seconds=19.449
2026-10-01 22:34:23,421 INFO Relation normalization request started observation=3507
2026-10-01 22:34:27,674 INFO Relation normalization request ended observation=3503 seconds=23.695
2026-10-01 22:34:36,199 INFO Relation normalization request ended observation=3505 seconds=19.868
2026-10-01 22:34:48,110 INFO Relation normalization request ended observation=3507 seconds=24.689
2026-10-01 22:34:50,333 INFO Relation normalization request ended observation=3502 seconds=46.355
2026-10-01 22:34:59,239 INFO Relation normalization request ended observation=3506 seconds=42.388
2026-10-01 22:35:13,483 INFO Relation normalization request ended observation=3504 seconds=59.329
2026-10-01 22:43:57,384 INFO Relation normalization batch size=26 workers=6
2026-10-01 22:43:57,387 INFO Relation normalization request started observation=3508
2026-10-01 22:43:57,389 INFO Relation normalization request started observation=3509
2026-10-01 22:43:57,390 INFO Relation normalization request started observation=3510
2026-10-01 22:43:57,393 INFO Relation normalization request started observation=3511
2026-10-01 22:43:57,395 INFO Relation normalization request started observation=3512
2026-10-01 22:43:57,396 INFO Relation normalization request started observation=3513
2026-10-01 22:44:10,094 INFO Relation normalization request ended observation=3508 seconds=12.707
2026-10-01 22:44:10,095 INFO Relation normalization request started observation=3514
2026-10-01 22:44:19,427 INFO Relation normalization request ended observation=3512 seconds=22.032
2026-10-01 22:44:19,427 INFO Relation normalization request started observation=3515
2026-10-01 22:44:21,247 INFO Relation normalization request ended observation=3509 seconds=23.858
2026-10-01 22:44:21,247 INFO Relation normalization request started observation=3516
2026-10-01 22:44:22,217 INFO Relation normalization request ended observation=3513 seconds=24.821
2026-10-01 22:44:22,217 INFO Relation normalization request started observation=3517
2026-10-01 22:44:24,480 INFO Relation normalization request ended observation=3511 seconds=27.087
2026-10-01 22:44:24,480 INFO Relation normalization request started observation=3518
2026-10-01 22:44:26,051 INFO Relation normalization request ended observation=3510 seconds=28.661
2026-10-01 22:44:26,051 INFO Relation normalization request started observation=3519
2026-10-01 22:44:27,164 INFO Relation normalization request ended observation=3515 seconds=7.738
2026-10-01 22:44:27,165 INFO Relation normalization request started observation=3520
2026-10-01 22:44:28,869 INFO Relation normalization request ended observation=3516 seconds=7.622
2026-10-01 22:44:28,869 INFO Relation normalization request started observation=3521
2026-10-01 22:44:33,095 INFO Relation normalization request ended observation=3517 seconds=10.878
2026-10-01 22:44:33,095 INFO Relation normalization request started observation=3522
2026-10-01 22:44:35,313 INFO Relation normalization request ended observation=3519 seconds=9.261
2026-10-01 22:44:35,313 INFO Relation normalization request started observation=3523
2026-10-01 22:44:42,471 INFO Relation normalization request ended observation=3514 seconds=32.376
2026-10-01 22:44:42,471 INFO Relation normalization request started observation=3524
2026-10-01 22:44:42,507 INFO Relation normalization request ended observation=3518 seconds=18.027
2026-10-01 22:44:42,507 INFO Relation normalization request started observation=3525
2026-10-01 22:44:42,967 INFO Relation normalization request ended observation=3521 seconds=14.098
2026-10-01 22:44:42,967 INFO Relation normalization request started observation=3526
2026-10-01 22:44:43,999 INFO Relation normalization request ended observation=3520 seconds=16.835
2026-10-01 22:44:43,999 INFO Relation normalization request started observation=3527
2026-10-01 22:44:50,589 INFO Relation normalization request ended observation=3523 seconds=15.277
2026-10-01 22:44:50,589 INFO Relation normalization request started observation=3528
2026-10-01 22:44:53,396 INFO Relation normalization request ended observation=3525 seconds=10.889
2026-10-01 22:44:53,397 INFO Relation normalization request started observation=3529
2026-10-01 22:44:58,001 INFO Relation normalization request ended observation=3526 seconds=15.034
2026-10-01 22:44:58,001 INFO Relation normalization request started observation=3530
2026-10-01 22:44:58,559 INFO Relation normalization request ended observation=3522 seconds=25.463
2026-10-01 22:44:58,559 INFO Relation normalization request started observation=3531
2026-10-01 22:45:08,480 INFO Relation normalization request ended observation=3527 seconds=24.480
2026-10-01 22:45:08,480 INFO Relation normalization request started observation=3532
2026-10-01 22:45:12,211 INFO Relation normalization request ended observation=3528 seconds=21.622
2026-10-01 22:45:12,211 INFO Relation normalization request started observation=3533
2026-10-01 22:45:23,258 INFO Relation normalization request ended observation=3532 seconds=14.778
2026-10-01 22:45:38,362 INFO Relation normalization request ended observation=3530 seconds=40.361
2026-10-01 22:45:40,222 INFO Relation normalization request ended observation=3524 seconds=57.751
2026-10-01 22:46:00,795 INFO Relation normalization request ended observation=3529 seconds=67.399
2026-10-01 22:46:27,428 INFO Relation normalization request ended observation=3531 seconds=88.869
2026-10-01 22:46:36,111 INFO Relation normalization request ended observation=3533 seconds=83.900
2026-10-01 22:53:52,832 INFO Relation normalization batch size=23 workers=6
2026-10-01 22:53:52,839 INFO Relation normalization request started observation=3534
2026-10-01 22:53:52,843 INFO Relation normalization request started observation=3535
2026-10-01 22:53:52,843 INFO Relation normalization request started observation=3536
2026-10-01 22:53:52,847 INFO Relation normalization request started observation=3537
2026-10-01 22:53:52,851 INFO Relation normalization request started observation=3538
2026-10-01 22:53:52,859 INFO Relation normalization request started observation=3539
2026-10-01 22:54:03,219 INFO Relation normalization request ended observation=3539 seconds=10.360
2026-10-01 22:54:03,219 INFO Relation normalization request started observation=3540
2026-10-01 22:54:04,028 INFO Relation normalization request ended observation=3537 seconds=11.181
2026-10-01 22:54:04,028 INFO Relation normalization request started observation=3541
2026-10-01 22:54:04,581 INFO Relation normalization request ended observation=3534 seconds=11.742
2026-10-01 22:54:04,581 INFO Relation normalization request started observation=3542
2026-10-01 22:54:05,702 INFO Relation normalization request ended observation=3535 seconds=12.859
2026-10-01 22:54:05,703 INFO Relation normalization request started observation=3543
2026-10-01 22:54:07,645 INFO Relation normalization request ended observation=3536 seconds=14.801
2026-10-01 22:54:07,645 INFO Relation normalization request started observation=3544
2026-10-01 22:54:09,511 INFO Relation normalization request ended observation=3538 seconds=16.660
2026-10-01 22:54:09,511 INFO Relation normalization request started observation=3545
2026-10-01 22:54:11,425 INFO Relation normalization request ended observation=3540 seconds=8.206
2026-10-01 22:54:11,425 INFO Relation normalization request started observation=3546
2026-10-01 22:54:12,838 INFO Relation normalization request ended observation=3542 seconds=8.257
2026-10-01 22:54:12,839 INFO Relation normalization request started observation=3547
2026-10-01 22:54:13,647 INFO Relation normalization request ended observation=3541 seconds=9.619
2026-10-01 22:54:13,647 INFO Relation normalization request started observation=3548
2026-10-01 22:54:15,727 INFO Relation normalization request ended observation=3543 seconds=10.024
2026-10-01 22:54:15,727 INFO Relation normalization request started observation=3549
2026-10-01 22:54:21,515 INFO Relation normalization request ended observation=3547 seconds=8.677
2026-10-01 22:54:21,515 INFO Relation normalization request started observation=3550
2026-10-01 22:54:22,506 INFO Relation normalization request ended observation=3545 seconds=12.994
2026-10-01 22:54:22,506 INFO Relation normalization request started observation=3551
2026-10-01 22:54:30,864 INFO Relation normalization request ended observation=3546 seconds=19.439
2026-10-01 22:54:30,865 INFO Relation normalization request started observation=3552
2026-10-01 22:54:31,499 INFO Relation normalization request ended observation=3544 seconds=23.853
2026-10-01 22:54:31,499 INFO Relation normalization request started observation=3553
2026-10-01 22:54:32,202 INFO Relation normalization request ended observation=3548 seconds=18.554
2026-10-01 22:54:32,202 INFO Relation normalization request started observation=3554
2026-10-01 22:54:33,247 INFO Relation normalization request ended observation=3549 seconds=17.520
2026-10-01 22:54:33,247 INFO Relation normalization request started observation=3555
2026-10-01 22:54:34,419 INFO Relation normalization request ended observation=3551 seconds=11.913
2026-10-01 22:54:34,419 INFO Relation normalization request started observation=3556
2026-10-01 22:54:36,631 INFO Relation normalization request ended observation=3550 seconds=15.115
2026-10-01 22:54:42,029 INFO Relation normalization request ended observation=3556 seconds=7.610
2026-10-01 22:54:59,132 INFO Relation normalization request ended observation=3555 seconds=25.885
2026-10-01 22:55:00,027 INFO Relation normalization request ended observation=3552 seconds=29.163
2026-10-01 22:55:13,482 INFO Relation normalization request ended observation=3554 seconds=41.280
2026-10-01 22:55:24,566 INFO Relation normalization request ended observation=3553 seconds=53.067
2026-10-01 23:02:10,139 INFO Relation normalization batch size=12 workers=6
2026-10-01 23:02:10,146 INFO Relation normalization request started observation=3557
2026-10-01 23:02:10,151 INFO Relation normalization request started observation=3558
2026-10-01 23:02:10,155 INFO Relation normalization request started observation=3559
2026-10-01 23:02:10,159 INFO Relation normalization request started observation=3560
2026-10-01 23:02:10,163 INFO Relation normalization request started observation=3561
2026-10-01 23:02:10,168 INFO Relation normalization request started observation=3562
2026-10-01 23:02:24,437 INFO Relation normalization request ended observation=3561 seconds=14.274
2026-10-01 23:02:24,437 INFO Relation normalization request started observation=3563
2026-10-01 23:02:28,941 INFO Relation normalization request ended observation=3557 seconds=18.796
2026-10-01 23:02:28,941 INFO Relation normalization request started observation=3564
2026-10-01 23:02:36,457 INFO Relation normalization request ended observation=3562 seconds=26.289
2026-10-01 23:02:36,457 INFO Relation normalization request started observation=3565
2026-10-01 23:02:40,669 INFO Relation normalization request ended observation=3560 seconds=30.510
2026-10-01 23:02:40,670 INFO Relation normalization request started observation=3566
2026-10-01 23:02:46,158 INFO Relation normalization request ended observation=3559 seconds=36.003
2026-10-01 23:02:46,158 INFO Relation normalization request started observation=3567
2026-10-01 23:02:50,112 INFO Relation normalization request ended observation=3564 seconds=21.171
2026-10-01 23:02:50,113 INFO Relation normalization request started observation=3568
2026-10-01 23:02:57,613 INFO Relation normalization request ended observation=3565 seconds=21.155
2026-10-01 23:02:59,924 INFO Relation normalization request ended observation=3563 seconds=35.487
2026-10-01 23:03:00,083 INFO Relation normalization request ended observation=3566 seconds=19.413
2026-10-01 23:03:07,008 INFO Relation normalization request ended observation=3567 seconds=20.850
2026-10-01 23:03:10,029 INFO Relation normalization request ended observation=3558 seconds=59.879
2026-10-01 23:03:11,332 INFO Relation normalization request ended observation=3568 seconds=21.219
2026-10-01 23:10:48,070 INFO Relation normalization batch size=14 workers=6
2026-10-01 23:10:48,071 INFO Relation normalization request started observation=3569
2026-10-01 23:10:48,077 INFO Relation normalization request started observation=3570
2026-10-01 23:10:48,077 INFO Relation normalization request started observation=3571
2026-10-01 23:10:48,087 INFO Relation normalization request started observation=3572
2026-10-01 23:10:48,092 INFO Relation normalization request started observation=3573
2026-10-01 23:10:48,092 INFO Relation normalization request started observation=3574
2026-10-01 23:10:59,228 INFO Relation normalization request ended observation=3573 seconds=11.137
2026-10-01 23:10:59,228 INFO Relation normalization request started observation=3575
2026-10-01 23:11:00,195 INFO Relation normalization request ended observation=3574 seconds=12.103
2026-10-01 23:11:00,196 INFO Relation normalization request started observation=3576
2026-10-01 23:11:00,264 INFO Relation normalization request ended observation=3571 seconds=12.187
2026-10-01 23:11:00,264 INFO Relation normalization request started observation=3577
2026-10-01 23:11:01,884 INFO Relation normalization request ended observation=3572 seconds=13.797
2026-10-01 23:11:01,884 INFO Relation normalization request started observation=3578
2026-10-01 23:11:04,251 INFO Relation normalization request ended observation=3570 seconds=16.174
2026-10-01 23:11:04,251 INFO Relation normalization request started observation=3579
2026-10-01 23:11:11,325 INFO Relation normalization request ended observation=3578 seconds=9.441
2026-10-01 23:11:11,326 INFO Relation normalization request started observation=3580
2026-10-01 23:11:12,558 INFO Relation normalization request ended observation=3576 seconds=12.363
2026-10-01 23:11:12,558 INFO Relation normalization request started observation=3581
2026-10-01 23:11:17,720 INFO Relation normalization request ended observation=3575 seconds=18.491
2026-10-01 23:11:17,720 INFO Relation normalization request started observation=3582
2026-10-01 23:11:22,711 INFO Relation normalization request ended observation=3577 seconds=22.446
2026-10-01 23:11:24,113 INFO Relation normalization request ended observation=3569 seconds=36.042
2026-10-01 23:11:34,550 INFO Relation normalization request ended observation=3580 seconds=23.225
2026-10-01 23:11:51,697 INFO Relation normalization request ended observation=3581 seconds=39.139
2026-10-01 23:11:59,614 INFO Relation normalization request ended observation=3579 seconds=55.364
2026-10-01 23:12:05,897 INFO Relation normalization request ended observation=3582 seconds=48.178
2026-10-01 23:20:07,231 INFO Relation normalization batch size=14 workers=6
2026-10-01 23:20:07,242 INFO Relation normalization request started observation=3583
2026-10-01 23:20:07,243 INFO Relation normalization request started observation=3584
2026-10-01 23:20:07,253 INFO Relation normalization request started observation=3585
2026-10-01 23:20:07,258 INFO Relation normalization request started observation=3586
2026-10-01 23:20:07,264 INFO Relation normalization request started observation=3587
2026-10-01 23:20:07,268 INFO Relation normalization request started observation=3588
2026-10-01 23:20:16,760 INFO Relation normalization request ended observation=3585 seconds=9.507
2026-10-01 23:20:16,760 INFO Relation normalization request started observation=3589
2026-10-01 23:20:19,105 INFO Relation normalization request ended observation=3583 seconds=11.863
2026-10-01 23:20:19,105 INFO Relation normalization request started observation=3590
2026-10-01 23:20:24,091 INFO Relation normalization request ended observation=3588 seconds=16.824
2026-10-01 23:20:24,091 INFO Relation normalization request started observation=3591
2026-10-01 23:20:26,907 INFO Relation normalization request ended observation=3589 seconds=10.146
2026-10-01 23:20:26,907 INFO Relation normalization request started observation=3592
2026-10-01 23:20:32,522 INFO Relation normalization request ended observation=3587 seconds=25.258
2026-10-01 23:20:32,522 INFO Relation normalization request started observation=3593
2026-10-01 23:20:33,744 INFO Relation normalization request ended observation=3590 seconds=14.639
2026-10-01 23:20:33,745 INFO Relation normalization request started observation=3594
2026-10-01 23:20:35,847 INFO Relation normalization request ended observation=3584 seconds=28.604
2026-10-01 23:20:35,847 INFO Relation normalization request started observation=3595
2026-10-01 23:20:37,415 INFO Relation normalization request ended observation=3591 seconds=13.323
2026-10-01 23:20:37,415 INFO Relation normalization request started observation=3596
2026-10-01 23:20:46,416 INFO Relation normalization request ended observation=3592 seconds=19.509
2026-10-01 23:20:46,855 INFO Relation normalization request ended observation=3593 seconds=14.333
2026-10-01 23:20:51,123 INFO Relation normalization request ended observation=3594 seconds=17.378
2026-10-01 23:20:53,492 INFO Relation normalization request ended observation=3586 seconds=46.234
2026-10-01 23:20:53,570 INFO Relation normalization request ended observation=3596 seconds=16.155
2026-10-01 23:21:43,172 INFO Relation normalization request ended observation=3595 seconds=67.325
2026-10-01 23:29:45,804 INFO Relation normalization batch size=23 workers=6
2026-10-01 23:29:45,804 INFO Relation normalization request started observation=3597
2026-10-01 23:29:45,812 INFO Relation normalization request started observation=3598
2026-10-01 23:29:45,821 INFO Relation normalization request started observation=3599
2026-10-01 23:29:45,826 INFO Relation normalization request started observation=3600
2026-10-01 23:29:45,852 INFO Relation normalization request started observation=3601
2026-10-01 23:29:45,857 INFO Relation normalization request started observation=3602
2026-10-01 23:30:02,152 INFO Relation normalization request ended observation=3598 seconds=16.340
2026-10-01 23:30:02,152 INFO Relation normalization request started observation=3603
2026-10-01 23:30:03,042 INFO Relation normalization request ended observation=3597 seconds=17.238
2026-10-01 23:30:03,042 INFO Relation normalization request started observation=3604
2026-10-01 23:30:05,578 INFO Relation normalization request ended observation=3600 seconds=19.752
2026-10-01 23:30:05,579 INFO Relation normalization request started observation=3605
2026-10-01 23:30:08,395 INFO Relation normalization request ended observation=3599 seconds=22.574
2026-10-01 23:30:08,395 INFO Relation normalization request started observation=3606
2026-10-01 23:30:18,596 INFO Relation normalization request ended observation=3603 seconds=16.444
2026-10-01 23:30:18,596 INFO Relation normalization request started observation=3607
2026-10-01 23:30:19,215 INFO Relation normalization request ended observation=3604 seconds=16.173
2026-10-01 23:30:19,215 INFO Relation normalization request started observation=3608
2026-10-01 23:30:20,750 INFO Relation normalization request ended observation=3606 seconds=12.355
2026-10-01 23:30:20,751 INFO Relation normalization request started observation=3609
2026-10-01 23:30:21,715 INFO Relation normalization request ended observation=3605 seconds=16.136
2026-10-01 23:30:21,715 INFO Relation normalization request started observation=3610
2026-10-01 23:30:31,604 INFO Relation normalization request ended observation=3609 seconds=10.854
2026-10-01 23:30:31,605 INFO Relation normalization request started observation=3611
2026-10-01 23:30:42,480 INFO Relation normalization request ended observation=3608 seconds=23.265
2026-10-01 23:30:42,480 INFO Relation normalization request started observation=3612
2026-10-01 23:30:45,235 INFO Relation normalization request ended observation=3610 seconds=23.520
2026-10-01 23:30:45,235 INFO Relation normalization request started observation=3613
2026-10-01 23:30:51,472 INFO Relation normalization request ended observation=3607 seconds=32.875
2026-10-01 23:30:51,472 INFO Relation normalization request started observation=3614
2026-10-01 23:30:57,583 INFO Relation normalization request ended observation=3601 seconds=71.731
2026-10-01 23:30:57,583 INFO Relation normalization request started observation=3615
2026-10-01 23:31:07,909 INFO Relation normalization request ended observation=3614 seconds=16.438
2026-10-01 23:31:07,910 INFO Relation normalization request started observation=3616
2026-10-01 23:31:08,148 INFO Relation normalization request ended observation=3613 seconds=22.912
2026-10-01 23:31:08,148 INFO Relation normalization request started observation=3617
2026-10-01 23:31:14,803 INFO Relation normalization request ended observation=3611 seconds=43.198
2026-10-01 23:31:14,803 INFO Relation normalization request started observation=3618
2026-10-01 23:31:24,086 INFO Relation normalization request ended observation=3615 seconds=26.503
2026-10-01 23:31:24,086 INFO Relation normalization request started observation=3619
2026-10-01 23:31:27,351 INFO Relation normalization request ended observation=3617 seconds=19.203
2026-10-01 23:31:31,164 INFO Relation normalization request ended observation=3616 seconds=23.254
2026-10-01 23:31:55,773 INFO Relation normalization request ended observation=3612 seconds=73.292
2026-10-01 23:32:05,051 INFO Relation normalization request ended observation=3619 seconds=40.965
2026-10-01 23:32:06,667 INFO Relation normalization request ended observation=3602 seconds=140.810
2026-10-01 23:33:16,345 INFO Relation normalization request ended observation=3618 seconds=121.542
2026-10-01 23:42:03,809 INFO Relation normalization batch size=19 workers=6
2026-10-01 23:42:03,809 INFO Relation normalization request started observation=3620
2026-10-01 23:42:03,815 INFO Relation normalization request started observation=3621
2026-10-01 23:42:03,819 INFO Relation normalization request started observation=3622
2026-10-01 23:42:03,824 INFO Relation normalization request started observation=3623
2026-10-01 23:42:03,830 INFO Relation normalization request started observation=3624
2026-10-01 23:42:03,834 INFO Relation normalization request started observation=3625
2026-10-01 23:42:14,037 INFO Relation normalization request ended observation=3623 seconds=10.213
2026-10-01 23:42:14,037 INFO Relation normalization request started observation=3626
2026-10-01 23:42:20,502 INFO Relation normalization request ended observation=3621 seconds=16.687
2026-10-01 23:42:20,502 INFO Relation normalization request started observation=3627
2026-10-01 23:42:20,814 INFO Relation normalization request ended observation=3622 seconds=16.995
2026-10-01 23:42:20,814 INFO Relation normalization request started observation=3628
2026-10-01 23:42:29,383 INFO Relation normalization request ended observation=3625 seconds=25.549
2026-10-01 23:42:29,383 INFO Relation normalization request started observation=3629
2026-10-01 23:42:30,710 INFO Relation normalization request ended observation=3624 seconds=26.880
2026-10-01 23:42:30,710 INFO Relation normalization request started observation=3630
2026-10-01 23:42:31,697 INFO Relation normalization request ended observation=3627 seconds=11.194
2026-10-01 23:42:31,697 INFO Relation normalization request started observation=3631
2026-10-01 23:42:40,791 INFO Relation normalization request ended observation=3629 seconds=11.408
2026-10-01 23:42:40,792 INFO Relation normalization request started observation=3632
2026-10-01 23:42:44,838 INFO Relation normalization request ended observation=3630 seconds=14.127
2026-10-01 23:42:44,838 INFO Relation normalization request started observation=3633
2026-10-01 23:42:51,141 INFO Relation normalization request ended observation=3631 seconds=19.444
2026-10-01 23:42:51,141 INFO Relation normalization request started observation=3634
2026-10-01 23:42:54,206 INFO Relation normalization request ended observation=3632 seconds=13.415
2026-10-01 23:42:54,207 INFO Relation normalization request started observation=3635
2026-10-01 23:43:06,672 INFO Relation normalization request ended observation=3635 seconds=12.465
2026-10-01 23:43:06,672 INFO Relation normalization request started observation=3636
2026-10-01 23:43:10,037 INFO Relation normalization request ended observation=3634 seconds=18.896
2026-10-01 23:43:10,037 INFO Relation normalization request started observation=3637
2026-10-01 23:43:12,160 INFO Relation normalization request ended observation=3633 seconds=27.323
2026-10-01 23:43:12,161 INFO Relation normalization request started observation=3638
2026-10-01 23:43:20,493 INFO Relation normalization request ended observation=3637 seconds=10.457
2026-10-01 23:43:22,229 INFO Relation normalization request ended observation=3628 seconds=61.415
2026-10-01 23:43:23,830 INFO Relation normalization request ended observation=3626 seconds=69.793
2026-10-01 23:43:41,304 INFO Relation normalization request ended observation=3620 seconds=97.495
2026-10-01 23:43:49,889 INFO Relation normalization request ended observation=3636 seconds=43.217
2026-10-01 23:43:53,291 INFO Relation normalization request ended observation=3638 seconds=41.131
2026-10-01 23:49:47,174 INFO Relation normalization batch size=8 workers=6
2026-10-01 23:49:47,175 INFO Relation normalization request started observation=3639
2026-10-01 23:49:47,175 INFO Relation normalization request started observation=3640
2026-10-01 23:49:47,180 INFO Relation normalization request started observation=3641
2026-10-01 23:49:47,192 INFO Relation normalization request started observation=3642
2026-10-01 23:49:47,199 INFO Relation normalization request started observation=3643
2026-10-01 23:49:47,206 INFO Relation normalization request started observation=3644
2026-10-01 23:49:58,047 INFO Relation normalization request ended observation=3643 seconds=10.850
2026-10-01 23:49:58,047 INFO Relation normalization request started observation=3645
2026-10-01 23:50:09,176 INFO Relation normalization request ended observation=3641 seconds=21.997
2026-10-01 23:50:09,177 INFO Relation normalization request started observation=3646
2026-10-01 23:50:09,607 INFO Relation normalization request ended observation=3645 seconds=11.560
2026-10-01 23:50:14,884 INFO Relation normalization request ended observation=3639 seconds=27.709
2026-10-01 23:50:18,305 INFO Relation normalization request ended observation=3642 seconds=31.113
2026-10-01 23:50:29,601 INFO Relation normalization request ended observation=3646 seconds=20.424
2026-10-01 23:50:33,399 INFO Relation normalization request ended observation=3644 seconds=46.193
2026-10-01 23:50:47,054 INFO Relation normalization request ended observation=3640 seconds=59.879
2026-10-01 23:55:16,367 INFO Relation normalization batch size=7 workers=6
2026-10-01 23:55:16,369 INFO Relation normalization request started observation=3647
2026-10-01 23:55:16,369 INFO Relation normalization request started observation=3648
2026-10-01 23:55:16,369 INFO Relation normalization request started observation=3649
2026-10-01 23:55:16,370 INFO Relation normalization request started observation=3650
2026-10-01 23:55:16,375 INFO Relation normalization request started observation=3651
2026-10-01 23:55:16,375 INFO Relation normalization request started observation=3652
2026-10-01 23:55:27,533 INFO Relation normalization request ended observation=3647 seconds=11.165
2026-10-01 23:55:27,534 INFO Relation normalization request started observation=3653
2026-10-01 23:55:38,476 INFO Relation normalization request ended observation=3650 seconds=22.106
2026-10-01 23:56:02,731 INFO Relation normalization request ended observation=3648 seconds=46.362
2026-10-01 23:56:03,147 INFO Relation normalization request ended observation=3649 seconds=46.778
2026-10-01 23:56:04,044 INFO Relation normalization request ended observation=3653 seconds=36.511
2026-10-01 23:56:17,785 INFO Relation normalization request ended observation=3652 seconds=61.410
2026-10-01 23:56:19,134 INFO Relation normalization request ended observation=3651 seconds=62.760
2026-10-02 00:01:33,665 INFO Relation normalization batch size=3 workers=6
2026-10-02 00:01:33,665 INFO Relation normalization request started observation=3654
2026-10-02 00:01:33,670 INFO Relation normalization request started observation=3655
2026-10-02 00:01:33,675 INFO Relation normalization request started observation=3656
2026-10-02 00:01:44,434 INFO Relation normalization request ended observation=3654 seconds=10.769
2026-10-02 00:02:49,148 INFO Relation normalization request ended observation=3655 seconds=75.478
2026-10-02 00:03:34,951 INFO Relation normalization request ended observation=3656 seconds=121.276
2026-10-02 00:12:48,954 INFO Relation normalization batch size=22 workers=6
2026-10-02 00:12:48,954 INFO Relation normalization request started observation=3657
2026-10-02 00:12:48,964 INFO Relation normalization request started observation=3658
2026-10-02 00:12:48,969 INFO Relation normalization request started observation=3659
2026-10-02 00:12:48,974 INFO Relation normalization request started observation=3660
2026-10-02 00:12:48,979 INFO Relation normalization request started observation=3661
2026-10-02 00:12:48,983 INFO Relation normalization request started observation=3662
2026-10-02 00:13:01,000 INFO Relation normalization request ended observation=3660 seconds=12.025
2026-10-02 00:13:01,000 INFO Relation normalization request started observation=3663
2026-10-02 00:13:06,395 INFO Relation normalization request ended observation=3659 seconds=17.426
2026-10-02 00:13:06,395 INFO Relation normalization request started observation=3664
2026-10-02 00:13:08,025 INFO Relation normalization request ended observation=3658 seconds=19.061
2026-10-02 00:13:08,026 INFO Relation normalization request started observation=3665
2026-10-02 00:13:09,787 INFO Relation normalization request ended observation=3661 seconds=20.808
2026-10-02 00:13:09,787 INFO Relation normalization request started observation=3666
2026-10-02 00:13:16,217 INFO Relation normalization request ended observation=3662 seconds=27.234
2026-10-02 00:13:16,217 INFO Relation normalization request started observation=3667
2026-10-02 00:13:18,977 INFO Relation normalization request ended observation=3657 seconds=30.023
2026-10-02 00:13:18,977 INFO Relation normalization request started observation=3668
2026-10-02 00:13:30,022 INFO Relation normalization request ended observation=3667 seconds=13.805
2026-10-02 00:13:30,023 INFO Relation normalization request started observation=3669
2026-10-02 00:13:36,023 INFO Relation normalization request ended observation=3668 seconds=17.045
2026-10-02 00:13:36,023 INFO Relation normalization request started observation=3670
2026-10-02 00:13:46,805 INFO Relation normalization request ended observation=3669 seconds=16.782
2026-10-02 00:13:46,805 INFO Relation normalization request started observation=3671
2026-10-02 00:13:48,886 INFO Relation normalization request ended observation=3665 seconds=40.861
2026-10-02 00:13:48,887 INFO Relation normalization request started observation=3672
2026-10-02 00:13:49,863 INFO Relation normalization request ended observation=3670 seconds=13.840
2026-10-02 00:13:49,863 INFO Relation normalization request started observation=3673
2026-10-02 00:13:52,786 INFO Relation normalization request ended observation=3664 seconds=46.391
2026-10-02 00:13:52,786 INFO Relation normalization request started observation=3674
2026-10-02 00:14:12,943 INFO Relation normalization request ended observation=3666 seconds=63.156
2026-10-02 00:14:12,944 INFO Relation normalization request started observation=3675
2026-10-02 00:14:39,888 INFO Relation normalization request ended observation=3671 seconds=53.083
2026-10-02 00:14:39,888 INFO Relation normalization request started observation=3676
2026-10-02 00:14:40,988 INFO Relation normalization request ended observation=3675 seconds=28.045
2026-10-02 00:14:40,993 INFO Relation normalization request started observation=3677
2026-10-02 00:14:47,776 INFO Relation normalization request ended observation=3673 seconds=57.912
2026-10-02 00:14:47,778 INFO Relation normalization request started observation=3678
2026-10-02 00:14:48,965 INFO Relation normalization request ended observation=3674 seconds=56.179
2026-10-02 00:14:53,292 INFO Relation normalization request ended observation=3676 seconds=13.403
2026-10-02 00:15:00,247 INFO Relation normalization request ended observation=3672 seconds=71.360
2026-10-02 00:15:11,993 INFO Relation normalization request ended observation=3678 seconds=24.217
2026-10-02 00:15:33,313 INFO Relation normalization request ended observation=3663 seconds=152.313
2026-10-02 00:16:00,090 INFO Relation normalization request ended observation=3677 seconds=79.097
2026-10-02 00:19:55,500 INFO Relation normalization batch size=6 workers=6
2026-10-02 00:19:55,501 INFO Relation normalization request started observation=3680
2026-10-02 00:19:55,505 INFO Relation normalization request started observation=3681
2026-10-02 00:19:55,511 INFO Relation normalization request started observation=3682
2026-10-02 00:19:55,516 INFO Relation normalization request started observation=3683
2026-10-02 00:19:55,522 INFO Relation normalization request started observation=3684
2026-10-02 00:19:55,531 INFO Relation normalization request started observation=3685
2026-10-02 00:20:13,124 INFO Relation normalization request ended observation=3680 seconds=17.624
2026-10-02 00:20:17,311 INFO Relation normalization request ended observation=3681 seconds=21.806
2026-10-02 00:20:22,903 INFO Relation normalization request ended observation=3682 seconds=27.392
2026-10-02 00:20:23,402 INFO Relation normalization request ended observation=3685 seconds=27.870
2026-10-02 00:20:23,494 INFO Relation normalization request ended observation=3683 seconds=27.978
2026-10-02 00:20:34,561 INFO Relation normalization request ended observation=3684 seconds=39.038
2026-10-02 00:27:08,771 INFO Relation normalization batch size=13 workers=6
2026-10-02 00:27:08,772 INFO Relation normalization request started observation=3686
2026-10-02 00:27:08,776 INFO Relation normalization request started observation=3687
2026-10-02 00:27:08,782 INFO Relation normalization request started observation=3688
2026-10-02 00:27:08,787 INFO Relation normalization request started observation=3689
2026-10-02 00:27:08,794 INFO Relation normalization request started observation=3690
2026-10-02 00:27:08,805 INFO Relation normalization request started observation=3691
2026-10-02 00:27:21,730 INFO Relation normalization request ended observation=3690 seconds=12.936
2026-10-02 00:27:21,731 INFO Relation normalization request started observation=3692
2026-10-02 00:27:28,857 INFO Relation normalization request ended observation=3688 seconds=20.076
2026-10-02 00:27:28,858 INFO Relation normalization request started observation=3693
2026-10-02 00:27:34,193 INFO Relation normalization request ended observation=3689 seconds=25.405
2026-10-02 00:27:34,193 INFO Relation normalization request started observation=3694
2026-10-02 00:27:35,151 INFO Relation normalization request ended observation=3687 seconds=26.375
2026-10-02 00:27:35,151 INFO Relation normalization request started observation=3695
2026-10-02 00:27:35,470 INFO Relation normalization request ended observation=3686 seconds=26.698
2026-10-02 00:27:35,470 INFO Relation normalization request started observation=3696
2026-10-02 00:27:40,117 INFO Relation normalization request ended observation=3692 seconds=18.386
2026-10-02 00:27:40,117 INFO Relation normalization request started observation=3697
2026-10-02 00:27:41,215 INFO Relation normalization request ended observation=3691 seconds=32.410
2026-10-02 00:27:41,215 INFO Relation normalization request started observation=3698
2026-10-02 00:27:44,915 INFO Relation normalization request ended observation=3695 seconds=9.764
2026-10-02 00:27:57,539 INFO Relation normalization request ended observation=3698 seconds=16.324
2026-10-02 00:27:57,549 INFO Relation normalization request ended observation=3697 seconds=17.432
2026-10-02 00:27:57,947 INFO Relation normalization request ended observation=3694 seconds=23.755
2026-10-02 00:28:54,793 INFO Relation normalization request ended observation=3696 seconds=79.322
2026-10-02 00:29:38,826 INFO Relation normalization request ended observation=3693 seconds=129.968
2026-10-02 00:32:13,060 INFO Relation normalization batch size=7 workers=6
2026-10-02 00:32:13,060 INFO Relation normalization request started observation=3699
2026-10-02 00:32:13,066 INFO Relation normalization request started observation=3700
2026-10-02 00:32:13,070 INFO Relation normalization request started observation=3701
2026-10-02 00:32:13,071 INFO Relation normalization request started observation=3702
2026-10-02 00:32:13,080 INFO Relation normalization request started observation=3703
2026-10-02 00:32:13,080 INFO Relation normalization request started observation=3704
2026-10-02 00:32:24,696 INFO Relation normalization request ended observation=3701 seconds=11.626
2026-10-02 00:32:24,697 INFO Relation normalization request started observation=3705
2026-10-02 00:32:26,046 INFO Relation normalization request ended observation=3700 seconds=12.980
2026-10-02 00:32:26,571 INFO Relation normalization request ended observation=3699 seconds=13.510
2026-10-02 00:32:46,351 INFO Relation normalization request ended observation=3705 seconds=21.654
2026-10-02 00:33:01,585 INFO Relation normalization request ended observation=3702 seconds=48.514
2026-10-02 00:33:14,643 INFO Relation normalization request ended observation=3704 seconds=61.563
2026-10-02 00:34:29,593 INFO Relation normalization request ended observation=3703 seconds=136.513
2026-10-02 00:43:45,052 INFO Relation normalization batch size=12 workers=6
2026-10-02 00:43:45,053 INFO Relation normalization request started observation=3706
2026-10-02 00:43:45,057 INFO Relation normalization request started observation=3707
2026-10-02 00:43:45,061 INFO Relation normalization request started observation=3708
2026-10-02 00:43:45,065 INFO Relation normalization request started observation=3709
2026-10-02 00:43:45,073 INFO Relation normalization request started observation=3710
2026-10-02 00:43:45,082 INFO Relation normalization request started observation=3711
2026-10-02 00:44:04,563 INFO Relation normalization request ended observation=3707 seconds=19.506
2026-10-02 00:44:04,563 INFO Relation normalization request started observation=3712
2026-10-02 00:44:04,623 INFO Relation normalization request ended observation=3709 seconds=19.557
2026-10-02 00:44:04,623 INFO Relation normalization request started observation=3713
2026-10-02 00:44:05,186 INFO Relation normalization request ended observation=3706 seconds=20.133
2026-10-02 00:44:05,186 INFO Relation normalization request started observation=3714
2026-10-02 00:44:05,365 INFO Relation normalization request ended observation=3710 seconds=20.292
2026-10-02 00:44:05,365 INFO Relation normalization request started observation=3715
2026-10-02 00:44:13,982 INFO Relation normalization request ended observation=3712 seconds=9.419
2026-10-02 00:44:13,982 INFO Relation normalization request started observation=3716
2026-10-02 00:44:31,020 INFO Relation normalization request ended observation=3716 seconds=17.038
2026-10-02 00:44:31,021 INFO Relation normalization request started observation=3717
2026-10-02 00:44:31,486 INFO Relation normalization request ended observation=3714 seconds=26.300
2026-10-02 00:44:33,761 INFO Relation normalization request ended observation=3713 seconds=29.138
2026-10-02 00:44:37,252 INFO Relation normalization request ended observation=3717 seconds=6.231
2026-10-02 00:44:46,587 INFO Relation normalization request ended observation=3715 seconds=41.222
2026-10-02 00:45:03,151 INFO Relation normalization request ended observation=3711 seconds=78.069
2026-10-02 00:45:44,446 INFO Relation normalization request ended observation=3708 seconds=119.385
2026-10-02 00:54:13,198 INFO Relation normalization batch size=19 workers=6
2026-10-02 00:54:13,199 INFO Relation normalization request started observation=3718
2026-10-02 00:54:13,199 INFO Relation normalization request started observation=3719
2026-10-02 00:54:13,202 INFO Relation normalization request started observation=3720
2026-10-02 00:54:13,207 INFO Relation normalization request started observation=3721
2026-10-02 00:54:13,209 INFO Relation normalization request started observation=3722
2026-10-02 00:54:13,209 INFO Relation normalization request started observation=3723
2026-10-02 00:54:21,800 INFO Relation normalization request ended observation=3722 seconds=8.591
2026-10-02 00:54:21,800 INFO Relation normalization request started observation=3724
2026-10-02 00:54:42,512 INFO Relation normalization request ended observation=3718 seconds=29.313
2026-10-02 00:54:42,512 INFO Relation normalization request started observation=3725
2026-10-02 00:54:44,710 INFO Relation normalization request ended observation=3719 seconds=31.511
2026-10-02 00:54:44,710 INFO Relation normalization request started observation=3726
2026-10-02 00:54:45,322 INFO Relation normalization request ended observation=3721 seconds=32.116
2026-10-02 00:54:45,323 INFO Relation normalization request started observation=3727
2026-10-02 00:55:00,025 INFO Relation normalization request ended observation=3726 seconds=15.315
2026-10-02 00:55:00,025 INFO Relation normalization request started observation=3728
2026-10-02 00:55:00,687 INFO Relation normalization request ended observation=3725 seconds=18.175
2026-10-02 00:55:00,688 INFO Relation normalization request started observation=3729
2026-10-02 00:55:08,580 INFO Relation normalization request ended observation=3723 seconds=55.371
2026-10-02 00:55:08,581 INFO Relation normalization request started observation=3730
2026-10-02 00:55:17,622 INFO Relation normalization request ended observation=3729 seconds=16.935
2026-10-02 00:55:17,623 INFO Relation normalization request started observation=3731
2026-10-02 00:55:24,034 INFO Relation normalization request ended observation=3724 seconds=62.234
2026-10-02 00:55:24,035 INFO Relation normalization request started observation=3732
2026-10-02 00:55:25,827 INFO Relation normalization request ended observation=3730 seconds=17.246
2026-10-02 00:55:25,827 INFO Relation normalization request started observation=3733
2026-10-02 00:55:44,263 INFO Relation normalization request ended observation=3732 seconds=20.228
2026-10-02 00:55:44,263 INFO Relation normalization request started observation=3734
2026-10-02 00:55:52,619 INFO Relation normalization request ended observation=3731 seconds=34.996
2026-10-02 00:55:52,619 INFO Relation normalization request started observation=3735
2026-10-02 00:56:13,647 INFO Relation normalization request ended observation=3727 seconds=88.325
2026-10-02 00:56:13,647 INFO Relation normalization request started observation=3736
2026-10-02 00:56:15,642 INFO Relation normalization request ended observation=3728 seconds=75.617
2026-10-02 00:56:25,642 INFO Relation normalization request ended observation=3734 seconds=41.379
2026-10-02 00:56:42,894 INFO Relation normalization request ended observation=3736 seconds=29.246
2026-10-02 00:56:52,688 INFO Relation normalization request ended observation=3720 seconds=159.486
2026-10-02 00:57:15,049 INFO Relation normalization request ended observation=3735 seconds=82.430
2026-10-02 00:57:52,818 INFO Relation normalization request ended observation=3733 seconds=146.991
2026-10-02 01:00:26,800 INFO Relation normalization batch size=5 workers=6
2026-10-02 01:00:26,801 INFO Relation normalization request started observation=3737
2026-10-02 01:00:26,803 INFO Relation normalization request started observation=3738
2026-10-02 01:00:26,809 INFO Relation normalization request started observation=3739
2026-10-02 01:00:26,810 INFO Relation normalization request started observation=3740
2026-10-02 01:00:26,812 INFO Relation normalization request started observation=3741
2026-10-02 01:00:39,453 INFO Relation normalization request ended observation=3740 seconds=12.643
2026-10-02 01:00:57,545 INFO Relation normalization request ended observation=3741 seconds=30.733
2026-10-02 01:01:12,772 INFO Relation normalization request ended observation=3737 seconds=45.971
2026-10-02 01:01:17,561 INFO Relation normalization request ended observation=3738 seconds=50.758
2026-10-02 01:01:56,734 INFO Relation normalization request ended observation=3739 seconds=89.925
2026-10-02 01:05:03,672 INFO Relation normalization batch size=15 workers=6
2026-10-02 01:05:03,672 INFO Relation normalization request started observation=3742
2026-10-02 01:05:03,674 INFO Relation normalization request started observation=3743
2026-10-02 01:05:03,675 INFO Relation normalization request started observation=3744
2026-10-02 01:05:03,675 INFO Relation normalization request started observation=3745
2026-10-02 01:05:03,677 INFO Relation normalization request started observation=3746
2026-10-02 01:05:03,679 INFO Relation normalization request started observation=3747
2026-10-02 01:05:11,073 INFO Relation normalization request ended observation=3745 seconds=7.398
2026-10-02 01:05:11,073 INFO Relation normalization request started observation=3748
2026-10-02 01:05:13,809 INFO Relation normalization request ended observation=3742 seconds=10.137
2026-10-02 01:05:13,809 INFO Relation normalization request started observation=3749
2026-10-02 01:05:15,452 INFO Relation normalization request ended observation=3746 seconds=11.775
2026-10-02 01:05:15,452 INFO Relation normalization request started observation=3750
2026-10-02 01:05:21,991 INFO Relation normalization request ended observation=3748 seconds=10.918
2026-10-02 01:05:21,991 INFO Relation normalization request started observation=3751
2026-10-02 01:05:22,314 INFO Relation normalization request ended observation=3749 seconds=8.505
2026-10-02 01:05:22,314 INFO Relation normalization request started observation=3752
2026-10-02 01:05:43,739 INFO Relation normalization request ended observation=3750 seconds=28.287
2026-10-02 01:05:43,740 INFO Relation normalization request started observation=3753
2026-10-02 01:05:50,757 INFO Relation normalization request ended observation=3747 seconds=47.078
2026-10-02 01:05:50,757 INFO Relation normalization request started observation=3754
2026-10-02 01:05:53,778 INFO Relation normalization request ended observation=3743 seconds=50.105
2026-10-02 01:05:53,778 INFO Relation normalization request started observation=3755
2026-10-02 01:06:04,266 INFO Relation normalization request ended observation=3752 seconds=41.952
2026-10-02 01:06:04,267 INFO Relation normalization request started observation=3756
2026-10-02 01:06:08,773 INFO Relation normalization request ended observation=3754 seconds=18.016
2026-10-02 01:06:08,796 INFO Relation normalization request ended observation=3755 seconds=15.017
2026-10-02 01:06:13,284 INFO Relation normalization request ended observation=3744 seconds=69.609
2026-10-02 01:06:15,080 INFO Relation normalization request ended observation=3751 seconds=53.089
2026-10-02 01:06:49,693 INFO Relation normalization request ended observation=3756 seconds=45.426
2026-10-02 01:07:01,233 INFO Relation normalization request ended observation=3753 seconds=77.494
2026-10-02 01:13:03,100 INFO Relation normalization batch size=15 workers=6
2026-10-02 01:13:03,105 INFO Relation normalization request started observation=3757
2026-10-02 01:13:03,107 INFO Relation normalization request started observation=3758
2026-10-02 01:13:03,107 INFO Relation normalization request started observation=3759
2026-10-02 01:13:03,111 INFO Relation normalization request started observation=3760
2026-10-02 01:13:03,112 INFO Relation normalization request started observation=3761
2026-10-02 01:13:03,114 INFO Relation normalization request started observation=3762
2026-10-02 01:13:18,558 INFO Relation normalization request ended observation=3759 seconds=15.450
2026-10-02 01:13:18,558 INFO Relation normalization request started observation=3763
2026-10-02 01:13:24,395 INFO Relation normalization request ended observation=3757 seconds=21.289
2026-10-02 01:13:24,395 INFO Relation normalization request started observation=3764
2026-10-02 01:13:26,345 INFO Relation normalization request ended observation=3760 seconds=23.234
2026-10-02 01:13:26,345 INFO Relation normalization request started observation=3765
2026-10-02 01:13:28,177 INFO Relation normalization request ended observation=3762 seconds=25.063
2026-10-02 01:13:28,177 INFO Relation normalization request started observation=3766
2026-10-02 01:13:39,305 INFO Relation normalization request ended observation=3766 seconds=11.128
2026-10-02 01:13:39,305 INFO Relation normalization request started observation=3767
2026-10-02 01:13:41,134 INFO Relation normalization request ended observation=3765 seconds=14.789
2026-10-02 01:13:41,134 INFO Relation normalization request started observation=3768
2026-10-02 01:13:48,793 INFO Relation normalization request ended observation=3764 seconds=24.398
2026-10-02 01:13:48,793 INFO Relation normalization request started observation=3769
2026-10-02 01:14:12,554 INFO Relation normalization request ended observation=3768 seconds=31.420
2026-10-02 01:14:12,555 INFO Relation normalization request started observation=3770
2026-10-02 01:14:12,695 INFO Relation normalization request ended observation=3758 seconds=69.588
2026-10-02 01:14:12,695 INFO Relation normalization request started observation=3771
2026-10-02 01:14:14,470 INFO Relation normalization request ended observation=3767 seconds=35.165
2026-10-02 01:14:20,846 INFO Relation normalization request ended observation=3761 seconds=77.734
2026-10-02 01:14:24,021 INFO Relation normalization request ended observation=3763 seconds=65.463
2026-10-02 01:14:27,616 INFO Relation normalization request ended observation=3770 seconds=15.062
2026-10-02 01:15:01,982 INFO Relation normalization request ended observation=3771 seconds=49.287
2026-10-02 01:15:05,830 INFO Relation normalization request ended observation=3769 seconds=77.037
2026-10-02 01:24:09,628 INFO Relation normalization batch size=26 workers=6
2026-10-02 01:24:09,628 INFO Relation normalization request started observation=3772
2026-10-02 01:24:09,630 INFO Relation normalization request started observation=3773
2026-10-02 01:24:09,632 INFO Relation normalization request started observation=3774
2026-10-02 01:24:09,633 INFO Relation normalization request started observation=3775
2026-10-02 01:24:09,635 INFO Relation normalization request started observation=3776
2026-10-02 01:24:09,637 INFO Relation normalization request started observation=3777
2026-10-02 01:24:17,813 INFO Relation normalization request ended observation=3772 seconds=8.185
2026-10-02 01:24:17,813 INFO Relation normalization request started observation=3778
2026-10-02 01:24:19,988 INFO Relation normalization request ended observation=3775 seconds=10.355
2026-10-02 01:24:19,989 INFO Relation normalization request started observation=3779
2026-10-02 01:24:21,611 INFO Relation normalization request ended observation=3773 seconds=11.981
2026-10-02 01:24:21,611 INFO Relation normalization request started observation=3780
2026-10-02 01:24:26,494 INFO Relation normalization request ended observation=3774 seconds=16.863
2026-10-02 01:24:26,495 INFO Relation normalization request started observation=3781
2026-10-02 01:24:26,573 INFO Relation normalization request ended observation=3776 seconds=16.938
2026-10-02 01:24:26,573 INFO Relation normalization request started observation=3782
2026-10-02 01:24:36,069 INFO Relation normalization request ended observation=3780 seconds=14.458
2026-10-02 01:24:36,069 INFO Relation normalization request started observation=3783
2026-10-02 01:24:40,404 INFO Relation normalization request ended observation=3782 seconds=13.830
2026-10-02 01:24:40,404 INFO Relation normalization request started observation=3784
2026-10-02 01:24:42,448 INFO Relation normalization request ended observation=3781 seconds=15.953
2026-10-02 01:24:42,448 INFO Relation normalization request started observation=3785
2026-10-02 01:24:44,939 INFO Relation normalization request ended observation=3779 seconds=24.951
2026-10-02 01:24:44,940 INFO Relation normalization request started observation=3786
2026-10-02 01:24:48,083 INFO Relation normalization request ended observation=3784 seconds=7.679
2026-10-02 01:24:48,084 INFO Relation normalization request started observation=3787
2026-10-02 01:24:51,308 INFO Relation normalization request ended observation=3785 seconds=8.860
2026-10-02 01:24:51,308 INFO Relation normalization request started observation=3788
2026-10-02 01:24:51,818 INFO Relation normalization request ended observation=3783 seconds=15.750
2026-10-02 01:24:51,823 INFO Relation normalization request started observation=3789
2026-10-02 01:25:03,057 INFO Relation normalization request ended observation=3788 seconds=11.749
2026-10-02 01:25:03,057 INFO Relation normalization request started observation=3790
2026-10-02 01:25:09,635 INFO Relation normalization request ended observation=3777 seconds=59.999
2026-10-02 01:25:09,636 INFO Relation normalization request started observation=3791
2026-10-02 01:25:12,308 INFO Relation normalization request ended observation=3790 seconds=9.250
2026-10-02 01:25:12,308 INFO Relation normalization request started observation=3792
2026-10-02 01:25:14,892 INFO Relation normalization request ended observation=3778 seconds=57.079
2026-10-02 01:25:14,892 INFO Relation normalization request started observation=3793
2026-10-02 01:25:17,879 INFO Relation normalization request ended observation=3791 seconds=8.244
2026-10-02 01:25:17,880 INFO Relation normalization request started observation=3794
2026-10-02 01:25:18,173 INFO Relation normalization request ended observation=3786 seconds=33.234
2026-10-02 01:25:18,173 INFO Relation normalization request started observation=3795
2026-10-02 01:25:23,218 INFO Relation normalization request ended observation=3793 seconds=8.326
2026-10-02 01:25:23,218 INFO Relation normalization request started observation=3796
2026-10-02 01:25:23,601 INFO Relation normalization request ended observation=3789 seconds=31.778
2026-10-02 01:25:23,601 INFO Relation normalization request started observation=3797
2026-10-02 01:25:27,011 INFO Relation normalization request ended observation=3792 seconds=14.703
2026-10-02 01:25:31,830 INFO Relation normalization request ended observation=3794 seconds=13.951
2026-10-02 01:25:34,977 INFO Relation normalization request ended observation=3795 seconds=16.804
2026-10-02 01:25:36,542 INFO Relation normalization request ended observation=3796 seconds=13.323
2026-10-02 01:25:55,582 INFO Relation normalization request ended observation=3787 seconds=67.499
2026-10-02 01:26:00,133 INFO Relation normalization request ended observation=3797 seconds=36.532
2026-10-02 01:32:25,597 INFO Relation normalization batch size=5 workers=6
2026-10-02 01:32:25,597 INFO Relation normalization request started observation=3798
2026-10-02 01:32:25,597 INFO Relation normalization request started observation=3799
2026-10-02 01:32:25,599 INFO Relation normalization request started observation=3800
2026-10-02 01:32:25,601 INFO Relation normalization request started observation=3801
2026-10-02 01:32:25,604 INFO Relation normalization request started observation=3802
2026-10-02 01:32:39,004 INFO Relation normalization request ended observation=3798 seconds=13.407
2026-10-02 01:32:40,914 INFO Relation normalization request ended observation=3799 seconds=15.317
2026-10-02 01:33:27,176 INFO Relation normalization request ended observation=3802 seconds=61.572
2026-10-02 01:33:27,860 INFO Relation normalization request ended observation=3800 seconds=62.261
2026-10-02 01:33:53,886 INFO Relation normalization request ended observation=3801 seconds=88.285
2026-10-02 01:39:12,431 INFO Relation normalization batch size=18 workers=6
2026-10-02 01:39:12,432 INFO Relation normalization request started observation=3803
2026-10-02 01:39:12,433 INFO Relation normalization request started observation=3804
2026-10-02 01:39:12,435 INFO Relation normalization request started observation=3805
2026-10-02 01:39:12,437 INFO Relation normalization request started observation=3806
2026-10-02 01:39:12,439 INFO Relation normalization request started observation=3807
2026-10-02 01:39:12,439 INFO Relation normalization request started observation=3808
2026-10-02 01:39:23,652 INFO Relation normalization request ended observation=3804 seconds=11.219
2026-10-02 01:39:23,653 INFO Relation normalization request started observation=3809
2026-10-02 01:39:34,112 INFO Relation normalization request ended observation=3803 seconds=21.680
2026-10-02 01:39:34,112 INFO Relation normalization request started observation=3810
2026-10-02 01:39:39,341 INFO Relation normalization request ended observation=3808 seconds=26.902
2026-10-02 01:39:39,342 INFO Relation normalization request started observation=3811
2026-10-02 01:39:43,492 INFO Relation normalization request ended observation=3805 seconds=31.056
2026-10-02 01:39:43,492 INFO Relation normalization request started observation=3812
2026-10-02 01:39:50,043 INFO Relation normalization request ended observation=3810 seconds=15.931
2026-10-02 01:39:50,044 INFO Relation normalization request started observation=3813
2026-10-02 01:39:55,031 INFO Relation normalization request ended observation=3807 seconds=42.592
2026-10-02 01:39:55,031 INFO Relation normalization request started observation=3814
2026-10-02 01:39:55,086 INFO Relation normalization request ended observation=3811 seconds=15.744
2026-10-02 01:39:55,086 INFO Relation normalization request started observation=3815
2026-10-02 01:40:13,592 INFO Relation normalization request ended observation=3814 seconds=18.561
2026-10-02 01:40:13,592 INFO Relation normalization request started observation=3816
2026-10-02 01:40:16,631 INFO Relation normalization request ended observation=3806 seconds=64.194
2026-10-02 01:40:16,631 INFO Relation normalization request started observation=3817
2026-10-02 01:40:17,820 INFO Relation normalization request ended observation=3809 seconds=54.167
2026-10-02 01:40:17,820 INFO Relation normalization request started observation=3818
2026-10-02 01:40:20,771 INFO Relation normalization request ended observation=3813 seconds=30.727
2026-10-02 01:40:20,771 INFO Relation normalization request started observation=3819
2026-10-02 01:40:31,211 INFO Relation normalization request ended observation=3812 seconds=47.719
2026-10-02 01:40:31,211 INFO Relation normalization request started observation=3820
2026-10-02 01:40:38,310 INFO Relation normalization request ended observation=3819 seconds=17.540
2026-10-02 01:40:49,275 INFO Relation normalization request ended observation=3815 seconds=54.189
2026-10-02 01:40:59,666 INFO Relation normalization request ended observation=3820 seconds=28.454
2026-10-02 01:41:04,008 INFO Relation normalization request ended observation=3817 seconds=47.378
2026-10-02 01:41:14,181 INFO Relation normalization request ended observation=3816 seconds=60.589
2026-10-02 01:41:36,292 INFO Relation normalization request ended observation=3818 seconds=78.472
2026-10-02 01:50:43,738 INFO Relation normalization batch size=17 workers=6
2026-10-02 01:50:43,739 INFO Relation normalization request started observation=3821
2026-10-02 01:50:43,739 INFO Relation normalization request started observation=3822
2026-10-02 01:50:43,742 INFO Relation normalization request started observation=3823
2026-10-02 01:50:43,744 INFO Relation normalization request started observation=3824
2026-10-02 01:50:43,744 INFO Relation normalization request started observation=3825
2026-10-02 01:50:43,748 INFO Relation normalization request started observation=3826
2026-10-02 01:50:56,781 INFO Relation normalization request ended observation=3821 seconds=13.042
2026-10-02 01:50:56,781 INFO Relation normalization request started observation=3827
2026-10-02 01:51:00,429 INFO Relation normalization request ended observation=3822 seconds=16.691
2026-10-02 01:51:00,429 INFO Relation normalization request started observation=3828
2026-10-02 01:51:12,780 INFO Relation normalization request ended observation=3825 seconds=29.036
2026-10-02 01:51:12,780 INFO Relation normalization request started observation=3829
2026-10-02 01:51:20,900 INFO Relation normalization request ended observation=3823 seconds=37.158
2026-10-02 01:51:20,900 INFO Relation normalization request started observation=3830
2026-10-02 01:51:29,113 INFO Relation normalization request ended observation=3829 seconds=16.334
2026-10-02 01:51:29,114 INFO Relation normalization request started observation=3831
2026-10-02 01:51:39,897 INFO Relation normalization request ended observation=3826 seconds=56.149
2026-10-02 01:51:39,897 INFO Relation normalization request started observation=3832
2026-10-02 01:51:42,191 INFO Relation normalization request ended observation=3824 seconds=58.447
2026-10-02 01:51:42,191 INFO Relation normalization request started observation=3833
2026-10-02 01:51:47,933 INFO Relation normalization request ended observation=3830 seconds=27.033
2026-10-02 01:51:47,933 INFO Relation normalization request started observation=3834
2026-10-02 01:51:53,141 INFO Relation normalization request ended observation=3831 seconds=24.027
2026-10-02 01:51:53,141 INFO Relation normalization request started observation=3835
2026-10-02 01:52:04,239 INFO Relation normalization request ended observation=3832 seconds=24.342
2026-10-02 01:52:04,239 INFO Relation normalization request started observation=3836
2026-10-02 01:52:06,861 INFO Relation normalization request ended observation=3834 seconds=18.928
2026-10-02 01:52:06,862 INFO Relation normalization request started observation=3837
2026-10-02 01:52:08,186 INFO Relation normalization request ended observation=3835 seconds=15.045
2026-10-02 01:52:21,422 INFO Relation normalization request ended observation=3837 seconds=14.560
2026-10-02 01:52:29,673 INFO Relation normalization request ended observation=3836 seconds=25.433
2026-10-02 01:52:30,711 INFO Relation normalization request ended observation=3827 seconds=93.929
2026-10-02 01:52:35,582 INFO Relation normalization request ended observation=3833 seconds=53.391
2026-10-02 01:52:50,931 INFO Relation normalization request ended observation=3828 seconds=110.501
2026-10-02 02:05:19,450 INFO Relation normalization batch size=8 workers=6
2026-10-02 02:05:19,450 INFO Relation normalization request started observation=3838
2026-10-02 02:05:19,451 INFO Relation normalization request started observation=3839
2026-10-02 02:05:19,452 INFO Relation normalization request started observation=3840
2026-10-02 02:05:19,456 INFO Relation normalization request started observation=3841
2026-10-02 02:05:19,458 INFO Relation normalization request started observation=3842
2026-10-02 02:05:19,459 INFO Relation normalization request started observation=3843
2026-10-02 02:05:29,462 INFO Relation normalization request ended observation=3841 seconds=10.006
2026-10-02 02:05:29,462 INFO Relation normalization request started observation=3844
2026-10-02 02:05:30,611 INFO Relation normalization request ended observation=3842 seconds=11.154
2026-10-02 02:05:30,612 INFO Relation normalization request started observation=3845
2026-10-02 02:05:34,084 INFO Relation normalization request ended observation=3839 seconds=14.634
2026-10-02 02:05:34,486 INFO Relation normalization request ended observation=3838 seconds=15.036
2026-10-02 02:05:40,068 INFO Relation normalization request ended observation=3840 seconds=20.616
2026-10-02 02:05:49,012 INFO Relation normalization request ended observation=3845 seconds=18.400
2026-10-02 02:05:51,972 INFO Relation normalization request ended observation=3844 seconds=22.510
2026-10-02 02:06:15,613 INFO Relation normalization request ended observation=3843 seconds=56.154
2026-10-02 02:20:26,776 INFO Relation normalization batch size=6 workers=6
2026-10-02 02:20:26,776 INFO Relation normalization request started observation=3846
2026-10-02 02:20:26,778 INFO Relation normalization request started observation=3847
2026-10-02 02:20:26,779 INFO Relation normalization request started observation=3848
2026-10-02 02:20:26,781 INFO Relation normalization request started observation=3849
2026-10-02 02:20:26,782 INFO Relation normalization request started observation=3850
2026-10-02 02:20:26,784 INFO Relation normalization request started observation=3851
2026-10-02 02:20:36,429 INFO Relation normalization request ended observation=3847 seconds=9.651
2026-10-02 02:20:39,768 INFO Relation normalization request ended observation=3851 seconds=12.984
2026-10-02 02:20:40,336 INFO Relation normalization request ended observation=3849 seconds=13.555
2026-10-02 02:20:52,971 INFO Relation normalization request ended observation=3850 seconds=26.189
2026-10-02 02:20:55,982 INFO Relation normalization request ended observation=3846 seconds=29.206
2026-10-02 02:20:56,434 INFO Relation normalization request ended observation=3848 seconds=29.655
2026-10-02 02:35:28,091 INFO Relation normalization batch size=8 workers=6
2026-10-02 02:35:28,092 INFO Relation normalization request started observation=3852
2026-10-02 02:35:28,094 INFO Relation normalization request started observation=3853
2026-10-02 02:35:28,095 INFO Relation normalization request started observation=3854
2026-10-02 02:35:28,097 INFO Relation normalization request started observation=3855
2026-10-02 02:35:28,099 INFO Relation normalization request started observation=3856
2026-10-02 02:35:28,100 INFO Relation normalization request started observation=3857
2026-10-02 02:35:43,677 INFO Relation normalization request ended observation=3855 seconds=15.580
2026-10-02 02:35:43,677 INFO Relation normalization request started observation=3858
2026-10-02 02:35:48,594 INFO Relation normalization request ended observation=3852 seconds=20.502
2026-10-02 02:35:48,594 INFO Relation normalization request started observation=3859
2026-10-02 02:35:53,767 INFO Relation normalization request ended observation=3854 seconds=25.672
2026-10-02 02:36:00,221 INFO Relation normalization request ended observation=3857 seconds=32.120
2026-10-02 02:36:06,589 INFO Relation normalization request ended observation=3859 seconds=17.995
2026-10-02 02:36:10,209 INFO Relation normalization request ended observation=3856 seconds=42.110
2026-10-02 02:36:21,495 INFO Relation normalization request ended observation=3853 seconds=53.401
2026-10-02 02:36:22,633 INFO Relation normalization request ended observation=3858 seconds=38.956
2026-10-02 02:51:52,072 INFO Relation normalization batch size=23 workers=6
2026-10-02 02:51:52,073 INFO Relation normalization request started observation=3860
2026-10-02 02:51:52,073 INFO Relation normalization request started observation=3861
2026-10-02 02:51:52,074 INFO Relation normalization request started observation=3862
2026-10-02 02:51:52,075 INFO Relation normalization request started observation=3863
2026-10-02 02:51:52,077 INFO Relation normalization request started observation=3864
2026-10-02 02:51:52,078 INFO Relation normalization request started observation=3865
2026-10-02 02:52:07,786 INFO Relation normalization request ended observation=3865 seconds=15.708
2026-10-02 02:52:07,786 INFO Relation normalization request started observation=3866
2026-10-02 02:52:08,494 INFO Relation normalization request ended observation=3863 seconds=16.419
2026-10-02 02:52:08,494 INFO Relation normalization request started observation=3867
2026-10-02 02:52:18,452 INFO Relation normalization request ended observation=3866 seconds=10.666
2026-10-02 02:52:18,452 INFO Relation normalization request started observation=3868
2026-10-02 02:52:35,207 INFO Relation normalization request ended observation=3867 seconds=26.713
2026-10-02 02:52:35,207 INFO Relation normalization request started observation=3869
2026-10-02 02:52:35,290 INFO Relation normalization request ended observation=3862 seconds=43.215
2026-10-02 02:52:35,290 INFO Relation normalization request started observation=3870
2026-10-02 02:52:37,771 INFO Relation normalization request ended observation=3864 seconds=45.694
2026-10-02 02:52:37,771 INFO Relation normalization request started observation=3871
2026-10-02 02:52:44,671 INFO Relation normalization request ended observation=3868 seconds=26.219
2026-10-02 02:52:44,671 INFO Relation normalization request started observation=3872
2026-10-02 02:52:53,067 INFO Relation normalization request ended observation=3869 seconds=17.860
2026-10-02 02:52:53,067 INFO Relation normalization request started observation=3873
2026-10-02 02:53:01,341 INFO Relation normalization request ended observation=3860 seconds=69.268
2026-10-02 02:53:01,341 INFO Relation normalization request started observation=3874
2026-10-02 02:53:12,038 INFO Relation normalization request ended observation=3871 seconds=34.267
2026-10-02 02:53:12,039 INFO Relation normalization request started observation=3875
2026-10-02 02:53:17,024 INFO Relation normalization request ended observation=3861 seconds=84.951
2026-10-02 02:53:17,024 INFO Relation normalization request started observation=3876
2026-10-02 02:53:31,681 INFO Relation normalization request ended observation=3870 seconds=56.391
2026-10-02 02:53:31,681 INFO Relation normalization request started observation=3877
2026-10-02 02:53:39,124 INFO Relation normalization request ended observation=3874 seconds=37.783
2026-10-02 02:53:39,124 INFO Relation normalization request started observation=3878
2026-10-02 02:53:40,272 INFO Relation normalization request ended observation=3875 seconds=28.233
2026-10-02 02:53:40,272 INFO Relation normalization request started observation=3879
2026-10-02 02:53:45,905 INFO Relation normalization request ended observation=3877 seconds=14.224
2026-10-02 02:53:45,906 INFO Relation normalization request started observation=3880
2026-10-02 02:53:55,785 INFO Relation normalization request ended observation=3872 seconds=71.114
2026-10-02 02:53:55,785 INFO Relation normalization request started observation=3881
2026-10-02 02:54:12,968 INFO Relation normalization request ended observation=3876 seconds=55.944
2026-10-02 02:54:12,968 INFO Relation normalization request started observation=3882
2026-10-02 02:54:16,819 INFO Relation normalization request ended observation=3873 seconds=83.752
2026-10-02 02:54:19,666 INFO Relation normalization request ended observation=3880 seconds=33.760
2026-10-02 02:54:19,935 INFO Relation normalization request ended observation=3879 seconds=39.663
2026-10-02 02:54:28,281 INFO Relation normalization request ended observation=3881 seconds=32.495
2026-10-02 02:54:54,279 INFO Relation normalization request ended observation=3878 seconds=75.154
2026-10-02 02:55:05,845 INFO Relation normalization request ended observation=3882 seconds=52.877
2026-10-02 03:02:45,270 INFO Relation normalization batch size=6 workers=6
2026-10-02 03:02:45,270 INFO Relation normalization request started observation=3883
2026-10-02 03:02:45,271 INFO Relation normalization request started observation=3884
2026-10-02 03:02:45,276 INFO Relation normalization request started observation=3885
2026-10-02 03:02:45,280 INFO Relation normalization request started observation=3886
2026-10-02 03:02:45,285 INFO Relation normalization request started observation=3887
2026-10-02 03:02:45,290 INFO Relation normalization request started observation=3888
2026-10-02 03:02:55,796 INFO Relation normalization request ended observation=3885 seconds=10.520
2026-10-02 03:03:03,170 INFO Relation normalization request ended observation=3886 seconds=17.889
2026-10-02 03:03:10,241 INFO Relation normalization request ended observation=3888 seconds=24.951
2026-10-02 03:03:24,734 INFO Relation normalization request ended observation=3884 seconds=39.463
2026-10-02 03:03:29,830 INFO Relation normalization request ended observation=3883 seconds=44.559
2026-10-02 03:04:05,814 INFO Relation normalization request ended observation=3887 seconds=80.529
2026-10-02 03:29:13,266 INFO Relation normalization batch size=5 workers=6
2026-10-02 03:29:13,268 INFO Relation normalization request started observation=3889
2026-10-02 03:29:13,273 INFO Relation normalization request started observation=3890
2026-10-02 03:29:13,277 INFO Relation normalization request started observation=3891
2026-10-02 03:29:13,281 INFO Relation normalization request started observation=3892
2026-10-02 03:29:13,286 INFO Relation normalization request started observation=3893
2026-10-02 03:29:22,541 INFO Relation normalization request ended observation=3893 seconds=9.255
2026-10-02 03:29:23,885 INFO Relation normalization request ended observation=3890 seconds=10.612
2026-10-02 03:29:34,295 INFO Relation normalization request ended observation=3892 seconds=21.014
2026-10-02 03:29:50,881 INFO Relation normalization request ended observation=3891 seconds=37.604
2026-10-02 03:30:14,897 INFO Relation normalization request ended observation=3889 seconds=61.629
2026-10-02 03:41:43,690 INFO Relation normalization batch size=11 workers=6
2026-10-02 03:41:43,691 INFO Relation normalization request started observation=3894
2026-10-02 03:41:43,695 INFO Relation normalization request started observation=3895
2026-10-02 03:41:43,700 INFO Relation normalization request started observation=3896
2026-10-02 03:41:43,701 INFO Relation normalization request started observation=3897
2026-10-02 03:41:43,709 INFO Relation normalization request started observation=3898
2026-10-02 03:41:43,714 INFO Relation normalization request started observation=3899
2026-10-02 03:42:01,347 INFO Relation normalization request ended observation=3894 seconds=17.657
2026-10-02 03:42:01,348 INFO Relation normalization request started observation=3900
2026-10-02 03:42:14,166 INFO Relation normalization request ended observation=3899 seconds=30.452
2026-10-02 03:42:14,166 INFO Relation normalization request started observation=3901
2026-10-02 03:42:16,593 INFO Relation normalization request ended observation=3898 seconds=32.883
2026-10-02 03:42:16,593 INFO Relation normalization request started observation=3902
2026-10-02 03:42:25,401 INFO Relation normalization request ended observation=3900 seconds=24.053
2026-10-02 03:42:25,401 INFO Relation normalization request started observation=3903
2026-10-02 03:42:25,682 INFO Relation normalization request ended observation=3895 seconds=41.987
2026-10-02 03:42:25,683 INFO Relation normalization request started observation=3904
2026-10-02 03:42:29,229 INFO Relation normalization request ended observation=3901 seconds=15.063
2026-10-02 03:42:32,249 INFO Relation normalization request ended observation=3897 seconds=48.548
2026-10-02 03:42:36,641 INFO Relation normalization request ended observation=3904 seconds=10.958
2026-10-02 03:42:42,225 INFO Relation normalization request ended observation=3896 seconds=58.525
2026-10-02 03:42:54,224 INFO Relation normalization request ended observation=3903 seconds=28.823
2026-10-02 03:43:26,957 INFO Relation normalization request ended observation=3902 seconds=70.364
2026-10-02 03:55:49,167 INFO Relation normalization batch size=5 workers=6
2026-10-02 03:55:49,168 INFO Relation normalization request started observation=3905
2026-10-02 03:55:49,172 INFO Relation normalization request started observation=3906
2026-10-02 03:55:49,177 INFO Relation normalization request started observation=3907
2026-10-02 03:55:49,183 INFO Relation normalization request started observation=3908
2026-10-02 03:55:49,184 INFO Relation normalization request started observation=3909
2026-10-02 03:56:00,135 INFO Relation normalization request ended observation=3908 seconds=10.952
2026-10-02 03:56:02,891 INFO Relation normalization request ended observation=3907 seconds=13.713
2026-10-02 03:56:11,843 INFO Relation normalization request ended observation=3909 seconds=22.659
2026-10-02 03:56:30,334 INFO Relation normalization request ended observation=3905 seconds=41.166
2026-10-02 03:56:49,777 INFO Relation normalization request ended observation=3906 seconds=60.604
2026-10-02 04:03:20,053 INFO Relation normalization batch size=4 workers=6
2026-10-02 04:03:20,053 INFO Relation normalization request started observation=3910
2026-10-02 04:03:20,058 INFO Relation normalization request started observation=3911
2026-10-02 04:03:20,069 INFO Relation normalization request started observation=3912
2026-10-02 04:03:20,074 INFO Relation normalization request started observation=3913
2026-10-02 04:03:38,557 INFO Relation normalization request ended observation=3910 seconds=18.504
2026-10-02 04:03:39,166 INFO Relation normalization request ended observation=3911 seconds=19.108
2026-10-02 04:03:47,812 INFO Relation normalization request ended observation=3912 seconds=27.743
2026-10-02 04:04:54,707 INFO Relation normalization request ended observation=3913 seconds=94.633
2026-10-02 04:16:55,977 WARNING 额度耗尽，暂停 600 秒后继续
2026-10-02 04:26:57,065 WARNING 额度耗尽，暂停 600 秒后继续
2026-10-02 04:36:58,209 WARNING 额度耗尽，暂停 600 秒后继续
2026-10-02 05:00:23,177 INFO Pipeline pass 2/3
2026-10-02 05:15:46,773 INFO Relation normalization batch size=25 workers=6
2026-10-02 05:15:46,774 INFO Relation normalization request started observation=3941
2026-10-02 05:15:46,779 INFO Relation normalization request started observation=3942
2026-10-02 05:15:46,784 INFO Relation normalization request started observation=3943
2026-10-02 05:15:46,790 INFO Relation normalization request started observation=3944
2026-10-02 05:15:46,793 INFO Relation normalization request started observation=3945
2026-10-02 05:15:46,800 INFO Relation normalization request started observation=3946
2026-10-02 05:16:08,440 INFO Relation normalization request ended observation=3945 seconds=21.646
2026-10-02 05:16:08,440 INFO Relation normalization request started observation=3947
2026-10-02 05:16:19,678 INFO Relation normalization request ended observation=3943 seconds=32.894
2026-10-02 05:16:19,678 INFO Relation normalization request started observation=3948
2026-10-02 05:16:33,131 INFO Relation normalization request ended observation=3944 seconds=46.341
2026-10-02 05:16:33,131 INFO Relation normalization request started observation=3949
2026-10-02 05:16:38,359 INFO Relation normalization request ended observation=3942 seconds=51.580
2026-10-02 05:16:38,359 INFO Relation normalization request started observation=3950
2026-10-02 05:16:39,915 INFO Relation normalization request ended observation=3941 seconds=53.141
2026-10-02 05:16:39,915 INFO Relation normalization request started observation=3951
2026-10-02 05:17:00,385 INFO Relation normalization request ended observation=3951 seconds=20.470
2026-10-02 05:17:00,386 INFO Relation normalization request started observation=3952
2026-10-02 05:17:03,657 INFO Relation normalization request ended observation=3950 seconds=25.297
2026-10-02 05:17:03,657 INFO Relation normalization request started observation=3953
2026-10-02 05:17:21,208 INFO Relation normalization request ended observation=3952 seconds=20.822
2026-10-02 05:17:21,208 INFO Relation normalization request started observation=3954
2026-10-02 05:17:21,594 INFO Relation normalization request ended observation=3948 seconds=61.915
2026-10-02 05:17:21,594 INFO Relation normalization request started observation=3955
2026-10-02 05:17:23,033 INFO Relation normalization request ended observation=3946 seconds=96.232
2026-10-02 05:17:23,033 INFO Relation normalization request started observation=3956
2026-10-02 05:17:30,602 INFO Relation normalization request ended observation=3949 seconds=57.471
2026-10-02 05:17:30,602 INFO Relation normalization request started observation=3957
2026-10-02 05:17:36,012 INFO Relation normalization request ended observation=3956 seconds=12.979
2026-10-02 05:17:36,012 INFO Relation normalization request started observation=3958
2026-10-02 05:17:37,345 INFO Relation normalization request ended observation=3953 seconds=33.689
2026-10-02 05:17:37,346 INFO Relation normalization request started observation=3959
2026-10-02 05:17:41,260 INFO Relation normalization request ended observation=3954 seconds=20.052
2026-10-02 05:17:41,260 INFO Relation normalization request started observation=3960
2026-10-02 05:18:01,815 INFO Relation normalization request ended observation=3959 seconds=24.469
2026-10-02 05:18:01,815 INFO Relation normalization request started observation=3961
2026-10-02 05:18:06,501 INFO Relation normalization request ended observation=3955 seconds=44.907
2026-10-02 05:18:06,501 INFO Relation normalization request started observation=3962
2026-10-02 05:18:07,420 INFO Relation normalization request ended observation=3947 seconds=118.980
2026-10-02 05:18:07,420 INFO Relation normalization request started observation=3963
2026-10-02 05:18:22,907 INFO Relation normalization request ended observation=3958 seconds=46.895
2026-10-02 05:18:22,907 INFO Relation normalization request started observation=3964
2026-10-02 05:18:26,713 INFO Relation normalization request ended observation=3961 seconds=24.898
2026-10-02 05:18:26,713 INFO Relation normalization request started observation=3965
2026-10-02 05:18:29,947 INFO Relation normalization request ended observation=3957 seconds=59.345
2026-10-02 05:18:39,320 INFO Relation normalization request ended observation=3964 seconds=16.413
2026-10-02 05:18:47,926 INFO Relation normalization request ended observation=3965 seconds=21.213
2026-10-02 05:18:49,917 INFO Relation normalization request ended observation=3960 seconds=68.657
2026-10-02 05:18:55,369 INFO Relation normalization request ended observation=3962 seconds=48.868
2026-10-02 05:19:23,758 INFO Relation normalization request ended observation=3963 seconds=76.337
2026-10-02 05:34:29,912 INFO Relation normalization batch size=19 workers=6
2026-10-02 05:34:29,912 INFO Relation normalization request started observation=3966
2026-10-02 05:34:29,913 INFO Relation normalization request started observation=3967
2026-10-02 05:34:29,916 INFO Relation normalization request started observation=3968
2026-10-02 05:34:29,920 INFO Relation normalization request started observation=3969
2026-10-02 05:34:29,929 INFO Relation normalization request started observation=3970
2026-10-02 05:34:29,933 INFO Relation normalization request started observation=3971
2026-10-02 05:34:41,482 INFO Relation normalization request ended observation=3971 seconds=11.549
2026-10-02 05:34:41,483 INFO Relation normalization request started observation=3972
2026-10-02 05:34:41,555 INFO Relation normalization request ended observation=3968 seconds=11.638
2026-10-02 05:34:41,555 INFO Relation normalization request started observation=3973
2026-10-02 05:34:43,813 INFO Relation normalization request ended observation=3966 seconds=13.901
2026-10-02 05:34:43,813 INFO Relation normalization request started observation=3974
2026-10-02 05:34:45,410 INFO Relation normalization request ended observation=3967 seconds=15.498
2026-10-02 05:34:45,411 INFO Relation normalization request started observation=3975
2026-10-02 05:34:49,610 INFO Relation normalization request ended observation=3970 seconds=19.680
2026-10-02 05:34:49,610 INFO Relation normalization request started observation=3976
2026-10-02 05:34:50,651 INFO Relation normalization request ended observation=3969 seconds=20.731
2026-10-02 05:34:50,652 INFO Relation normalization request started observation=3977
2026-10-02 05:34:56,978 INFO Relation normalization request ended observation=3974 seconds=13.165
2026-10-02 05:34:56,978 INFO Relation normalization request started observation=3978
2026-10-02 05:35:04,232 INFO Relation normalization request ended observation=3972 seconds=22.749
2026-10-02 05:35:04,232 INFO Relation normalization request started observation=3979
2026-10-02 05:35:06,009 INFO Relation normalization request ended observation=3973 seconds=24.454
2026-10-02 05:35:06,009 INFO Relation normalization request started observation=3980
2026-10-02 05:35:09,515 INFO Relation normalization request ended observation=3978 seconds=12.537
2026-10-02 05:35:09,516 INFO Relation normalization request started observation=3981
2026-10-02 05:35:15,979 INFO Relation normalization request ended observation=3975 seconds=30.568
2026-10-02 05:35:15,979 INFO Relation normalization request started observation=3982
2026-10-02 05:35:19,200 INFO Relation normalization request ended observation=3980 seconds=13.191
2026-10-02 05:35:19,201 INFO Relation normalization request started observation=3983
2026-10-02 05:35:31,912 INFO Relation normalization request ended observation=3982 seconds=15.933
2026-10-02 05:35:31,912 INFO Relation normalization request started observation=3984
2026-10-02 05:35:35,562 INFO Relation normalization request ended observation=3979 seconds=31.329
2026-10-02 05:35:39,088 INFO Relation normalization request ended observation=3976 seconds=49.478
2026-10-02 05:35:41,457 INFO Relation normalization request ended observation=3981 seconds=31.941
2026-10-02 05:35:46,004 INFO Relation normalization request ended observation=3983 seconds=26.804
2026-10-02 05:35:46,604 INFO Relation normalization request ended observation=3977 seconds=55.953
2026-10-02 05:35:47,498 INFO Relation normalization request ended observation=3984 seconds=15.586
2026-10-02 05:43:36,789 INFO Relation normalization batch size=23 workers=6
2026-10-02 05:43:36,789 INFO Relation normalization request started observation=3985
2026-10-02 05:43:36,790 INFO Relation normalization request started observation=3986
2026-10-02 05:43:36,791 INFO Relation normalization request started observation=3987
2026-10-02 05:43:36,793 INFO Relation normalization request started observation=3988
2026-10-02 05:43:36,796 INFO Relation normalization request started observation=3989
2026-10-02 05:43:36,798 INFO Relation normalization request started observation=3990
2026-10-02 05:43:45,655 INFO Relation normalization request ended observation=3988 seconds=8.862
2026-10-02 05:43:45,655 INFO Relation normalization request started observation=3991
2026-10-02 05:43:49,584 INFO Relation normalization request ended observation=3987 seconds=12.793
2026-10-02 05:43:49,584 INFO Relation normalization request started observation=3992
2026-10-02 05:43:55,418 INFO Relation normalization request ended observation=3986 seconds=18.629
2026-10-02 05:43:55,419 INFO Relation normalization request started observation=3993
2026-10-02 05:43:59,370 INFO Relation normalization request ended observation=3991 seconds=13.715
2026-10-02 05:43:59,370 INFO Relation normalization request started observation=3994
2026-10-02 05:44:01,678 INFO Relation normalization request ended observation=3989 seconds=24.882
2026-10-02 05:44:01,679 INFO Relation normalization request started observation=3995
2026-10-02 05:44:05,151 INFO Relation normalization request ended observation=3992 seconds=15.567
2026-10-02 05:44:05,151 INFO Relation normalization request started observation=3996
2026-10-02 05:44:10,329 INFO Relation normalization request ended observation=3990 seconds=33.532
2026-10-02 05:44:10,330 INFO Relation normalization request started observation=3997
2026-10-02 05:44:15,730 INFO Relation normalization request ended observation=3994 seconds=16.360
2026-10-02 05:44:15,730 INFO Relation normalization request started observation=3998
2026-10-02 05:44:18,029 INFO Relation normalization request ended observation=3996 seconds=12.878
2026-10-02 05:44:18,029 INFO Relation normalization request started observation=3999
2026-10-02 05:44:18,455 INFO Relation normalization request ended observation=3993 seconds=23.036
2026-10-02 05:44:18,455 INFO Relation normalization request started observation=4000
2026-10-02 05:44:21,155 INFO Relation normalization request ended observation=3995 seconds=19.476
2026-10-02 05:44:21,155 INFO Relation normalization request started observation=4001
2026-10-02 05:44:25,017 INFO Relation normalization request ended observation=3997 seconds=14.687
2026-10-02 05:44:25,017 INFO Relation normalization request started observation=4002
2026-10-02 05:44:27,756 INFO Relation normalization request ended observation=3985 seconds=50.967
2026-10-02 05:44:27,756 INFO Relation normalization request started observation=4003
2026-10-02 05:44:30,813 INFO Relation normalization request ended observation=4001 seconds=9.657
2026-10-02 05:44:30,813 INFO Relation normalization request started observation=4004
2026-10-02 05:44:41,318 INFO Relation normalization request ended observation=4003 seconds=13.562
2026-10-02 05:44:41,319 INFO Relation normalization request started observation=4005
2026-10-02 05:44:42,571 INFO Relation normalization request ended observation=3999 seconds=24.542
2026-10-02 05:44:42,572 INFO Relation normalization request started observation=4006
2026-10-02 05:44:47,053 INFO Relation normalization request ended observation=4002 seconds=22.036
2026-10-02 05:44:47,053 INFO Relation normalization request started observation=4007
2026-10-02 05:44:54,911 INFO Relation normalization request ended observation=3998 seconds=39.181
2026-10-02 05:44:57,369 INFO Relation normalization request ended observation=4005 seconds=16.051
2026-10-02 05:45:05,051 INFO Relation normalization request ended observation=4006 seconds=22.480
2026-10-02 05:45:22,181 INFO Relation normalization request ended observation=4004 seconds=51.369
2026-10-02 05:45:41,918 INFO Relation normalization request ended observation=4007 seconds=54.865
2026-10-02 05:46:08,448 INFO Relation normalization request ended observation=4000 seconds=109.993
2026-10-02 05:55:00,804 INFO Relation normalization batch size=15 workers=6
2026-10-02 05:55:00,809 INFO Relation normalization request started observation=4008
2026-10-02 05:55:00,809 INFO Relation normalization request started observation=4009
2026-10-02 05:55:00,814 INFO Relation normalization request started observation=4010
2026-10-02 05:55:00,816 INFO Relation normalization request started observation=4011
2026-10-02 05:55:00,818 INFO Relation normalization request started observation=4012
2026-10-02 05:55:00,820 INFO Relation normalization request started observation=4013
2026-10-02 05:55:07,345 INFO Relation normalization request ended observation=4008 seconds=6.537
2026-10-02 05:55:07,346 INFO Relation normalization request started observation=4014
2026-10-02 05:55:14,045 INFO Relation normalization request ended observation=4013 seconds=13.225
2026-10-02 05:55:14,045 INFO Relation normalization request started observation=4015
2026-10-02 05:55:14,289 INFO Relation normalization request ended observation=4009 seconds=13.480
2026-10-02 05:55:14,289 INFO Relation normalization request started observation=3302
2026-10-02 05:55:14,470 INFO Relation normalization request ended observation=4010 seconds=13.656
2026-10-02 05:55:14,470 INFO Relation normalization request started observation=4016
2026-10-02 05:55:24,223 INFO Relation normalization request ended observation=4012 seconds=23.405
2026-10-02 05:55:24,223 INFO Relation normalization request started observation=4017
2026-10-02 05:55:33,125 INFO Relation normalization request ended observation=4011 seconds=32.309
2026-10-02 05:55:33,125 INFO Relation normalization request started observation=4018
2026-10-02 05:55:39,826 INFO Relation normalization request ended observation=4016 seconds=25.356
2026-10-02 05:55:39,826 INFO Relation normalization request started observation=4019
2026-10-02 05:55:46,258 INFO Relation normalization request ended observation=4017 seconds=22.034
2026-10-02 05:55:46,258 INFO Relation normalization request started observation=4020
2026-10-02 05:55:53,270 INFO Relation normalization request ended observation=4019 seconds=13.444
2026-10-02 05:55:53,270 INFO Relation normalization request started observation=4021
2026-10-02 05:55:55,454 INFO Relation normalization request ended observation=4020 seconds=9.196
2026-10-02 05:56:01,753 INFO Relation normalization request ended observation=4018 seconds=28.628
2026-10-02 05:56:25,936 INFO Relation normalization request ended observation=4021 seconds=32.666
2026-10-02 05:56:26,117 INFO Relation normalization request ended observation=4015 seconds=72.072
2026-10-02 05:56:29,288 INFO Relation normalization request ended observation=4014 seconds=81.942
2026-10-02 05:57:03,154 INFO Relation normalization request ended observation=3302 seconds=108.864
2026-10-02 06:05:24,533 INFO Relation normalization batch size=18 workers=6
2026-10-02 06:05:24,533 INFO Relation normalization request started observation=4022
2026-10-02 06:05:24,535 INFO Relation normalization request started observation=4023
2026-10-02 06:05:24,537 INFO Relation normalization request started observation=4024
2026-10-02 06:05:24,539 INFO Relation normalization request started observation=4025
2026-10-02 06:05:24,540 INFO Relation normalization request started observation=4026
2026-10-02 06:05:24,542 INFO Relation normalization request started observation=4027
2026-10-02 06:05:33,802 INFO Relation normalization request ended observation=4025 seconds=9.263
2026-10-02 06:05:33,802 INFO Relation normalization request started observation=4028
2026-10-02 06:05:37,579 INFO Relation normalization request ended observation=4026 seconds=13.038
2026-10-02 06:05:37,579 INFO Relation normalization request started observation=4029
2026-10-02 06:05:56,478 INFO Relation normalization request ended observation=4028 seconds=22.676
2026-10-02 06:05:56,478 INFO Relation normalization request started observation=4030
2026-10-02 06:05:56,544 INFO Relation normalization request ended observation=4027 seconds=32.002
2026-10-02 06:05:56,544 INFO Relation normalization request started observation=4031
2026-10-02 06:06:08,708 INFO Relation normalization request ended observation=4024 seconds=44.171
2026-10-02 06:06:08,708 INFO Relation normalization request started observation=4032
2026-10-02 06:06:12,480 INFO Relation normalization request ended observation=4030 seconds=16.003
2026-10-02 06:06:12,481 INFO Relation normalization request started observation=4033
2026-10-02 06:06:13,562 INFO Relation normalization request ended observation=4029 seconds=35.983
2026-10-02 06:06:13,562 INFO Relation normalization request started observation=4034
2026-10-02 06:06:19,440 INFO Relation normalization request ended observation=4023 seconds=54.905
2026-10-02 06:06:19,440 INFO Relation normalization request started observation=4035
2026-10-02 06:06:20,154 INFO Relation normalization request ended observation=4031 seconds=23.610
2026-10-02 06:06:20,154 INFO Relation normalization request started observation=4036
2026-10-02 06:06:27,323 INFO Relation normalization request ended observation=4034 seconds=13.761
2026-10-02 06:06:27,324 INFO Relation normalization request started observation=4037
2026-10-02 06:06:34,487 INFO Relation normalization request ended observation=4022 seconds=69.953
2026-10-02 06:06:34,487 INFO Relation normalization request started observation=4038
2026-10-02 06:06:37,109 INFO Relation normalization request ended observation=4032 seconds=28.400
2026-10-02 06:06:37,109 INFO Relation normalization request started observation=4039
2026-10-02 06:06:47,734 INFO Relation normalization request ended observation=4038 seconds=13.248
2026-10-02 06:06:52,087 INFO Relation normalization request ended observation=4039 seconds=14.978
2026-10-02 06:07:03,268 INFO Relation normalization request ended observation=4035 seconds=43.828
2026-10-02 06:07:04,350 INFO Relation normalization request ended observation=4036 seconds=44.196
2026-10-02 06:07:47,943 INFO Relation normalization request ended observation=4033 seconds=95.462
2026-10-02 06:08:05,983 INFO Relation normalization request ended observation=4037 seconds=98.660
2026-10-02 06:15:40,781 INFO Relation normalization batch size=15 workers=6
2026-10-02 06:15:40,781 INFO Relation normalization request started observation=4040
2026-10-02 06:15:40,781 INFO Relation normalization request started observation=4041
2026-10-02 06:15:40,783 INFO Relation normalization request started observation=4042
2026-10-02 06:15:40,783 INFO Relation normalization request started observation=4043
2026-10-02 06:15:40,785 INFO Relation normalization request started observation=4044
2026-10-02 06:15:40,787 INFO Relation normalization request started observation=4045
2026-10-02 06:15:53,785 INFO Relation normalization request ended observation=4043 seconds=13.001
2026-10-02 06:15:53,785 INFO Relation normalization request started observation=4046
2026-10-02 06:15:59,302 INFO Relation normalization request ended observation=4045 seconds=18.515
2026-10-02 06:15:59,303 INFO Relation normalization request started observation=4047
2026-10-02 06:16:07,017 INFO Relation normalization request ended observation=4041 seconds=26.236
2026-10-02 06:16:07,017 INFO Relation normalization request started observation=4048
2026-10-02 06:16:09,077 INFO Relation normalization request ended observation=4046 seconds=15.292
2026-10-02 06:16:09,077 INFO Relation normalization request started observation=4049
2026-10-02 06:16:10,277 INFO Relation normalization request ended observation=4040 seconds=29.496
2026-10-02 06:16:10,277 INFO Relation normalization request started observation=4050
2026-10-02 06:16:31,455 INFO Relation normalization request ended observation=4048 seconds=24.437
2026-10-02 06:16:31,455 INFO Relation normalization request started observation=4051
2026-10-02 06:16:41,659 INFO Relation normalization request ended observation=4049 seconds=32.582
2026-10-02 06:16:41,660 INFO Relation normalization request started observation=4052
2026-10-02 06:16:47,054 INFO Relation normalization request ended observation=4047 seconds=47.752
2026-10-02 06:16:47,055 INFO Relation normalization request started observation=4053
2026-10-02 06:16:52,234 INFO Relation normalization request ended observation=4044 seconds=71.449
2026-10-02 06:16:52,234 INFO Relation normalization request started observation=4054
2026-10-02 06:17:09,581 INFO Relation normalization request ended observation=4042 seconds=88.798
2026-10-02 06:17:12,968 INFO Relation normalization request ended observation=4053 seconds=25.913
2026-10-02 06:17:15,888 INFO Relation normalization request ended observation=4051 seconds=44.433
2026-10-02 06:17:18,867 INFO Relation normalization request ended observation=4052 seconds=37.207
2026-10-02 06:17:56,561 INFO Relation normalization request ended observation=4050 seconds=106.284
2026-10-02 06:18:31,151 INFO Relation normalization request ended observation=4054 seconds=98.917
2026-10-02 06:26:06,609 INFO Relation normalization batch size=21 workers=6
2026-10-02 06:26:06,609 INFO Relation normalization request started observation=4055
2026-10-02 06:26:06,610 INFO Relation normalization request started observation=4056
2026-10-02 06:26:06,613 INFO Relation normalization request started observation=4057
2026-10-02 06:26:06,615 INFO Relation normalization request started observation=4058
2026-10-02 06:26:06,617 INFO Relation normalization request started observation=4059
2026-10-02 06:26:06,618 INFO Relation normalization request started observation=4060
2026-10-02 06:26:23,212 INFO Relation normalization request ended observation=4057 seconds=16.599
2026-10-02 06:26:23,212 INFO Relation normalization request started observation=4061
2026-10-02 06:26:28,565 INFO Relation normalization request ended observation=4055 seconds=21.956
2026-10-02 06:26:28,566 INFO Relation normalization request started observation=4062
2026-10-02 06:26:30,586 INFO Relation normalization request ended observation=4056 seconds=23.976
2026-10-02 06:26:30,586 INFO Relation normalization request started observation=4063
2026-10-02 06:26:35,824 INFO Relation normalization request ended observation=4058 seconds=29.210
2026-10-02 06:26:35,825 INFO Relation normalization request started observation=4064
2026-10-02 06:26:41,027 INFO Relation normalization request ended observation=4063 seconds=10.441
2026-10-02 06:26:41,027 INFO Relation normalization request started observation=4065
2026-10-02 06:26:42,207 INFO Relation normalization request ended observation=4062 seconds=13.641
2026-10-02 06:26:42,207 INFO Relation normalization request started observation=4066
2026-10-02 06:26:46,686 INFO Relation normalization request ended observation=4059 seconds=40.069
2026-10-02 06:26:46,686 INFO Relation normalization request started observation=4067
2026-10-02 06:27:00,805 INFO Relation normalization request ended observation=4064 seconds=24.980
2026-10-02 06:27:00,805 INFO Relation normalization request started observation=4068
2026-10-02 06:27:08,029 INFO Relation normalization request ended observation=4065 seconds=27.002
2026-10-02 06:27:08,029 INFO Relation normalization request started observation=4069
2026-10-02 06:27:11,338 INFO Relation normalization request ended observation=4061 seconds=48.126
2026-10-02 06:27:11,338 INFO Relation normalization request started observation=4070
2026-10-02 06:27:11,505 INFO Relation normalization request ended observation=4067 seconds=24.819
2026-10-02 06:27:11,506 INFO Relation normalization request started observation=4071
2026-10-02 06:27:23,222 INFO Relation normalization request ended observation=4068 seconds=22.417
2026-10-02 06:27:23,222 INFO Relation normalization request started observation=4072
2026-10-02 06:27:26,823 INFO Relation normalization request ended observation=4060 seconds=80.205
2026-10-02 06:27:26,823 INFO Relation normalization request started observation=4073
2026-10-02 06:27:40,805 INFO Relation normalization request ended observation=4069 seconds=32.776
2026-10-02 06:27:40,806 INFO Relation normalization request started observation=4074
2026-10-02 06:27:42,702 INFO Relation normalization request ended observation=4066 seconds=60.495
2026-10-02 06:27:42,702 INFO Relation normalization request started observation=4075
2026-10-02 06:27:46,780 INFO Relation normalization request ended observation=4073 seconds=19.957
2026-10-02 06:27:53,761 INFO Relation normalization request ended observation=4071 seconds=42.255
2026-10-02 06:27:57,248 INFO Relation normalization request ended observation=4074 seconds=16.442
2026-10-02 06:28:02,963 INFO Relation normalization request ended observation=4075 seconds=20.261
2026-10-02 06:28:03,471 INFO Relation normalization request ended observation=4072 seconds=40.249
2026-10-02 06:28:05,330 INFO Relation normalization request ended observation=4070 seconds=53.992
2026-10-02 06:34:26,295 INFO Relation normalization batch size=10 workers=6
2026-10-02 06:34:26,295 INFO Relation normalization request started observation=4076
2026-10-02 06:34:26,297 INFO Relation normalization request started observation=4077
2026-10-02 06:34:26,299 INFO Relation normalization request started observation=4078
2026-10-02 06:34:26,299 INFO Relation normalization request started observation=4079
2026-10-02 06:34:26,302 INFO Relation normalization request started observation=4080
2026-10-02 06:34:26,304 INFO Relation normalization request started observation=4081
2026-10-02 06:34:52,391 INFO Relation normalization request ended observation=4076 seconds=26.096
2026-10-02 06:34:52,392 INFO Relation normalization request started observation=4082
2026-10-02 06:35:07,720 INFO Relation normalization request ended observation=4077 seconds=41.424
2026-10-02 06:35:07,721 INFO Relation normalization request started observation=4083
2026-10-02 06:35:20,190 INFO Relation normalization request ended observation=4078 seconds=53.892
2026-10-02 06:35:20,190 INFO Relation normalization request started observation=4084
2026-10-02 06:35:22,576 INFO Relation normalization request ended observation=4079 seconds=56.277
2026-10-02 06:35:22,576 INFO Relation normalization request started observation=4085
2026-10-02 06:35:27,093 INFO Relation normalization request ended observation=4083 seconds=19.372
2026-10-02 06:35:40,603 INFO Relation normalization request ended observation=4082 seconds=48.211
2026-10-02 06:35:46,372 INFO Relation normalization request ended observation=4084 seconds=26.181
2026-10-02 06:35:49,858 INFO Relation normalization request ended observation=4081 seconds=83.554
2026-10-02 06:36:07,754 INFO Relation normalization request ended observation=4085 seconds=45.178
2026-10-02 06:36:24,129 INFO Relation normalization request ended observation=4080 seconds=117.827
2026-10-02 06:50:25,376 INFO Relation normalization batch size=27 workers=6
2026-10-02 06:50:25,376 INFO Relation normalization request started observation=4086
2026-10-02 06:50:25,378 INFO Relation normalization request started observation=4087
2026-10-02 06:50:25,380 INFO Relation normalization request started observation=4088
2026-10-02 06:50:25,382 INFO Relation normalization request started observation=4089
2026-10-02 06:50:25,384 INFO Relation normalization request started observation=4090
2026-10-02 06:50:25,385 INFO Relation normalization request started observation=4091
2026-10-02 06:50:39,641 INFO Relation normalization request ended observation=4091 seconds=14.256
2026-10-02 06:50:39,641 INFO Relation normalization request started observation=4092
2026-10-02 06:50:40,036 INFO Relation normalization request ended observation=4088 seconds=14.656
2026-10-02 06:50:40,036 INFO Relation normalization request started observation=4093
2026-10-02 06:50:44,749 INFO Relation normalization request ended observation=4089 seconds=19.367
2026-10-02 06:50:44,749 INFO Relation normalization request started observation=4094
2026-10-02 06:50:46,782 INFO Relation normalization request ended observation=4090 seconds=21.399
2026-10-02 06:50:46,783 INFO Relation normalization request started observation=4095
2026-10-02 06:50:48,151 INFO Relation normalization request ended observation=4087 seconds=22.772
2026-10-02 06:50:48,151 INFO Relation normalization request started observation=4096
2026-10-02 06:50:54,010 INFO Relation normalization request ended observation=4092 seconds=14.369
2026-10-02 06:50:54,010 INFO Relation normalization request started observation=4097
2026-10-02 06:51:00,837 INFO Relation normalization request ended observation=4093 seconds=20.801
2026-10-02 06:51:00,837 INFO Relation normalization request started observation=4098
2026-10-02 06:51:01,267 INFO Relation normalization request ended observation=4086 seconds=35.890
2026-10-02 06:51:01,267 INFO Relation normalization request started observation=4099
2026-10-02 06:51:05,389 INFO Relation normalization request ended observation=4094 seconds=20.639
2026-10-02 06:51:05,389 INFO Relation normalization request started observation=4100
2026-10-02 06:51:18,494 INFO Relation normalization request ended observation=4097 seconds=24.483
2026-10-02 06:51:18,494 INFO Relation normalization request started observation=4101
2026-10-02 06:51:24,824 INFO Relation normalization request ended observation=4100 seconds=19.435
2026-10-02 06:51:24,824 INFO Relation normalization request started observation=4102
2026-10-02 06:51:32,989 INFO Relation normalization request ended observation=4099 seconds=31.722
2026-10-02 06:51:32,989 INFO Relation normalization request started observation=4103
2026-10-02 06:51:37,776 INFO Relation normalization request ended observation=4098 seconds=36.939
2026-10-02 06:51:37,776 INFO Relation normalization request started observation=4104
2026-10-02 06:51:45,917 INFO Relation normalization request ended observation=4101 seconds=27.423
2026-10-02 06:51:45,917 INFO Relation normalization request started observation=4105
2026-10-02 06:51:52,889 INFO Relation normalization request ended observation=4103 seconds=19.900
2026-10-02 06:51:52,889 INFO Relation normalization request started observation=4106
2026-10-02 06:51:55,732 INFO Relation normalization request ended observation=4102 seconds=30.908
2026-10-02 06:51:55,732 INFO Relation normalization request started observation=4107
2026-10-02 06:52:17,004 INFO Relation normalization request ended observation=4104 seconds=39.228
2026-10-02 06:52:17,004 INFO Relation normalization request started observation=4108
2026-10-02 06:52:17,033 INFO Relation normalization request ended observation=4096 seconds=88.882
2026-10-02 06:52:17,033 INFO Relation normalization request started observation=4109
2026-10-02 06:52:23,838 INFO Relation normalization request ended observation=4095 seconds=97.056
2026-10-02 06:52:23,839 INFO Relation normalization request started observation=4110
2026-10-02 06:52:27,868 INFO Relation normalization request ended observation=4105 seconds=41.950
2026-10-02 06:52:27,868 INFO Relation normalization request started observation=4111
2026-10-02 06:52:32,755 INFO Relation normalization request ended observation=4107 seconds=37.023
2026-10-02 06:52:32,755 INFO Relation normalization request started observation=4112
2026-10-02 06:52:36,676 INFO Relation normalization request ended observation=4111 seconds=8.808
2026-10-02 06:52:56,105 INFO Relation normalization request ended observation=4110 seconds=32.266
2026-10-02 06:53:04,494 INFO Relation normalization request ended observation=4106 seconds=71.605
2026-10-02 06:53:12,322 INFO Relation normalization request ended observation=4108 seconds=55.318
2026-10-02 06:53:28,694 INFO Relation normalization request ended observation=4109 seconds=71.661
2026-10-02 06:53:43,179 INFO Relation normalization request ended observation=4112 seconds=70.424
2026-10-02 07:04:44,503 INFO Relation normalization batch size=10 workers=6
2026-10-02 07:04:44,503 INFO Relation normalization request started observation=4113
2026-10-02 07:04:44,505 INFO Relation normalization request started observation=4114
2026-10-02 07:04:44,507 INFO Relation normalization request started observation=4115
2026-10-02 07:04:44,508 INFO Relation normalization request started observation=4116
2026-10-02 07:04:44,510 INFO Relation normalization request started observation=4117
2026-10-02 07:04:44,512 INFO Relation normalization request started observation=4118
2026-10-02 07:05:06,195 INFO Relation normalization request ended observation=4117 seconds=21.685
2026-10-02 07:05:06,196 INFO Relation normalization request started observation=4119
2026-10-02 07:05:11,708 INFO Relation normalization request ended observation=4116 seconds=27.200
2026-10-02 07:05:11,708 INFO Relation normalization request started observation=4120
2026-10-02 07:05:15,059 INFO Relation normalization request ended observation=4114 seconds=30.554
2026-10-02 07:05:15,059 INFO Relation normalization request started observation=4121
2026-10-02 07:05:15,706 INFO Relation normalization request ended observation=4118 seconds=31.194
2026-10-02 07:05:15,706 INFO Relation normalization request started observation=4122
2026-10-02 07:05:21,539 INFO Relation normalization request ended observation=4119 seconds=15.344
2026-10-02 07:05:23,937 INFO Relation normalization request ended observation=4113 seconds=39.434
2026-10-02 07:05:24,741 INFO Relation normalization request ended observation=4120 seconds=13.033
2026-10-02 07:05:26,047 INFO Relation normalization request ended observation=4122 seconds=10.341
2026-10-02 07:05:29,101 INFO Relation normalization request ended observation=4121 seconds=14.042
2026-10-02 07:06:11,611 INFO Relation normalization request ended observation=4115 seconds=87.104
2026-10-02 07:15:36,328 INFO Relation normalization batch size=18 workers=6
2026-10-02 07:15:36,328 INFO Relation normalization request started observation=4123
2026-10-02 07:15:36,328 INFO Relation normalization request started observation=4124
2026-10-02 07:15:36,332 INFO Relation normalization request started observation=4125
2026-10-02 07:15:36,334 INFO Relation normalization request started observation=4126
2026-10-02 07:15:36,336 INFO Relation normalization request started observation=4127
2026-10-02 07:15:36,338 INFO Relation normalization request started observation=4128
2026-10-02 07:15:47,333 INFO Relation normalization request ended observation=4128 seconds=10.995
2026-10-02 07:15:47,333 INFO Relation normalization request started observation=4129
2026-10-02 07:15:51,860 INFO Relation normalization request ended observation=4127 seconds=15.524
2026-10-02 07:15:51,860 INFO Relation normalization request started observation=4130
2026-10-02 07:16:13,445 INFO Relation normalization request ended observation=4125 seconds=37.113
2026-10-02 07:16:13,445 INFO Relation normalization request started observation=4131
2026-10-02 07:16:22,810 INFO Relation normalization request ended observation=4124 seconds=46.481
2026-10-02 07:16:22,810 INFO Relation normalization request started observation=4132
2026-10-02 07:16:28,037 INFO Relation normalization request ended observation=4131 seconds=14.592
2026-10-02 07:16:28,037 INFO Relation normalization request started observation=4133
2026-10-02 07:16:34,400 INFO Relation normalization request ended observation=4123 seconds=58.072
2026-10-02 07:16:34,400 INFO Relation normalization request started observation=4134
2026-10-02 07:16:40,287 INFO Relation normalization request ended observation=4129 seconds=52.954
2026-10-02 07:16:40,287 INFO Relation normalization request started observation=4135
2026-10-02 07:16:43,041 INFO Relation normalization request ended observation=4133 seconds=15.004
2026-10-02 07:16:43,041 INFO Relation normalization request started observation=4136
2026-10-02 07:16:45,977 INFO Relation normalization request ended observation=4130 seconds=54.118
2026-10-02 07:16:45,978 INFO Relation normalization request started observation=4137
2026-10-02 07:16:54,134 INFO Relation normalization request ended observation=4135 seconds=13.847
2026-10-02 07:16:54,134 INFO Relation normalization request started observation=4138
2026-10-02 07:17:02,059 INFO Relation normalization request ended observation=4137 seconds=16.081
2026-10-02 07:17:02,059 INFO Relation normalization request started observation=4139
2026-10-02 07:17:02,821 INFO Relation normalization request ended observation=4126 seconds=86.487
2026-10-02 07:17:02,821 INFO Relation normalization request started observation=4140
2026-10-02 07:17:11,855 INFO Relation normalization request ended observation=4132 seconds=49.046
2026-10-02 07:17:17,374 INFO Relation normalization request ended observation=4138 seconds=23.240
2026-10-02 07:17:28,748 INFO Relation normalization request ended observation=4140 seconds=25.927
2026-10-02 07:17:31,026 INFO Relation normalization request ended observation=4136 seconds=47.986
2026-10-02 07:17:38,262 INFO Relation normalization request ended observation=4134 seconds=63.862
2026-10-02 07:18:15,120 INFO Relation normalization request ended observation=4139 seconds=73.061
2026-10-02 07:29:23,817 INFO Relation normalization batch size=10 workers=6
2026-10-02 07:29:23,818 INFO Relation normalization request started observation=4141
2026-10-02 07:29:23,818 INFO Relation normalization request started observation=4142
2026-10-02 07:29:23,820 INFO Relation normalization request started observation=4143
2026-10-02 07:29:23,822 INFO Relation normalization request started observation=4144
2026-10-02 07:29:23,823 INFO Relation normalization request started observation=4145
2026-10-02 07:29:23,825 INFO Relation normalization request started observation=4146
2026-10-02 07:29:32,691 INFO Relation normalization request ended observation=4144 seconds=8.869
2026-10-02 07:29:32,692 INFO Relation normalization request started observation=4147
2026-10-02 07:29:34,128 INFO Relation normalization request ended observation=4146 seconds=10.303
2026-10-02 07:29:34,128 INFO Relation normalization request started observation=4148
2026-10-02 07:29:34,148 INFO Relation normalization request ended observation=4142 seconds=10.330
2026-10-02 07:29:34,148 INFO Relation normalization request started observation=4149
2026-10-02 07:29:36,904 INFO Relation normalization request ended observation=4141 seconds=13.086
2026-10-02 07:29:36,904 INFO Relation normalization request started observation=4150
2026-10-02 07:29:41,393 INFO Relation normalization request ended observation=4145 seconds=17.571
2026-10-02 07:29:43,643 INFO Relation normalization request ended observation=4148 seconds=9.514
2026-10-02 07:29:51,785 INFO Relation normalization request ended observation=4150 seconds=14.881
2026-10-02 07:30:08,461 INFO Relation normalization request ended observation=4143 seconds=44.640
2026-10-02 07:30:17,589 INFO Relation normalization request ended observation=4149 seconds=43.441
2026-10-02 07:30:35,148 INFO Relation normalization request ended observation=4147 seconds=62.456
2026-10-02 07:38:21,434 INFO Relation normalization batch size=10 workers=6
2026-10-02 07:38:21,440 INFO Relation normalization request started observation=4151
2026-10-02 07:38:21,442 INFO Relation normalization request started observation=4152
2026-10-02 07:38:21,443 INFO Relation normalization request started observation=4153
2026-10-02 07:38:21,445 INFO Relation normalization request started observation=4154
2026-10-02 07:38:21,445 INFO Relation normalization request started observation=4155
2026-10-02 07:38:21,449 INFO Relation normalization request started observation=4156
2026-10-02 07:38:45,626 INFO Relation normalization request ended observation=4153 seconds=24.182
2026-10-02 07:38:45,626 INFO Relation normalization request started observation=4157
2026-10-02 07:38:55,879 INFO Relation normalization request ended observation=4152 seconds=34.438
2026-10-02 07:38:55,884 INFO Relation normalization request started observation=4158
2026-10-02 07:39:05,980 INFO Relation normalization request ended observation=4156 seconds=44.531
2026-10-02 07:39:05,980 INFO Relation normalization request started observation=4159
2026-10-02 07:39:08,911 INFO Relation normalization request ended observation=4157 seconds=23.285
2026-10-02 07:39:08,911 INFO Relation normalization request started observation=4160
2026-10-02 07:39:16,045 INFO Relation normalization request ended observation=4155 seconds=54.599
2026-10-02 07:39:18,144 INFO Relation normalization request ended observation=4158 seconds=22.260
2026-10-02 07:39:25,964 INFO Relation normalization request ended observation=4160 seconds=17.052
2026-10-02 07:39:26,417 INFO Relation normalization request ended observation=4154 seconds=64.972
2026-10-02 07:39:36,043 INFO Relation normalization request ended observation=4151 seconds=74.603
2026-10-02 07:40:03,565 INFO Relation normalization request ended observation=4159 seconds=57.585
2026-10-02 07:41:44,619 INFO Relation normalization batch size=2 workers=6
2026-10-02 07:41:44,620 INFO Relation normalization request started observation=4161
2026-10-02 07:41:44,621 INFO Relation normalization request started observation=4162
2026-10-02 07:41:58,337 INFO Relation normalization request ended observation=4161 seconds=13.717
2026-10-02 07:42:48,159 INFO Relation normalization request ended observation=4162 seconds=63.538
2026-10-02 07:48:26,073 INFO Relation normalization batch size=12 workers=6
2026-10-02 07:48:26,074 INFO Relation normalization request started observation=4163
2026-10-02 07:48:26,074 INFO Relation normalization request started observation=4164
2026-10-02 07:48:26,077 INFO Relation normalization request started observation=4165
2026-10-02 07:48:26,079 INFO Relation normalization request started observation=4166
2026-10-02 07:48:26,081 INFO Relation normalization request started observation=4167
2026-10-02 07:48:26,082 INFO Relation normalization request started observation=4168
2026-10-02 07:48:32,835 INFO Relation normalization request ended observation=4165 seconds=6.758
2026-10-02 07:48:32,835 INFO Relation normalization request started observation=4169
2026-10-02 07:48:34,457 INFO Relation normalization request ended observation=4168 seconds=8.374
2026-10-02 07:48:34,457 INFO Relation normalization request started observation=4170
2026-10-02 07:48:35,386 INFO Relation normalization request ended observation=4163 seconds=9.312
2026-10-02 07:48:35,386 INFO Relation normalization request started observation=4171
2026-10-02 07:48:36,275 INFO Relation normalization request ended observation=4167 seconds=10.194
2026-10-02 07:48:36,275 INFO Relation normalization request started observation=4172
2026-10-02 07:48:39,121 INFO Relation normalization request ended observation=4166 seconds=13.042
2026-10-02 07:48:39,121 INFO Relation normalization request started observation=4173
2026-10-02 07:48:43,000 INFO Relation normalization request ended observation=4164 seconds=16.926
2026-10-02 07:48:43,000 INFO Relation normalization request started observation=4174
2026-10-02 07:48:45,695 INFO Relation normalization request ended observation=4169 seconds=12.860
2026-10-02 07:48:47,689 INFO Relation normalization request ended observation=4172 seconds=11.414
2026-10-02 07:49:14,939 INFO Relation normalization request ended observation=4173 seconds=35.818
2026-10-02 07:49:17,857 INFO Relation normalization request ended observation=4170 seconds=43.400
2026-10-02 07:49:55,297 INFO Relation normalization request ended observation=4174 seconds=72.297
2026-10-02 07:50:03,137 INFO Relation normalization request ended observation=4171 seconds=87.751
2026-10-02 07:54:49,000 INFO Relation normalization batch size=8 workers=6
2026-10-02 07:54:49,005 INFO Relation normalization request started observation=4175
2026-10-02 07:54:49,005 INFO Relation normalization request started observation=4176
2026-10-02 07:54:49,007 INFO Relation normalization request started observation=4177
2026-10-02 07:54:49,010 INFO Relation normalization request started observation=4178
2026-10-02 07:54:49,012 INFO Relation normalization request started observation=4179
2026-10-02 07:54:49,014 INFO Relation normalization request started observation=4180
2026-10-02 07:55:00,203 INFO Relation normalization request ended observation=4177 seconds=11.196
2026-10-02 07:55:00,203 INFO Relation normalization request started observation=4181
2026-10-02 07:55:03,325 INFO Relation normalization request ended observation=4180 seconds=14.311
2026-10-02 07:55:03,325 INFO Relation normalization request started observation=4182
2026-10-02 07:55:07,989 INFO Relation normalization request ended observation=4176 seconds=18.984
2026-10-02 07:55:10,632 INFO Relation normalization request ended observation=4179 seconds=21.620
2026-10-02 07:55:17,885 INFO Relation normalization request ended observation=4182 seconds=14.559
2026-10-02 07:55:19,331 INFO Relation normalization request ended observation=4181 seconds=19.128
2026-10-02 07:55:43,667 INFO Relation normalization request ended observation=4178 seconds=54.656
2026-10-02 07:55:50,887 INFO Relation normalization request ended observation=4175 seconds=61.882
2026-10-02 07:59:41,274 INFO Relation normalization batch size=6 workers=6
2026-10-02 07:59:41,274 INFO Relation normalization request started observation=4183
2026-10-02 07:59:41,274 INFO Relation normalization request started observation=4184
2026-10-02 07:59:41,278 INFO Relation normalization request started observation=4185
2026-10-02 07:59:41,280 INFO Relation normalization request started observation=4186
2026-10-02 07:59:41,282 INFO Relation normalization request started observation=4187
2026-10-02 07:59:41,283 INFO Relation normalization request started observation=4188
2026-10-02 07:59:48,971 INFO Relation normalization request ended observation=4185 seconds=7.693
2026-10-02 07:59:49,093 INFO Relation normalization request ended observation=4187 seconds=7.811
2026-10-02 07:59:54,683 INFO Relation normalization request ended observation=4184 seconds=13.409
2026-10-02 08:00:00,612 INFO Relation normalization request ended observation=4183 seconds=19.337
2026-10-02 08:00:34,111 INFO Relation normalization request ended observation=4188 seconds=52.828
2026-10-02 08:02:06,289 INFO Relation normalization request ended observation=4186 seconds=145.010
2026-10-02 08:23:37,124 INFO Relation normalization batch size=6 workers=6
2026-10-02 08:23:37,125 INFO Relation normalization request started observation=4189
2026-10-02 08:23:37,125 INFO Relation normalization request started observation=4190
2026-10-02 08:23:37,127 INFO Relation normalization request started observation=4191
2026-10-02 08:23:37,129 INFO Relation normalization request started observation=4192
2026-10-02 08:23:37,129 INFO Relation normalization request started observation=4193
2026-10-02 08:23:37,134 INFO Relation normalization request started observation=4194
2026-10-02 08:23:52,235 INFO Relation normalization request ended observation=4193 seconds=15.106
2026-10-02 08:23:57,859 INFO Relation normalization request ended observation=4190 seconds=20.735
2026-10-02 08:23:59,061 INFO Relation normalization request ended observation=4192 seconds=21.932
2026-10-02 08:24:05,824 INFO Relation normalization request ended observation=4189 seconds=28.700
2026-10-02 08:24:06,925 INFO Relation normalization request ended observation=4191 seconds=29.798
2026-10-02 08:24:21,287 INFO Relation normalization request ended observation=4194 seconds=44.153
2026-10-02 08:37:59,263 INFO Relation normalization batch size=2 workers=6
2026-10-02 08:37:59,264 INFO Relation normalization request started observation=4195
2026-10-02 08:37:59,264 INFO Relation normalization request started observation=4196
2026-10-02 08:38:12,560 INFO Relation normalization request ended observation=4195 seconds=13.296
2026-10-02 08:39:44,749 INFO Relation normalization request ended observation=4196 seconds=105.486
2026-10-02 08:54:25,251 INFO Relation normalization batch size=2 workers=6
2026-10-02 08:54:25,252 INFO Relation normalization request started observation=4197
2026-10-02 08:54:25,252 INFO Relation normalization request started observation=4198
2026-10-02 08:54:52,873 INFO Relation normalization request ended observation=4198 seconds=27.621
2026-10-02 08:55:15,799 INFO Relation normalization request ended observation=4197 seconds=50.547
2026-10-02 09:31:18,084 INFO Pipeline pass 3/3
